scenario_name	cohort	n_cohort	n_total	group	power	scenario_set
ARREST_shrunk	ARREST	758	100	A	0.010000000000000009	supp
ARREST_shrunk	ARREST	758	200	A	0.010000000000000009	supp
ARREST_shrunk	ARREST	758	300	A	0.010000000000000009	supp
ARREST_shrunk	ARREST	758	400	A	0.010000000000000009	supp
ARREST_shrunk	ARREST	758	500	A	0.010000000000000009	supp
ARREST_shrunk	ARREST	758	600	A	0.010000000000000009	supp
ARREST_shrunk	ARREST	758	700	A	0.010000000000000009	supp
ARREST_shrunk	ARREST	758	800	A	0.010000000000000009	supp
ARREST_shrunk	ARREST	758	900	A	0.010000000000000009	supp
ARREST_shrunk	ARREST	758	1000	A	0.010000000000000009	supp
ARREST_shrunk	ARREST	758	1100	A	0.010000000000000009	supp
ARREST_shrunk	ARREST	758	1200	A	0.010000000000000009	supp
ARREST_shrunk	ARREST	758	1300	A	0.010000000000000009	supp
ARREST_shrunk	ARREST	758	1400	A	0.010000000000000009	supp
ARREST_shrunk	ARREST	758	1500	A	0.010000000000000009	supp
ARREST_shrunk	ARREST	758	1600	A	0.010000000000000009	supp
ARREST_shrunk	ARREST	758	1700	A	0.010000000000000009	supp
ARREST_shrunk	ARREST	758	1800	A	0.010000000000000009	supp
ARREST_shrunk	ARREST	758	1900	A	0.010000000000000009	supp
ARREST_shrunk	ARREST	758	2000	A	0.010000000000000009	supp
ARREST_shrunk	ARREST	758	2100	A	0.010000000000000009	supp
ARREST_shrunk	ARREST	758	2200	A	0.010000000000000009	supp
ARREST_shrunk	ARREST	758	2300	A	0.010000000000000009	supp
ARREST_shrunk	ARREST	758	2400	A	0.010000000000000009	supp
ARREST_shrunk	ARREST	758	2500	A	0.010000000000000009	supp
ARREST_shrunk	ARREST	758	2600	A	0.010000000000000009	supp
ARREST_shrunk	ARREST	758	2700	A	0.010000000000000009	supp
ARREST_shrunk	ARREST	758	2800	A	0.010000000000000009	supp
ARREST_shrunk	ARREST	758	2900	A	0.010000000000000009	supp
ARREST_shrunk	ARREST	758	3000	A	0.010000000000000009	supp
ARREST_shrunk	ARREST	758	3100	A	0.010000000000000009	supp
ARREST_shrunk	ARREST	758	3200	A	0.010000000000000009	supp
ARREST_shrunk	ARREST	758	3300	A	0.010000000000000009	supp
ARREST_shrunk	ARREST	758	3400	A	0.010000000000000009	supp
ARREST_shrunk	ARREST	758	3500	A	0.010000000000000009	supp
ARREST_shrunk	ARREST	758	3600	A	0.010000000000000009	supp
ARREST_shrunk	ARREST	758	3700	A	0.010000000000000009	supp
ARREST_shrunk	ARREST	758	3800	A	0.010000000000000009	supp
ARREST_shrunk	ARREST	758	3900	A	0.010000000000000009	supp
ARREST_shrunk	ARREST	758	4000	A	0.010000000000000009	supp
ARREST_shrunk	ARREST	758	4100	A	0.010000000000000009	supp
ARREST_shrunk	ARREST	758	4200	A	0.010000000000000009	supp
ARREST_shrunk	ARREST	758	4300	A	0.010000000000000009	supp
ARREST_shrunk	ARREST	758	4400	A	0.010000000000000009	supp
ARREST_shrunk	ARREST	758	4500	A	0.010000000000000009	supp
ARREST_shrunk	ARREST	758	4600	A	0.010000000000000009	supp
ARREST_shrunk	ARREST	758	4700	A	0.010000000000000009	supp
ARREST_shrunk	ARREST	758	4800	A	0.010000000000000009	supp
ARREST_shrunk	ARREST	758	4900	A	0.010000000000000009	supp
ARREST_shrunk	ARREST	758	5000	A	0.010000000000000009	supp
ARREST_shrunk	ARREST	758	5100	A	0.010000000000000009	supp
ARREST_shrunk	ARREST	758	5200	A	0.010000000000000009	supp
ARREST_shrunk	ARREST	758	5300	A	0.010000000000000009	supp
ARREST_shrunk	ARREST	758	5400	A	0.010000000000000009	supp
ARREST_shrunk	ARREST	758	5500	A	0.010000000000000009	supp
ARREST_shrunk	ARREST	758	5600	A	0.010000000000000009	supp
ARREST_shrunk	ARREST	758	5700	A	0.010000000000000009	supp
ARREST_shrunk	ARREST	758	5800	A	0.010000000000000009	supp
ARREST_shrunk	ARREST	758	5900	A	0.010000000000000009	supp
ARREST_shrunk	ARREST	758	6000	A	0.010000000000000009	supp
ARREST_shrunk	ARREST	758	6100	A	0.010000000000000009	supp
ARREST_shrunk	ARREST	758	6200	A	0.010000000000000009	supp
ARREST_shrunk	ARREST	758	6300	A	0.010000000000000009	supp
ARREST_shrunk	ARREST	758	6400	A	0.010000000000000009	supp
ARREST_shrunk	ARREST	758	6500	A	0.010000000000000009	supp
ARREST_shrunk	ARREST	758	6600	A	0.010000000000000009	supp
ARREST_shrunk	ARREST	758	6700	A	0.010000000000000009	supp
ARREST_shrunk	ARREST	758	6800	A	0.010000000000000009	supp
ARREST_shrunk	ARREST	758	6900	A	0.010000000000000009	supp
ARREST_shrunk	ARREST	758	7000	A	0.010000000000000009	supp
ARREST_shrunk	ARREST	758	7100	A	0.010000000000000009	supp
ARREST_shrunk	ARREST	758	7200	A	0.010000000000000009	supp
ARREST_shrunk	ARREST	758	7300	A	0.010000000000000009	supp
ARREST_shrunk	ARREST	758	7400	A	0.010000000000000009	supp
ARREST_shrunk	ARREST	758	7500	A	0.010000000000000009	supp
ARREST_shrunk	ARREST	758	7600	A	0.010000000000000009	supp
ARREST_shrunk	ARREST	758	7700	A	0.010000000000000009	supp
ARREST_shrunk	ARREST	758	7800	A	0.010000000000000009	supp
ARREST_shrunk	ARREST	758	7900	A	0.010000000000000009	supp
ARREST_shrunk	ARREST	758	8000	A	0.010000000000000009	supp
ARREST_shrunk	ARREST	758	8100	A	0.010000000000000009	supp
ARREST_shrunk	ARREST	758	8200	A	0.010000000000000009	supp
ARREST_shrunk	ARREST	758	8300	A	0.010000000000000009	supp
ARREST_shrunk	ARREST	758	8400	A	0.010000000000000009	supp
ARREST_shrunk	ARREST	758	8500	A	0.010000000000000009	supp
ARREST_shrunk	ARREST	758	8600	A	0.010000000000000009	supp
ARREST_shrunk	ARREST	758	8700	A	0.010000000000000009	supp
ARREST_shrunk	ARREST	758	8800	A	0.010000000000000009	supp
ARREST_shrunk	ARREST	758	8900	A	0.010000000000000009	supp
ARREST_shrunk	ARREST	758	9000	A	0.010000000000000009	supp
ARREST_shrunk	ARREST	758	9100	A	0.010000000000000009	supp
ARREST_shrunk	ARREST	758	9200	A	0.010000000000000009	supp
ARREST_shrunk	ARREST	758	9300	A	0.010000000000000009	supp
ARREST_shrunk	ARREST	758	9400	A	0.010000000000000009	supp
ARREST_shrunk	ARREST	758	9500	A	0.010000000000000009	supp
ARREST_shrunk	ARREST	758	9600	A	0.010000000000000009	supp
ARREST_shrunk	ARREST	758	9700	A	0.010000000000000009	supp
ARREST_shrunk	ARREST	758	9800	A	0.010000000000000009	supp
ARREST_shrunk	ARREST	758	9900	A	0.010000000000000009	supp
ARREST_shrunk	ARREST	758	10000	A	0.010000000000000009	supp
ARREST_shrunk	ARREST	758	10100	A	0.010000000000000009	supp
ARREST_shrunk	ARREST	758	10200	A	0.010000000000000009	supp
ARREST_shrunk	ARREST	758	10300	A	0.010000000000000009	supp
ARREST_shrunk	ARREST	758	10400	A	0.010000000000000009	supp
ARREST_shrunk	ARREST	758	10500	A	0.010000000000000009	supp
ARREST_shrunk	ARREST	758	10600	A	0.010000000000000009	supp
ARREST_shrunk	ARREST	758	10700	A	0.010000000000000009	supp
ARREST_shrunk	ARREST	758	10800	A	0.010000000000000009	supp
ARREST_shrunk	ARREST	758	10900	A	0.010000000000000009	supp
ARREST_shrunk	ARREST	758	11000	A	0.010000000000000009	supp
ARREST_shrunk	ARREST	758	11100	A	0.010000000000000009	supp
ARREST_shrunk	ARREST	758	11200	A	0.010000000000000009	supp
ARREST_shrunk	ARREST	758	11300	A	0.010000000000000009	supp
ARREST_shrunk	ARREST	758	11400	A	0.010000000000000009	supp
ARREST_shrunk	ARREST	758	11500	A	0.010000000000000009	supp
ARREST_shrunk	ARREST	758	11600	A	0.010000000000000009	supp
ARREST_shrunk	ARREST	758	11700	A	0.010000000000000009	supp
ARREST_shrunk	ARREST	758	11800	A	0.010000000000000009	supp
ARREST_shrunk	ARREST	758	11900	A	0.010000000000000009	supp
ARREST_shrunk	ARREST	758	12000	A	0.010000000000000009	supp
ARREST_shrunk	ARREST	758	12100	A	0.010000000000000009	supp
ARREST_shrunk	ARREST	758	12200	A	0.010000000000000009	supp
ARREST_shrunk	ARREST	758	12300	A	0.010000000000000009	supp
ARREST_shrunk	ARREST	758	12400	A	0.010000000000000009	supp
ARREST_shrunk	ARREST	758	12500	A	0.010000000000000009	supp
ARREST_shrunk	ARREST	758	12600	A	0.010000000000000009	supp
ARREST_shrunk	ARREST	758	12700	A	0.010000000000000009	supp
ARREST_shrunk	ARREST	758	12800	A	0.010000000000000009	supp
ARREST_shrunk	ARREST	758	12900	A	0.010000000000000009	supp
ARREST_shrunk	ARREST	758	13000	A	0.010000000000000009	supp
ARREST_shrunk	ARREST	758	13100	A	0.010000000000000009	supp
ARREST_shrunk	ARREST	758	13200	A	0.010000000000000009	supp
ARREST_shrunk	ARREST	758	13300	A	0.010000000000000009	supp
ARREST_shrunk	ARREST	758	13400	A	0.010000000000000009	supp
ARREST_shrunk	ARREST	758	13500	A	0.010000000000000009	supp
ARREST_shrunk	ARREST	758	13600	A	0.010000000000000009	supp
ARREST_shrunk	ARREST	758	13700	A	0.010000000000000009	supp
ARREST_shrunk	ARREST	758	13800	A	0.010000000000000009	supp
ARREST_shrunk	ARREST	758	13900	A	0.010000000000000009	supp
ARREST_shrunk	ARREST	758	14000	A	0.010000000000000009	supp
ARREST_shrunk	ARREST	758	14100	A	0.010000000000000009	supp
ARREST_shrunk	ARREST	758	14200	A	0.010000000000000009	supp
ARREST_shrunk	ARREST	758	14300	A	0.010000000000000009	supp
ARREST_shrunk	ARREST	758	14400	A	0.010000000000000009	supp
ARREST_shrunk	ARREST	758	14500	A	0.010000000000000009	supp
ARREST_shrunk	ARREST	758	14600	A	0.010000000000000009	supp
ARREST_shrunk	ARREST	758	14700	A	0.010000000000000009	supp
ARREST_shrunk	ARREST	758	14800	A	0.010000000000000009	supp
ARREST_shrunk	ARREST	758	14900	A	0.010000000000000009	supp
ARREST_shrunk	ARREST	758	15000	A	0.010000000000000009	supp
ARREST_shrunk	ARREST	758	15100	A	0.010000000000000009	supp
ARREST_shrunk	ARREST	758	15200	A	0.010000000000000009	supp
ARREST_shrunk	ARREST	758	15300	A	0.010000000000000009	supp
ARREST_shrunk	ARREST	758	15400	A	0.010000000000000009	supp
ARREST_shrunk	ARREST	758	15500	A	0.010000000000000009	supp
ARREST_shrunk	ARREST	758	15600	A	0.010000000000000009	supp
ARREST_shrunk	ARREST	758	15700	A	0.010000000000000009	supp
ARREST_shrunk	ARREST	758	15800	A	0.010000000000000009	supp
ARREST_shrunk	ARREST	758	15900	A	0.010000000000000009	supp
ARREST_shrunk	ARREST	758	16000	A	0.010000000000000009	supp
ARREST_shrunk	ARREST	758	16100	A	0.010000000000000009	supp
ARREST_shrunk	ARREST	758	16200	A	0.010000000000000009	supp
ARREST_shrunk	ARREST	758	16300	A	0.010000000000000009	supp
ARREST_shrunk	ARREST	758	16400	A	0.010000000000000009	supp
ARREST_shrunk	ARREST	758	16500	A	0.010000000000000009	supp
ARREST_shrunk	ARREST	758	16600	A	0.010000000000000009	supp
ARREST_shrunk	ARREST	758	16700	A	0.010000000000000009	supp
ARREST_shrunk	ARREST	758	16800	A	0.010000000000000009	supp
ARREST_shrunk	ARREST	758	16900	A	0.010000000000000009	supp
ARREST_shrunk	ARREST	758	17000	A	0.010000000000000009	supp
ARREST_shrunk	ARREST	758	17100	A	0.010000000000000009	supp
ARREST_shrunk	ARREST	758	17200	A	0.010000000000000009	supp
ARREST_shrunk	ARREST	758	17300	A	0.010000000000000009	supp
ARREST_shrunk	ARREST	758	17400	A	0.010000000000000009	supp
ARREST_shrunk	ARREST	758	17500	A	0.010000000000000009	supp
ARREST_shrunk	ARREST	758	17600	A	0.010000000000000009	supp
ARREST_shrunk	ARREST	758	17700	A	0.010000000000000009	supp
ARREST_shrunk	ARREST	758	17800	A	0.010000000000000009	supp
ARREST_shrunk	ARREST	758	17900	A	0.010000000000000009	supp
ARREST_shrunk	ARREST	758	18000	A	0.010000000000000009	supp
ARREST_shrunk	ARREST	758	18100	A	0.010000000000000009	supp
ARREST_shrunk	ARREST	758	18200	A	0.010000000000000009	supp
ARREST_shrunk	ARREST	758	18300	A	0.010000000000000009	supp
ARREST_shrunk	ARREST	758	18400	A	0.010000000000000009	supp
ARREST_shrunk	ARREST	758	18500	A	0.010000000000000009	supp
ARREST_shrunk	ARREST	758	18600	A	0.010000000000000009	supp
ARREST_shrunk	ARREST	758	18700	A	0.010000000000000009	supp
ARREST_shrunk	ARREST	758	18800	A	0.010000000000000009	supp
ARREST_shrunk	ARREST	758	18900	A	0.010000000000000009	supp
ARREST_shrunk	ARREST	758	19000	A	0.010000000000000009	supp
ARREST_shrunk	ARREST	758	19100	A	0.010000000000000009	supp
ARREST_shrunk	ARREST	758	19200	A	0.010000000000000009	supp
ARREST_shrunk	ARREST	758	19300	A	0.010000000000000009	supp
ARREST_shrunk	ARREST	758	19400	A	0.010000000000000009	supp
ARREST_shrunk	ARREST	758	19500	A	0.010000000000000009	supp
ARREST_shrunk	ARREST	758	19600	A	0.010000000000000009	supp
ARREST_shrunk	ARREST	758	19700	A	0.010000000000000009	supp
ARREST_shrunk	ARREST	758	19800	A	0.010000000000000009	supp
ARREST_shrunk	ARREST	758	19900	A	0.010000000000000009	supp
ARREST_shrunk	ARREST	758	20000	A	0.010000000000000009	supp
ARREST_shrunk	Edinburgh	458	100	A	0.010000000000000009	supp
ARREST_shrunk	Edinburgh	458	200	A	0.010000000000000009	supp
ARREST_shrunk	Edinburgh	458	300	A	0.010000000000000009	supp
ARREST_shrunk	Edinburgh	458	400	A	0.010000000000000009	supp
ARREST_shrunk	Edinburgh	458	500	A	0.010000000000000009	supp
ARREST_shrunk	Edinburgh	458	600	A	0.010000000000000009	supp
ARREST_shrunk	Edinburgh	458	700	A	0.010000000000000009	supp
ARREST_shrunk	Edinburgh	458	800	A	0.010000000000000009	supp
ARREST_shrunk	Edinburgh	458	900	A	0.010000000000000009	supp
ARREST_shrunk	Edinburgh	458	1000	A	0.010000000000000009	supp
ARREST_shrunk	Edinburgh	458	1100	A	0.010000000000000009	supp
ARREST_shrunk	Edinburgh	458	1200	A	0.010000000000000009	supp
ARREST_shrunk	Edinburgh	458	1300	A	0.010000000000000009	supp
ARREST_shrunk	Edinburgh	458	1400	A	0.010000000000000009	supp
ARREST_shrunk	Edinburgh	458	1500	A	0.010000000000000009	supp
ARREST_shrunk	Edinburgh	458	1600	A	0.010000000000000009	supp
ARREST_shrunk	Edinburgh	458	1700	A	0.010000000000000009	supp
ARREST_shrunk	Edinburgh	458	1800	A	0.010000000000000009	supp
ARREST_shrunk	Edinburgh	458	1900	A	0.010000000000000009	supp
ARREST_shrunk	Edinburgh	458	2000	A	0.010000000000000009	supp
ARREST_shrunk	Edinburgh	458	2100	A	0.010000000000000009	supp
ARREST_shrunk	Edinburgh	458	2200	A	0.010000000000000009	supp
ARREST_shrunk	Edinburgh	458	2300	A	0.010000000000000009	supp
ARREST_shrunk	Edinburgh	458	2400	A	0.010000000000000009	supp
ARREST_shrunk	Edinburgh	458	2500	A	0.010000000000000009	supp
ARREST_shrunk	Edinburgh	458	2600	A	0.010000000000000009	supp
ARREST_shrunk	Edinburgh	458	2700	A	0.010000000000000009	supp
ARREST_shrunk	Edinburgh	458	2800	A	0.010000000000000009	supp
ARREST_shrunk	Edinburgh	458	2900	A	0.010000000000000009	supp
ARREST_shrunk	Edinburgh	458	3000	A	0.010000000000000009	supp
ARREST_shrunk	Edinburgh	458	3100	A	0.010000000000000009	supp
ARREST_shrunk	Edinburgh	458	3200	A	0.010000000000000009	supp
ARREST_shrunk	Edinburgh	458	3300	A	0.010000000000000009	supp
ARREST_shrunk	Edinburgh	458	3400	A	0.010000000000000009	supp
ARREST_shrunk	Edinburgh	458	3500	A	0.010000000000000009	supp
ARREST_shrunk	Edinburgh	458	3600	A	0.010000000000000009	supp
ARREST_shrunk	Edinburgh	458	3700	A	0.010000000000000009	supp
ARREST_shrunk	Edinburgh	458	3800	A	0.010000000000000009	supp
ARREST_shrunk	Edinburgh	458	3900	A	0.010000000000000009	supp
ARREST_shrunk	Edinburgh	458	4000	A	0.010000000000000009	supp
ARREST_shrunk	Edinburgh	458	4100	A	0.010000000000000009	supp
ARREST_shrunk	Edinburgh	458	4200	A	0.010000000000000009	supp
ARREST_shrunk	Edinburgh	458	4300	A	0.010000000000000009	supp
ARREST_shrunk	Edinburgh	458	4400	A	0.010000000000000009	supp
ARREST_shrunk	Edinburgh	458	4500	A	0.010000000000000009	supp
ARREST_shrunk	Edinburgh	458	4600	A	0.010000000000000009	supp
ARREST_shrunk	Edinburgh	458	4700	A	0.010000000000000009	supp
ARREST_shrunk	Edinburgh	458	4800	A	0.010000000000000009	supp
ARREST_shrunk	Edinburgh	458	4900	A	0.010000000000000009	supp
ARREST_shrunk	Edinburgh	458	5000	A	0.010000000000000009	supp
ARREST_shrunk	Edinburgh	458	5100	A	0.010000000000000009	supp
ARREST_shrunk	Edinburgh	458	5200	A	0.010000000000000009	supp
ARREST_shrunk	Edinburgh	458	5300	A	0.010000000000000009	supp
ARREST_shrunk	Edinburgh	458	5400	A	0.010000000000000009	supp
ARREST_shrunk	Edinburgh	458	5500	A	0.010000000000000009	supp
ARREST_shrunk	Edinburgh	458	5600	A	0.010000000000000009	supp
ARREST_shrunk	Edinburgh	458	5700	A	0.010000000000000009	supp
ARREST_shrunk	Edinburgh	458	5800	A	0.010000000000000009	supp
ARREST_shrunk	Edinburgh	458	5900	A	0.010000000000000009	supp
ARREST_shrunk	Edinburgh	458	6000	A	0.010000000000000009	supp
ARREST_shrunk	Edinburgh	458	6100	A	0.010000000000000009	supp
ARREST_shrunk	Edinburgh	458	6200	A	0.010000000000000009	supp
ARREST_shrunk	Edinburgh	458	6300	A	0.010000000000000009	supp
ARREST_shrunk	Edinburgh	458	6400	A	0.010000000000000009	supp
ARREST_shrunk	Edinburgh	458	6500	A	0.010000000000000009	supp
ARREST_shrunk	Edinburgh	458	6600	A	0.010000000000000009	supp
ARREST_shrunk	Edinburgh	458	6700	A	0.010000000000000009	supp
ARREST_shrunk	Edinburgh	458	6800	A	0.010000000000000009	supp
ARREST_shrunk	Edinburgh	458	6900	A	0.010000000000000009	supp
ARREST_shrunk	Edinburgh	458	7000	A	0.010000000000000009	supp
ARREST_shrunk	Edinburgh	458	7100	A	0.010000000000000009	supp
ARREST_shrunk	Edinburgh	458	7200	A	0.010000000000000009	supp
ARREST_shrunk	Edinburgh	458	7300	A	0.010000000000000009	supp
ARREST_shrunk	Edinburgh	458	7400	A	0.010000000000000009	supp
ARREST_shrunk	Edinburgh	458	7500	A	0.010000000000000009	supp
ARREST_shrunk	Edinburgh	458	7600	A	0.010000000000000009	supp
ARREST_shrunk	Edinburgh	458	7700	A	0.010000000000000009	supp
ARREST_shrunk	Edinburgh	458	7800	A	0.010000000000000009	supp
ARREST_shrunk	Edinburgh	458	7900	A	0.010000000000000009	supp
ARREST_shrunk	Edinburgh	458	8000	A	0.010000000000000009	supp
ARREST_shrunk	Edinburgh	458	8100	A	0.010000000000000009	supp
ARREST_shrunk	Edinburgh	458	8200	A	0.010000000000000009	supp
ARREST_shrunk	Edinburgh	458	8300	A	0.010000000000000009	supp
ARREST_shrunk	Edinburgh	458	8400	A	0.010000000000000009	supp
ARREST_shrunk	Edinburgh	458	8500	A	0.010000000000000009	supp
ARREST_shrunk	Edinburgh	458	8600	A	0.010000000000000009	supp
ARREST_shrunk	Edinburgh	458	8700	A	0.010000000000000009	supp
ARREST_shrunk	Edinburgh	458	8800	A	0.010000000000000009	supp
ARREST_shrunk	Edinburgh	458	8900	A	0.010000000000000009	supp
ARREST_shrunk	Edinburgh	458	9000	A	0.010000000000000009	supp
ARREST_shrunk	Edinburgh	458	9100	A	0.010000000000000009	supp
ARREST_shrunk	Edinburgh	458	9200	A	0.010000000000000009	supp
ARREST_shrunk	Edinburgh	458	9300	A	0.010000000000000009	supp
ARREST_shrunk	Edinburgh	458	9400	A	0.010000000000000009	supp
ARREST_shrunk	Edinburgh	458	9500	A	0.010000000000000009	supp
ARREST_shrunk	Edinburgh	458	9600	A	0.010000000000000009	supp
ARREST_shrunk	Edinburgh	458	9700	A	0.010000000000000009	supp
ARREST_shrunk	Edinburgh	458	9800	A	0.010000000000000009	supp
ARREST_shrunk	Edinburgh	458	9900	A	0.010000000000000009	supp
ARREST_shrunk	Edinburgh	458	10000	A	0.010000000000000009	supp
ARREST_shrunk	Edinburgh	458	10100	A	0.010000000000000009	supp
ARREST_shrunk	Edinburgh	458	10200	A	0.010000000000000009	supp
ARREST_shrunk	Edinburgh	458	10300	A	0.010000000000000009	supp
ARREST_shrunk	Edinburgh	458	10400	A	0.010000000000000009	supp
ARREST_shrunk	Edinburgh	458	10500	A	0.010000000000000009	supp
ARREST_shrunk	Edinburgh	458	10600	A	0.010000000000000009	supp
ARREST_shrunk	Edinburgh	458	10700	A	0.010000000000000009	supp
ARREST_shrunk	Edinburgh	458	10800	A	0.010000000000000009	supp
ARREST_shrunk	Edinburgh	458	10900	A	0.010000000000000009	supp
ARREST_shrunk	Edinburgh	458	11000	A	0.010000000000000009	supp
ARREST_shrunk	Edinburgh	458	11100	A	0.010000000000000009	supp
ARREST_shrunk	Edinburgh	458	11200	A	0.010000000000000009	supp
ARREST_shrunk	Edinburgh	458	11300	A	0.010000000000000009	supp
ARREST_shrunk	Edinburgh	458	11400	A	0.010000000000000009	supp
ARREST_shrunk	Edinburgh	458	11500	A	0.010000000000000009	supp
ARREST_shrunk	Edinburgh	458	11600	A	0.010000000000000009	supp
ARREST_shrunk	Edinburgh	458	11700	A	0.010000000000000009	supp
ARREST_shrunk	Edinburgh	458	11800	A	0.010000000000000009	supp
ARREST_shrunk	Edinburgh	458	11900	A	0.010000000000000009	supp
ARREST_shrunk	Edinburgh	458	12000	A	0.010000000000000009	supp
ARREST_shrunk	Edinburgh	458	12100	A	0.010000000000000009	supp
ARREST_shrunk	Edinburgh	458	12200	A	0.010000000000000009	supp
ARREST_shrunk	Edinburgh	458	12300	A	0.010000000000000009	supp
ARREST_shrunk	Edinburgh	458	12400	A	0.010000000000000009	supp
ARREST_shrunk	Edinburgh	458	12500	A	0.010000000000000009	supp
ARREST_shrunk	Edinburgh	458	12600	A	0.010000000000000009	supp
ARREST_shrunk	Edinburgh	458	12700	A	0.010000000000000009	supp
ARREST_shrunk	Edinburgh	458	12800	A	0.010000000000000009	supp
ARREST_shrunk	Edinburgh	458	12900	A	0.010000000000000009	supp
ARREST_shrunk	Edinburgh	458	13000	A	0.010000000000000009	supp
ARREST_shrunk	Edinburgh	458	13100	A	0.010000000000000009	supp
ARREST_shrunk	Edinburgh	458	13200	A	0.010000000000000009	supp
ARREST_shrunk	Edinburgh	458	13300	A	0.010000000000000009	supp
ARREST_shrunk	Edinburgh	458	13400	A	0.010000000000000009	supp
ARREST_shrunk	Edinburgh	458	13500	A	0.010000000000000009	supp
ARREST_shrunk	Edinburgh	458	13600	A	0.010000000000000009	supp
ARREST_shrunk	Edinburgh	458	13700	A	0.010000000000000009	supp
ARREST_shrunk	Edinburgh	458	13800	A	0.010000000000000009	supp
ARREST_shrunk	Edinburgh	458	13900	A	0.010000000000000009	supp
ARREST_shrunk	Edinburgh	458	14000	A	0.010000000000000009	supp
ARREST_shrunk	Edinburgh	458	14100	A	0.010000000000000009	supp
ARREST_shrunk	Edinburgh	458	14200	A	0.010000000000000009	supp
ARREST_shrunk	Edinburgh	458	14300	A	0.010000000000000009	supp
ARREST_shrunk	Edinburgh	458	14400	A	0.010000000000000009	supp
ARREST_shrunk	Edinburgh	458	14500	A	0.010000000000000009	supp
ARREST_shrunk	Edinburgh	458	14600	A	0.010000000000000009	supp
ARREST_shrunk	Edinburgh	458	14700	A	0.010000000000000009	supp
ARREST_shrunk	Edinburgh	458	14800	A	0.010000000000000009	supp
ARREST_shrunk	Edinburgh	458	14900	A	0.010000000000000009	supp
ARREST_shrunk	Edinburgh	458	15000	A	0.010000000000000009	supp
ARREST_shrunk	Edinburgh	458	15100	A	0.010000000000000009	supp
ARREST_shrunk	Edinburgh	458	15200	A	0.010000000000000009	supp
ARREST_shrunk	Edinburgh	458	15300	A	0.010000000000000009	supp
ARREST_shrunk	Edinburgh	458	15400	A	0.010000000000000009	supp
ARREST_shrunk	Edinburgh	458	15500	A	0.010000000000000009	supp
ARREST_shrunk	Edinburgh	458	15600	A	0.010000000000000009	supp
ARREST_shrunk	Edinburgh	458	15700	A	0.010000000000000009	supp
ARREST_shrunk	Edinburgh	458	15800	A	0.010000000000000009	supp
ARREST_shrunk	Edinburgh	458	15900	A	0.010000000000000009	supp
ARREST_shrunk	Edinburgh	458	16000	A	0.010000000000000009	supp
ARREST_shrunk	Edinburgh	458	16100	A	0.010000000000000009	supp
ARREST_shrunk	Edinburgh	458	16200	A	0.010000000000000009	supp
ARREST_shrunk	Edinburgh	458	16300	A	0.010000000000000009	supp
ARREST_shrunk	Edinburgh	458	16400	A	0.010000000000000009	supp
ARREST_shrunk	Edinburgh	458	16500	A	0.010000000000000009	supp
ARREST_shrunk	Edinburgh	458	16600	A	0.010000000000000009	supp
ARREST_shrunk	Edinburgh	458	16700	A	0.010000000000000009	supp
ARREST_shrunk	Edinburgh	458	16800	A	0.010000000000000009	supp
ARREST_shrunk	Edinburgh	458	16900	A	0.010000000000000009	supp
ARREST_shrunk	Edinburgh	458	17000	A	0.010000000000000009	supp
ARREST_shrunk	Edinburgh	458	17100	A	0.010000000000000009	supp
ARREST_shrunk	Edinburgh	458	17200	A	0.010000000000000009	supp
ARREST_shrunk	Edinburgh	458	17300	A	0.010000000000000009	supp
ARREST_shrunk	Edinburgh	458	17400	A	0.010000000000000009	supp
ARREST_shrunk	Edinburgh	458	17500	A	0.010000000000000009	supp
ARREST_shrunk	Edinburgh	458	17600	A	0.010000000000000009	supp
ARREST_shrunk	Edinburgh	458	17700	A	0.010000000000000009	supp
ARREST_shrunk	Edinburgh	458	17800	A	0.010000000000000009	supp
ARREST_shrunk	Edinburgh	458	17900	A	0.010000000000000009	supp
ARREST_shrunk	Edinburgh	458	18000	A	0.010000000000000009	supp
ARREST_shrunk	Edinburgh	458	18100	A	0.010000000000000009	supp
ARREST_shrunk	Edinburgh	458	18200	A	0.010000000000000009	supp
ARREST_shrunk	Edinburgh	458	18300	A	0.010000000000000009	supp
ARREST_shrunk	Edinburgh	458	18400	A	0.010000000000000009	supp
ARREST_shrunk	Edinburgh	458	18500	A	0.010000000000000009	supp
ARREST_shrunk	Edinburgh	458	18600	A	0.010000000000000009	supp
ARREST_shrunk	Edinburgh	458	18700	A	0.010000000000000009	supp
ARREST_shrunk	Edinburgh	458	18800	A	0.010000000000000009	supp
ARREST_shrunk	Edinburgh	458	18900	A	0.010000000000000009	supp
ARREST_shrunk	Edinburgh	458	19000	A	0.010000000000000009	supp
ARREST_shrunk	Edinburgh	458	19100	A	0.010000000000000009	supp
ARREST_shrunk	Edinburgh	458	19200	A	0.010000000000000009	supp
ARREST_shrunk	Edinburgh	458	19300	A	0.010000000000000009	supp
ARREST_shrunk	Edinburgh	458	19400	A	0.010000000000000009	supp
ARREST_shrunk	Edinburgh	458	19500	A	0.010000000000000009	supp
ARREST_shrunk	Edinburgh	458	19600	A	0.010000000000000009	supp
ARREST_shrunk	Edinburgh	458	19700	A	0.010000000000000009	supp
ARREST_shrunk	Edinburgh	458	19800	A	0.010000000000000009	supp
ARREST_shrunk	Edinburgh	458	19900	A	0.010000000000000009	supp
ARREST_shrunk	Edinburgh	458	20000	A	0.010000000000000009	supp
ARREST_shrunk	Edinburgh 2	463	100	A	0.010000000000000009	supp
ARREST_shrunk	Edinburgh 2	463	200	A	0.010000000000000009	supp
ARREST_shrunk	Edinburgh 2	463	300	A	0.010000000000000009	supp
ARREST_shrunk	Edinburgh 2	463	400	A	0.010000000000000009	supp
ARREST_shrunk	Edinburgh 2	463	500	A	0.010000000000000009	supp
ARREST_shrunk	Edinburgh 2	463	600	A	0.010000000000000009	supp
ARREST_shrunk	Edinburgh 2	463	700	A	0.010000000000000009	supp
ARREST_shrunk	Edinburgh 2	463	800	A	0.010000000000000009	supp
ARREST_shrunk	Edinburgh 2	463	900	A	0.010000000000000009	supp
ARREST_shrunk	Edinburgh 2	463	1000	A	0.010000000000000009	supp
ARREST_shrunk	Edinburgh 2	463	1100	A	0.010000000000000009	supp
ARREST_shrunk	Edinburgh 2	463	1200	A	0.010000000000000009	supp
ARREST_shrunk	Edinburgh 2	463	1300	A	0.010000000000000009	supp
ARREST_shrunk	Edinburgh 2	463	1400	A	0.010000000000000009	supp
ARREST_shrunk	Edinburgh 2	463	1500	A	0.010000000000000009	supp
ARREST_shrunk	Edinburgh 2	463	1600	A	0.010000000000000009	supp
ARREST_shrunk	Edinburgh 2	463	1700	A	0.010000000000000009	supp
ARREST_shrunk	Edinburgh 2	463	1800	A	0.010000000000000009	supp
ARREST_shrunk	Edinburgh 2	463	1900	A	0.010000000000000009	supp
ARREST_shrunk	Edinburgh 2	463	2000	A	0.010000000000000009	supp
ARREST_shrunk	Edinburgh 2	463	2100	A	0.010000000000000009	supp
ARREST_shrunk	Edinburgh 2	463	2200	A	0.010000000000000009	supp
ARREST_shrunk	Edinburgh 2	463	2300	A	0.010000000000000009	supp
ARREST_shrunk	Edinburgh 2	463	2400	A	0.010000000000000009	supp
ARREST_shrunk	Edinburgh 2	463	2500	A	0.010000000000000009	supp
ARREST_shrunk	Edinburgh 2	463	2600	A	0.010000000000000009	supp
ARREST_shrunk	Edinburgh 2	463	2700	A	0.010000000000000009	supp
ARREST_shrunk	Edinburgh 2	463	2800	A	0.010000000000000009	supp
ARREST_shrunk	Edinburgh 2	463	2900	A	0.010000000000000009	supp
ARREST_shrunk	Edinburgh 2	463	3000	A	0.010000000000000009	supp
ARREST_shrunk	Edinburgh 2	463	3100	A	0.010000000000000009	supp
ARREST_shrunk	Edinburgh 2	463	3200	A	0.010000000000000009	supp
ARREST_shrunk	Edinburgh 2	463	3300	A	0.010000000000000009	supp
ARREST_shrunk	Edinburgh 2	463	3400	A	0.010000000000000009	supp
ARREST_shrunk	Edinburgh 2	463	3500	A	0.010000000000000009	supp
ARREST_shrunk	Edinburgh 2	463	3600	A	0.010000000000000009	supp
ARREST_shrunk	Edinburgh 2	463	3700	A	0.010000000000000009	supp
ARREST_shrunk	Edinburgh 2	463	3800	A	0.010000000000000009	supp
ARREST_shrunk	Edinburgh 2	463	3900	A	0.010000000000000009	supp
ARREST_shrunk	Edinburgh 2	463	4000	A	0.010000000000000009	supp
ARREST_shrunk	Edinburgh 2	463	4100	A	0.010000000000000009	supp
ARREST_shrunk	Edinburgh 2	463	4200	A	0.010000000000000009	supp
ARREST_shrunk	Edinburgh 2	463	4300	A	0.010000000000000009	supp
ARREST_shrunk	Edinburgh 2	463	4400	A	0.010000000000000009	supp
ARREST_shrunk	Edinburgh 2	463	4500	A	0.010000000000000009	supp
ARREST_shrunk	Edinburgh 2	463	4600	A	0.010000000000000009	supp
ARREST_shrunk	Edinburgh 2	463	4700	A	0.010000000000000009	supp
ARREST_shrunk	Edinburgh 2	463	4800	A	0.010000000000000009	supp
ARREST_shrunk	Edinburgh 2	463	4900	A	0.010000000000000009	supp
ARREST_shrunk	Edinburgh 2	463	5000	A	0.010000000000000009	supp
ARREST_shrunk	Edinburgh 2	463	5100	A	0.010000000000000009	supp
ARREST_shrunk	Edinburgh 2	463	5200	A	0.010000000000000009	supp
ARREST_shrunk	Edinburgh 2	463	5300	A	0.010000000000000009	supp
ARREST_shrunk	Edinburgh 2	463	5400	A	0.010000000000000009	supp
ARREST_shrunk	Edinburgh 2	463	5500	A	0.010000000000000009	supp
ARREST_shrunk	Edinburgh 2	463	5600	A	0.010000000000000009	supp
ARREST_shrunk	Edinburgh 2	463	5700	A	0.010000000000000009	supp
ARREST_shrunk	Edinburgh 2	463	5800	A	0.010000000000000009	supp
ARREST_shrunk	Edinburgh 2	463	5900	A	0.010000000000000009	supp
ARREST_shrunk	Edinburgh 2	463	6000	A	0.010000000000000009	supp
ARREST_shrunk	Edinburgh 2	463	6100	A	0.010000000000000009	supp
ARREST_shrunk	Edinburgh 2	463	6200	A	0.010000000000000009	supp
ARREST_shrunk	Edinburgh 2	463	6300	A	0.010000000000000009	supp
ARREST_shrunk	Edinburgh 2	463	6400	A	0.010000000000000009	supp
ARREST_shrunk	Edinburgh 2	463	6500	A	0.010000000000000009	supp
ARREST_shrunk	Edinburgh 2	463	6600	A	0.010000000000000009	supp
ARREST_shrunk	Edinburgh 2	463	6700	A	0.010000000000000009	supp
ARREST_shrunk	Edinburgh 2	463	6800	A	0.010000000000000009	supp
ARREST_shrunk	Edinburgh 2	463	6900	A	0.010000000000000009	supp
ARREST_shrunk	Edinburgh 2	463	7000	A	0.010000000000000009	supp
ARREST_shrunk	Edinburgh 2	463	7100	A	0.010000000000000009	supp
ARREST_shrunk	Edinburgh 2	463	7200	A	0.010000000000000009	supp
ARREST_shrunk	Edinburgh 2	463	7300	A	0.010000000000000009	supp
ARREST_shrunk	Edinburgh 2	463	7400	A	0.010000000000000009	supp
ARREST_shrunk	Edinburgh 2	463	7500	A	0.010000000000000009	supp
ARREST_shrunk	Edinburgh 2	463	7600	A	0.010000000000000009	supp
ARREST_shrunk	Edinburgh 2	463	7700	A	0.010000000000000009	supp
ARREST_shrunk	Edinburgh 2	463	7800	A	0.010000000000000009	supp
ARREST_shrunk	Edinburgh 2	463	7900	A	0.010000000000000009	supp
ARREST_shrunk	Edinburgh 2	463	8000	A	0.010000000000000009	supp
ARREST_shrunk	Edinburgh 2	463	8100	A	0.010000000000000009	supp
ARREST_shrunk	Edinburgh 2	463	8200	A	0.010000000000000009	supp
ARREST_shrunk	Edinburgh 2	463	8300	A	0.010000000000000009	supp
ARREST_shrunk	Edinburgh 2	463	8400	A	0.010000000000000009	supp
ARREST_shrunk	Edinburgh 2	463	8500	A	0.010000000000000009	supp
ARREST_shrunk	Edinburgh 2	463	8600	A	0.010000000000000009	supp
ARREST_shrunk	Edinburgh 2	463	8700	A	0.010000000000000009	supp
ARREST_shrunk	Edinburgh 2	463	8800	A	0.010000000000000009	supp
ARREST_shrunk	Edinburgh 2	463	8900	A	0.010000000000000009	supp
ARREST_shrunk	Edinburgh 2	463	9000	A	0.010000000000000009	supp
ARREST_shrunk	Edinburgh 2	463	9100	A	0.010000000000000009	supp
ARREST_shrunk	Edinburgh 2	463	9200	A	0.010000000000000009	supp
ARREST_shrunk	Edinburgh 2	463	9300	A	0.010000000000000009	supp
ARREST_shrunk	Edinburgh 2	463	9400	A	0.010000000000000009	supp
ARREST_shrunk	Edinburgh 2	463	9500	A	0.010000000000000009	supp
ARREST_shrunk	Edinburgh 2	463	9600	A	0.010000000000000009	supp
ARREST_shrunk	Edinburgh 2	463	9700	A	0.010000000000000009	supp
ARREST_shrunk	Edinburgh 2	463	9800	A	0.010000000000000009	supp
ARREST_shrunk	Edinburgh 2	463	9900	A	0.010000000000000009	supp
ARREST_shrunk	Edinburgh 2	463	10000	A	0.010000000000000009	supp
ARREST_shrunk	Edinburgh 2	463	10100	A	0.010000000000000009	supp
ARREST_shrunk	Edinburgh 2	463	10200	A	0.010000000000000009	supp
ARREST_shrunk	Edinburgh 2	463	10300	A	0.010000000000000009	supp
ARREST_shrunk	Edinburgh 2	463	10400	A	0.010000000000000009	supp
ARREST_shrunk	Edinburgh 2	463	10500	A	0.010000000000000009	supp
ARREST_shrunk	Edinburgh 2	463	10600	A	0.010000000000000009	supp
ARREST_shrunk	Edinburgh 2	463	10700	A	0.010000000000000009	supp
ARREST_shrunk	Edinburgh 2	463	10800	A	0.010000000000000009	supp
ARREST_shrunk	Edinburgh 2	463	10900	A	0.010000000000000009	supp
ARREST_shrunk	Edinburgh 2	463	11000	A	0.010000000000000009	supp
ARREST_shrunk	Edinburgh 2	463	11100	A	0.010000000000000009	supp
ARREST_shrunk	Edinburgh 2	463	11200	A	0.010000000000000009	supp
ARREST_shrunk	Edinburgh 2	463	11300	A	0.010000000000000009	supp
ARREST_shrunk	Edinburgh 2	463	11400	A	0.010000000000000009	supp
ARREST_shrunk	Edinburgh 2	463	11500	A	0.010000000000000009	supp
ARREST_shrunk	Edinburgh 2	463	11600	A	0.010000000000000009	supp
ARREST_shrunk	Edinburgh 2	463	11700	A	0.010000000000000009	supp
ARREST_shrunk	Edinburgh 2	463	11800	A	0.010000000000000009	supp
ARREST_shrunk	Edinburgh 2	463	11900	A	0.010000000000000009	supp
ARREST_shrunk	Edinburgh 2	463	12000	A	0.010000000000000009	supp
ARREST_shrunk	Edinburgh 2	463	12100	A	0.010000000000000009	supp
ARREST_shrunk	Edinburgh 2	463	12200	A	0.010000000000000009	supp
ARREST_shrunk	Edinburgh 2	463	12300	A	0.010000000000000009	supp
ARREST_shrunk	Edinburgh 2	463	12400	A	0.010000000000000009	supp
ARREST_shrunk	Edinburgh 2	463	12500	A	0.010000000000000009	supp
ARREST_shrunk	Edinburgh 2	463	12600	A	0.010000000000000009	supp
ARREST_shrunk	Edinburgh 2	463	12700	A	0.010000000000000009	supp
ARREST_shrunk	Edinburgh 2	463	12800	A	0.010000000000000009	supp
ARREST_shrunk	Edinburgh 2	463	12900	A	0.010000000000000009	supp
ARREST_shrunk	Edinburgh 2	463	13000	A	0.010000000000000009	supp
ARREST_shrunk	Edinburgh 2	463	13100	A	0.010000000000000009	supp
ARREST_shrunk	Edinburgh 2	463	13200	A	0.010000000000000009	supp
ARREST_shrunk	Edinburgh 2	463	13300	A	0.010000000000000009	supp
ARREST_shrunk	Edinburgh 2	463	13400	A	0.010000000000000009	supp
ARREST_shrunk	Edinburgh 2	463	13500	A	0.010000000000000009	supp
ARREST_shrunk	Edinburgh 2	463	13600	A	0.010000000000000009	supp
ARREST_shrunk	Edinburgh 2	463	13700	A	0.010000000000000009	supp
ARREST_shrunk	Edinburgh 2	463	13800	A	0.010000000000000009	supp
ARREST_shrunk	Edinburgh 2	463	13900	A	0.010000000000000009	supp
ARREST_shrunk	Edinburgh 2	463	14000	A	0.010000000000000009	supp
ARREST_shrunk	Edinburgh 2	463	14100	A	0.010000000000000009	supp
ARREST_shrunk	Edinburgh 2	463	14200	A	0.010000000000000009	supp
ARREST_shrunk	Edinburgh 2	463	14300	A	0.010000000000000009	supp
ARREST_shrunk	Edinburgh 2	463	14400	A	0.010000000000000009	supp
ARREST_shrunk	Edinburgh 2	463	14500	A	0.010000000000000009	supp
ARREST_shrunk	Edinburgh 2	463	14600	A	0.010000000000000009	supp
ARREST_shrunk	Edinburgh 2	463	14700	A	0.010000000000000009	supp
ARREST_shrunk	Edinburgh 2	463	14800	A	0.010000000000000009	supp
ARREST_shrunk	Edinburgh 2	463	14900	A	0.010000000000000009	supp
ARREST_shrunk	Edinburgh 2	463	15000	A	0.010000000000000009	supp
ARREST_shrunk	Edinburgh 2	463	15100	A	0.010000000000000009	supp
ARREST_shrunk	Edinburgh 2	463	15200	A	0.010000000000000009	supp
ARREST_shrunk	Edinburgh 2	463	15300	A	0.010000000000000009	supp
ARREST_shrunk	Edinburgh 2	463	15400	A	0.010000000000000009	supp
ARREST_shrunk	Edinburgh 2	463	15500	A	0.010000000000000009	supp
ARREST_shrunk	Edinburgh 2	463	15600	A	0.010000000000000009	supp
ARREST_shrunk	Edinburgh 2	463	15700	A	0.010000000000000009	supp
ARREST_shrunk	Edinburgh 2	463	15800	A	0.010000000000000009	supp
ARREST_shrunk	Edinburgh 2	463	15900	A	0.010000000000000009	supp
ARREST_shrunk	Edinburgh 2	463	16000	A	0.010000000000000009	supp
ARREST_shrunk	Edinburgh 2	463	16100	A	0.010000000000000009	supp
ARREST_shrunk	Edinburgh 2	463	16200	A	0.010000000000000009	supp
ARREST_shrunk	Edinburgh 2	463	16300	A	0.010000000000000009	supp
ARREST_shrunk	Edinburgh 2	463	16400	A	0.010000000000000009	supp
ARREST_shrunk	Edinburgh 2	463	16500	A	0.010000000000000009	supp
ARREST_shrunk	Edinburgh 2	463	16600	A	0.010000000000000009	supp
ARREST_shrunk	Edinburgh 2	463	16700	A	0.010000000000000009	supp
ARREST_shrunk	Edinburgh 2	463	16800	A	0.010000000000000009	supp
ARREST_shrunk	Edinburgh 2	463	16900	A	0.010000000000000009	supp
ARREST_shrunk	Edinburgh 2	463	17000	A	0.010000000000000009	supp
ARREST_shrunk	Edinburgh 2	463	17100	A	0.010000000000000009	supp
ARREST_shrunk	Edinburgh 2	463	17200	A	0.010000000000000009	supp
ARREST_shrunk	Edinburgh 2	463	17300	A	0.010000000000000009	supp
ARREST_shrunk	Edinburgh 2	463	17400	A	0.010000000000000009	supp
ARREST_shrunk	Edinburgh 2	463	17500	A	0.010000000000000009	supp
ARREST_shrunk	Edinburgh 2	463	17600	A	0.010000000000000009	supp
ARREST_shrunk	Edinburgh 2	463	17700	A	0.010000000000000009	supp
ARREST_shrunk	Edinburgh 2	463	17800	A	0.010000000000000009	supp
ARREST_shrunk	Edinburgh 2	463	17900	A	0.010000000000000009	supp
ARREST_shrunk	Edinburgh 2	463	18000	A	0.010000000000000009	supp
ARREST_shrunk	Edinburgh 2	463	18100	A	0.010000000000000009	supp
ARREST_shrunk	Edinburgh 2	463	18200	A	0.010000000000000009	supp
ARREST_shrunk	Edinburgh 2	463	18300	A	0.010000000000000009	supp
ARREST_shrunk	Edinburgh 2	463	18400	A	0.010000000000000009	supp
ARREST_shrunk	Edinburgh 2	463	18500	A	0.010000000000000009	supp
ARREST_shrunk	Edinburgh 2	463	18600	A	0.010000000000000009	supp
ARREST_shrunk	Edinburgh 2	463	18700	A	0.010000000000000009	supp
ARREST_shrunk	Edinburgh 2	463	18800	A	0.010000000000000009	supp
ARREST_shrunk	Edinburgh 2	463	18900	A	0.010000000000000009	supp
ARREST_shrunk	Edinburgh 2	463	19000	A	0.010000000000000009	supp
ARREST_shrunk	Edinburgh 2	463	19100	A	0.010000000000000009	supp
ARREST_shrunk	Edinburgh 2	463	19200	A	0.010000000000000009	supp
ARREST_shrunk	Edinburgh 2	463	19300	A	0.010000000000000009	supp
ARREST_shrunk	Edinburgh 2	463	19400	A	0.010000000000000009	supp
ARREST_shrunk	Edinburgh 2	463	19500	A	0.010000000000000009	supp
ARREST_shrunk	Edinburgh 2	463	19600	A	0.010000000000000009	supp
ARREST_shrunk	Edinburgh 2	463	19700	A	0.010000000000000009	supp
ARREST_shrunk	Edinburgh 2	463	19800	A	0.010000000000000009	supp
ARREST_shrunk	Edinburgh 2	463	19900	A	0.010000000000000009	supp
ARREST_shrunk	Edinburgh 2	463	20000	A	0.010000000000000009	supp
ARREST_shrunk	IDISA	490	100	A	0.010000000000000009	supp
ARREST_shrunk	IDISA	490	200	A	0.010000000000000009	supp
ARREST_shrunk	IDISA	490	300	A	0.010000000000000009	supp
ARREST_shrunk	IDISA	490	400	A	0.010000000000000009	supp
ARREST_shrunk	IDISA	490	500	A	0.010000000000000009	supp
ARREST_shrunk	IDISA	490	600	A	0.010000000000000009	supp
ARREST_shrunk	IDISA	490	700	A	0.010000000000000009	supp
ARREST_shrunk	IDISA	490	800	A	0.010000000000000009	supp
ARREST_shrunk	IDISA	490	900	A	0.010000000000000009	supp
ARREST_shrunk	IDISA	490	1000	A	0.010000000000000009	supp
ARREST_shrunk	IDISA	490	1100	A	0.010000000000000009	supp
ARREST_shrunk	IDISA	490	1200	A	0.010000000000000009	supp
ARREST_shrunk	IDISA	490	1300	A	0.010000000000000009	supp
ARREST_shrunk	IDISA	490	1400	A	0.010000000000000009	supp
ARREST_shrunk	IDISA	490	1500	A	0.010000000000000009	supp
ARREST_shrunk	IDISA	490	1600	A	0.010000000000000009	supp
ARREST_shrunk	IDISA	490	1700	A	0.010000000000000009	supp
ARREST_shrunk	IDISA	490	1800	A	0.010000000000000009	supp
ARREST_shrunk	IDISA	490	1900	A	0.010000000000000009	supp
ARREST_shrunk	IDISA	490	2000	A	0.010000000000000009	supp
ARREST_shrunk	IDISA	490	2100	A	0.010000000000000009	supp
ARREST_shrunk	IDISA	490	2200	A	0.010000000000000009	supp
ARREST_shrunk	IDISA	490	2300	A	0.010000000000000009	supp
ARREST_shrunk	IDISA	490	2400	A	0.010000000000000009	supp
ARREST_shrunk	IDISA	490	2500	A	0.010000000000000009	supp
ARREST_shrunk	IDISA	490	2600	A	0.010000000000000009	supp
ARREST_shrunk	IDISA	490	2700	A	0.010000000000000009	supp
ARREST_shrunk	IDISA	490	2800	A	0.010000000000000009	supp
ARREST_shrunk	IDISA	490	2900	A	0.010000000000000009	supp
ARREST_shrunk	IDISA	490	3000	A	0.010000000000000009	supp
ARREST_shrunk	IDISA	490	3100	A	0.010000000000000009	supp
ARREST_shrunk	IDISA	490	3200	A	0.010000000000000009	supp
ARREST_shrunk	IDISA	490	3300	A	0.010000000000000009	supp
ARREST_shrunk	IDISA	490	3400	A	0.010000000000000009	supp
ARREST_shrunk	IDISA	490	3500	A	0.010000000000000009	supp
ARREST_shrunk	IDISA	490	3600	A	0.010000000000000009	supp
ARREST_shrunk	IDISA	490	3700	A	0.010000000000000009	supp
ARREST_shrunk	IDISA	490	3800	A	0.010000000000000009	supp
ARREST_shrunk	IDISA	490	3900	A	0.010000000000000009	supp
ARREST_shrunk	IDISA	490	4000	A	0.010000000000000009	supp
ARREST_shrunk	IDISA	490	4100	A	0.010000000000000009	supp
ARREST_shrunk	IDISA	490	4200	A	0.010000000000000009	supp
ARREST_shrunk	IDISA	490	4300	A	0.010000000000000009	supp
ARREST_shrunk	IDISA	490	4400	A	0.010000000000000009	supp
ARREST_shrunk	IDISA	490	4500	A	0.010000000000000009	supp
ARREST_shrunk	IDISA	490	4600	A	0.010000000000000009	supp
ARREST_shrunk	IDISA	490	4700	A	0.010000000000000009	supp
ARREST_shrunk	IDISA	490	4800	A	0.010000000000000009	supp
ARREST_shrunk	IDISA	490	4900	A	0.010000000000000009	supp
ARREST_shrunk	IDISA	490	5000	A	0.010000000000000009	supp
ARREST_shrunk	IDISA	490	5100	A	0.010000000000000009	supp
ARREST_shrunk	IDISA	490	5200	A	0.010000000000000009	supp
ARREST_shrunk	IDISA	490	5300	A	0.010000000000000009	supp
ARREST_shrunk	IDISA	490	5400	A	0.010000000000000009	supp
ARREST_shrunk	IDISA	490	5500	A	0.010000000000000009	supp
ARREST_shrunk	IDISA	490	5600	A	0.010000000000000009	supp
ARREST_shrunk	IDISA	490	5700	A	0.010000000000000009	supp
ARREST_shrunk	IDISA	490	5800	A	0.010000000000000009	supp
ARREST_shrunk	IDISA	490	5900	A	0.010000000000000009	supp
ARREST_shrunk	IDISA	490	6000	A	0.010000000000000009	supp
ARREST_shrunk	IDISA	490	6100	A	0.010000000000000009	supp
ARREST_shrunk	IDISA	490	6200	A	0.010000000000000009	supp
ARREST_shrunk	IDISA	490	6300	A	0.010000000000000009	supp
ARREST_shrunk	IDISA	490	6400	A	0.010000000000000009	supp
ARREST_shrunk	IDISA	490	6500	A	0.010000000000000009	supp
ARREST_shrunk	IDISA	490	6600	A	0.010000000000000009	supp
ARREST_shrunk	IDISA	490	6700	A	0.010000000000000009	supp
ARREST_shrunk	IDISA	490	6800	A	0.010000000000000009	supp
ARREST_shrunk	IDISA	490	6900	A	0.010000000000000009	supp
ARREST_shrunk	IDISA	490	7000	A	0.010000000000000009	supp
ARREST_shrunk	IDISA	490	7100	A	0.010000000000000009	supp
ARREST_shrunk	IDISA	490	7200	A	0.010000000000000009	supp
ARREST_shrunk	IDISA	490	7300	A	0.010000000000000009	supp
ARREST_shrunk	IDISA	490	7400	A	0.010000000000000009	supp
ARREST_shrunk	IDISA	490	7500	A	0.010000000000000009	supp
ARREST_shrunk	IDISA	490	7600	A	0.010000000000000009	supp
ARREST_shrunk	IDISA	490	7700	A	0.010000000000000009	supp
ARREST_shrunk	IDISA	490	7800	A	0.010000000000000009	supp
ARREST_shrunk	IDISA	490	7900	A	0.010000000000000009	supp
ARREST_shrunk	IDISA	490	8000	A	0.010000000000000009	supp
ARREST_shrunk	IDISA	490	8100	A	0.010000000000000009	supp
ARREST_shrunk	IDISA	490	8200	A	0.010000000000000009	supp
ARREST_shrunk	IDISA	490	8300	A	0.010000000000000009	supp
ARREST_shrunk	IDISA	490	8400	A	0.010000000000000009	supp
ARREST_shrunk	IDISA	490	8500	A	0.010000000000000009	supp
ARREST_shrunk	IDISA	490	8600	A	0.010000000000000009	supp
ARREST_shrunk	IDISA	490	8700	A	0.010000000000000009	supp
ARREST_shrunk	IDISA	490	8800	A	0.010000000000000009	supp
ARREST_shrunk	IDISA	490	8900	A	0.010000000000000009	supp
ARREST_shrunk	IDISA	490	9000	A	0.010000000000000009	supp
ARREST_shrunk	IDISA	490	9100	A	0.010000000000000009	supp
ARREST_shrunk	IDISA	490	9200	A	0.010000000000000009	supp
ARREST_shrunk	IDISA	490	9300	A	0.010000000000000009	supp
ARREST_shrunk	IDISA	490	9400	A	0.010000000000000009	supp
ARREST_shrunk	IDISA	490	9500	A	0.010000000000000009	supp
ARREST_shrunk	IDISA	490	9600	A	0.010000000000000009	supp
ARREST_shrunk	IDISA	490	9700	A	0.010000000000000009	supp
ARREST_shrunk	IDISA	490	9800	A	0.010000000000000009	supp
ARREST_shrunk	IDISA	490	9900	A	0.010000000000000009	supp
ARREST_shrunk	IDISA	490	10000	A	0.010000000000000009	supp
ARREST_shrunk	IDISA	490	10100	A	0.010000000000000009	supp
ARREST_shrunk	IDISA	490	10200	A	0.010000000000000009	supp
ARREST_shrunk	IDISA	490	10300	A	0.010000000000000009	supp
ARREST_shrunk	IDISA	490	10400	A	0.010000000000000009	supp
ARREST_shrunk	IDISA	490	10500	A	0.010000000000000009	supp
ARREST_shrunk	IDISA	490	10600	A	0.010000000000000009	supp
ARREST_shrunk	IDISA	490	10700	A	0.010000000000000009	supp
ARREST_shrunk	IDISA	490	10800	A	0.010000000000000009	supp
ARREST_shrunk	IDISA	490	10900	A	0.010000000000000009	supp
ARREST_shrunk	IDISA	490	11000	A	0.010000000000000009	supp
ARREST_shrunk	IDISA	490	11100	A	0.010000000000000009	supp
ARREST_shrunk	IDISA	490	11200	A	0.010000000000000009	supp
ARREST_shrunk	IDISA	490	11300	A	0.010000000000000009	supp
ARREST_shrunk	IDISA	490	11400	A	0.010000000000000009	supp
ARREST_shrunk	IDISA	490	11500	A	0.010000000000000009	supp
ARREST_shrunk	IDISA	490	11600	A	0.010000000000000009	supp
ARREST_shrunk	IDISA	490	11700	A	0.010000000000000009	supp
ARREST_shrunk	IDISA	490	11800	A	0.010000000000000009	supp
ARREST_shrunk	IDISA	490	11900	A	0.010000000000000009	supp
ARREST_shrunk	IDISA	490	12000	A	0.010000000000000009	supp
ARREST_shrunk	IDISA	490	12100	A	0.010000000000000009	supp
ARREST_shrunk	IDISA	490	12200	A	0.010000000000000009	supp
ARREST_shrunk	IDISA	490	12300	A	0.010000000000000009	supp
ARREST_shrunk	IDISA	490	12400	A	0.010000000000000009	supp
ARREST_shrunk	IDISA	490	12500	A	0.010000000000000009	supp
ARREST_shrunk	IDISA	490	12600	A	0.010000000000000009	supp
ARREST_shrunk	IDISA	490	12700	A	0.010000000000000009	supp
ARREST_shrunk	IDISA	490	12800	A	0.010000000000000009	supp
ARREST_shrunk	IDISA	490	12900	A	0.010000000000000009	supp
ARREST_shrunk	IDISA	490	13000	A	0.010000000000000009	supp
ARREST_shrunk	IDISA	490	13100	A	0.010000000000000009	supp
ARREST_shrunk	IDISA	490	13200	A	0.010000000000000009	supp
ARREST_shrunk	IDISA	490	13300	A	0.010000000000000009	supp
ARREST_shrunk	IDISA	490	13400	A	0.010000000000000009	supp
ARREST_shrunk	IDISA	490	13500	A	0.010000000000000009	supp
ARREST_shrunk	IDISA	490	13600	A	0.010000000000000009	supp
ARREST_shrunk	IDISA	490	13700	A	0.010000000000000009	supp
ARREST_shrunk	IDISA	490	13800	A	0.010000000000000009	supp
ARREST_shrunk	IDISA	490	13900	A	0.010000000000000009	supp
ARREST_shrunk	IDISA	490	14000	A	0.010000000000000009	supp
ARREST_shrunk	IDISA	490	14100	A	0.010000000000000009	supp
ARREST_shrunk	IDISA	490	14200	A	0.010000000000000009	supp
ARREST_shrunk	IDISA	490	14300	A	0.010000000000000009	supp
ARREST_shrunk	IDISA	490	14400	A	0.010000000000000009	supp
ARREST_shrunk	IDISA	490	14500	A	0.010000000000000009	supp
ARREST_shrunk	IDISA	490	14600	A	0.010000000000000009	supp
ARREST_shrunk	IDISA	490	14700	A	0.010000000000000009	supp
ARREST_shrunk	IDISA	490	14800	A	0.010000000000000009	supp
ARREST_shrunk	IDISA	490	14900	A	0.010000000000000009	supp
ARREST_shrunk	IDISA	490	15000	A	0.010000000000000009	supp
ARREST_shrunk	IDISA	490	15100	A	0.010000000000000009	supp
ARREST_shrunk	IDISA	490	15200	A	0.010000000000000009	supp
ARREST_shrunk	IDISA	490	15300	A	0.010000000000000009	supp
ARREST_shrunk	IDISA	490	15400	A	0.010000000000000009	supp
ARREST_shrunk	IDISA	490	15500	A	0.010000000000000009	supp
ARREST_shrunk	IDISA	490	15600	A	0.010000000000000009	supp
ARREST_shrunk	IDISA	490	15700	A	0.010000000000000009	supp
ARREST_shrunk	IDISA	490	15800	A	0.010000000000000009	supp
ARREST_shrunk	IDISA	490	15900	A	0.010000000000000009	supp
ARREST_shrunk	IDISA	490	16000	A	0.010000000000000009	supp
ARREST_shrunk	IDISA	490	16100	A	0.010000000000000009	supp
ARREST_shrunk	IDISA	490	16200	A	0.010000000000000009	supp
ARREST_shrunk	IDISA	490	16300	A	0.010000000000000009	supp
ARREST_shrunk	IDISA	490	16400	A	0.010000000000000009	supp
ARREST_shrunk	IDISA	490	16500	A	0.010000000000000009	supp
ARREST_shrunk	IDISA	490	16600	A	0.010000000000000009	supp
ARREST_shrunk	IDISA	490	16700	A	0.010000000000000009	supp
ARREST_shrunk	IDISA	490	16800	A	0.010000000000000009	supp
ARREST_shrunk	IDISA	490	16900	A	0.010000000000000009	supp
ARREST_shrunk	IDISA	490	17000	A	0.010000000000000009	supp
ARREST_shrunk	IDISA	490	17100	A	0.010000000000000009	supp
ARREST_shrunk	IDISA	490	17200	A	0.010000000000000009	supp
ARREST_shrunk	IDISA	490	17300	A	0.010000000000000009	supp
ARREST_shrunk	IDISA	490	17400	A	0.010000000000000009	supp
ARREST_shrunk	IDISA	490	17500	A	0.010000000000000009	supp
ARREST_shrunk	IDISA	490	17600	A	0.010000000000000009	supp
ARREST_shrunk	IDISA	490	17700	A	0.010000000000000009	supp
ARREST_shrunk	IDISA	490	17800	A	0.010000000000000009	supp
ARREST_shrunk	IDISA	490	17900	A	0.010000000000000009	supp
ARREST_shrunk	IDISA	490	18000	A	0.010000000000000009	supp
ARREST_shrunk	IDISA	490	18100	A	0.010000000000000009	supp
ARREST_shrunk	IDISA	490	18200	A	0.010000000000000009	supp
ARREST_shrunk	IDISA	490	18300	A	0.010000000000000009	supp
ARREST_shrunk	IDISA	490	18400	A	0.010000000000000009	supp
ARREST_shrunk	IDISA	490	18500	A	0.010000000000000009	supp
ARREST_shrunk	IDISA	490	18600	A	0.010000000000000009	supp
ARREST_shrunk	IDISA	490	18700	A	0.010000000000000009	supp
ARREST_shrunk	IDISA	490	18800	A	0.010000000000000009	supp
ARREST_shrunk	IDISA	490	18900	A	0.010000000000000009	supp
ARREST_shrunk	IDISA	490	19000	A	0.010000000000000009	supp
ARREST_shrunk	IDISA	490	19100	A	0.010000000000000009	supp
ARREST_shrunk	IDISA	490	19200	A	0.010000000000000009	supp
ARREST_shrunk	IDISA	490	19300	A	0.010000000000000009	supp
ARREST_shrunk	IDISA	490	19400	A	0.010000000000000009	supp
ARREST_shrunk	IDISA	490	19500	A	0.010000000000000009	supp
ARREST_shrunk	IDISA	490	19600	A	0.010000000000000009	supp
ARREST_shrunk	IDISA	490	19700	A	0.010000000000000009	supp
ARREST_shrunk	IDISA	490	19800	A	0.010000000000000009	supp
ARREST_shrunk	IDISA	490	19900	A	0.010000000000000009	supp
ARREST_shrunk	IDISA	490	20000	A	0.010000000000000009	supp
ARREST_shrunk	SABG-PCS	755	100	A	0.010000000000000009	supp
ARREST_shrunk	SABG-PCS	755	200	A	0.010000000000000009	supp
ARREST_shrunk	SABG-PCS	755	300	A	0.010000000000000009	supp
ARREST_shrunk	SABG-PCS	755	400	A	0.010000000000000009	supp
ARREST_shrunk	SABG-PCS	755	500	A	0.010000000000000009	supp
ARREST_shrunk	SABG-PCS	755	600	A	0.010000000000000009	supp
ARREST_shrunk	SABG-PCS	755	700	A	0.010000000000000009	supp
ARREST_shrunk	SABG-PCS	755	800	A	0.010000000000000009	supp
ARREST_shrunk	SABG-PCS	755	900	A	0.010000000000000009	supp
ARREST_shrunk	SABG-PCS	755	1000	A	0.010000000000000009	supp
ARREST_shrunk	SABG-PCS	755	1100	A	0.010000000000000009	supp
ARREST_shrunk	SABG-PCS	755	1200	A	0.010000000000000009	supp
ARREST_shrunk	SABG-PCS	755	1300	A	0.010000000000000009	supp
ARREST_shrunk	SABG-PCS	755	1400	A	0.010000000000000009	supp
ARREST_shrunk	SABG-PCS	755	1500	A	0.010000000000000009	supp
ARREST_shrunk	SABG-PCS	755	1600	A	0.010000000000000009	supp
ARREST_shrunk	SABG-PCS	755	1700	A	0.010000000000000009	supp
ARREST_shrunk	SABG-PCS	755	1800	A	0.010000000000000009	supp
ARREST_shrunk	SABG-PCS	755	1900	A	0.010000000000000009	supp
ARREST_shrunk	SABG-PCS	755	2000	A	0.010000000000000009	supp
ARREST_shrunk	SABG-PCS	755	2100	A	0.010000000000000009	supp
ARREST_shrunk	SABG-PCS	755	2200	A	0.010000000000000009	supp
ARREST_shrunk	SABG-PCS	755	2300	A	0.010000000000000009	supp
ARREST_shrunk	SABG-PCS	755	2400	A	0.010000000000000009	supp
ARREST_shrunk	SABG-PCS	755	2500	A	0.010000000000000009	supp
ARREST_shrunk	SABG-PCS	755	2600	A	0.010000000000000009	supp
ARREST_shrunk	SABG-PCS	755	2700	A	0.010000000000000009	supp
ARREST_shrunk	SABG-PCS	755	2800	A	0.010000000000000009	supp
ARREST_shrunk	SABG-PCS	755	2900	A	0.010000000000000009	supp
ARREST_shrunk	SABG-PCS	755	3000	A	0.010000000000000009	supp
ARREST_shrunk	SABG-PCS	755	3100	A	0.010000000000000009	supp
ARREST_shrunk	SABG-PCS	755	3200	A	0.010000000000000009	supp
ARREST_shrunk	SABG-PCS	755	3300	A	0.010000000000000009	supp
ARREST_shrunk	SABG-PCS	755	3400	A	0.010000000000000009	supp
ARREST_shrunk	SABG-PCS	755	3500	A	0.010000000000000009	supp
ARREST_shrunk	SABG-PCS	755	3600	A	0.010000000000000009	supp
ARREST_shrunk	SABG-PCS	755	3700	A	0.010000000000000009	supp
ARREST_shrunk	SABG-PCS	755	3800	A	0.010000000000000009	supp
ARREST_shrunk	SABG-PCS	755	3900	A	0.010000000000000009	supp
ARREST_shrunk	SABG-PCS	755	4000	A	0.010000000000000009	supp
ARREST_shrunk	SABG-PCS	755	4100	A	0.010000000000000009	supp
ARREST_shrunk	SABG-PCS	755	4200	A	0.010000000000000009	supp
ARREST_shrunk	SABG-PCS	755	4300	A	0.010000000000000009	supp
ARREST_shrunk	SABG-PCS	755	4400	A	0.010000000000000009	supp
ARREST_shrunk	SABG-PCS	755	4500	A	0.010000000000000009	supp
ARREST_shrunk	SABG-PCS	755	4600	A	0.010000000000000009	supp
ARREST_shrunk	SABG-PCS	755	4700	A	0.010000000000000009	supp
ARREST_shrunk	SABG-PCS	755	4800	A	0.010000000000000009	supp
ARREST_shrunk	SABG-PCS	755	4900	A	0.010000000000000009	supp
ARREST_shrunk	SABG-PCS	755	5000	A	0.010000000000000009	supp
ARREST_shrunk	SABG-PCS	755	5100	A	0.010000000000000009	supp
ARREST_shrunk	SABG-PCS	755	5200	A	0.010000000000000009	supp
ARREST_shrunk	SABG-PCS	755	5300	A	0.010000000000000009	supp
ARREST_shrunk	SABG-PCS	755	5400	A	0.010000000000000009	supp
ARREST_shrunk	SABG-PCS	755	5500	A	0.010000000000000009	supp
ARREST_shrunk	SABG-PCS	755	5600	A	0.010000000000000009	supp
ARREST_shrunk	SABG-PCS	755	5700	A	0.010000000000000009	supp
ARREST_shrunk	SABG-PCS	755	5800	A	0.010000000000000009	supp
ARREST_shrunk	SABG-PCS	755	5900	A	0.010000000000000009	supp
ARREST_shrunk	SABG-PCS	755	6000	A	0.010000000000000009	supp
ARREST_shrunk	SABG-PCS	755	6100	A	0.010000000000000009	supp
ARREST_shrunk	SABG-PCS	755	6200	A	0.010000000000000009	supp
ARREST_shrunk	SABG-PCS	755	6300	A	0.010000000000000009	supp
ARREST_shrunk	SABG-PCS	755	6400	A	0.010000000000000009	supp
ARREST_shrunk	SABG-PCS	755	6500	A	0.010000000000000009	supp
ARREST_shrunk	SABG-PCS	755	6600	A	0.010000000000000009	supp
ARREST_shrunk	SABG-PCS	755	6700	A	0.010000000000000009	supp
ARREST_shrunk	SABG-PCS	755	6800	A	0.010000000000000009	supp
ARREST_shrunk	SABG-PCS	755	6900	A	0.010000000000000009	supp
ARREST_shrunk	SABG-PCS	755	7000	A	0.010000000000000009	supp
ARREST_shrunk	SABG-PCS	755	7100	A	0.010000000000000009	supp
ARREST_shrunk	SABG-PCS	755	7200	A	0.010000000000000009	supp
ARREST_shrunk	SABG-PCS	755	7300	A	0.010000000000000009	supp
ARREST_shrunk	SABG-PCS	755	7400	A	0.010000000000000009	supp
ARREST_shrunk	SABG-PCS	755	7500	A	0.010000000000000009	supp
ARREST_shrunk	SABG-PCS	755	7600	A	0.010000000000000009	supp
ARREST_shrunk	SABG-PCS	755	7700	A	0.010000000000000009	supp
ARREST_shrunk	SABG-PCS	755	7800	A	0.010000000000000009	supp
ARREST_shrunk	SABG-PCS	755	7900	A	0.010000000000000009	supp
ARREST_shrunk	SABG-PCS	755	8000	A	0.010000000000000009	supp
ARREST_shrunk	SABG-PCS	755	8100	A	0.010000000000000009	supp
ARREST_shrunk	SABG-PCS	755	8200	A	0.010000000000000009	supp
ARREST_shrunk	SABG-PCS	755	8300	A	0.010000000000000009	supp
ARREST_shrunk	SABG-PCS	755	8400	A	0.010000000000000009	supp
ARREST_shrunk	SABG-PCS	755	8500	A	0.010000000000000009	supp
ARREST_shrunk	SABG-PCS	755	8600	A	0.010000000000000009	supp
ARREST_shrunk	SABG-PCS	755	8700	A	0.010000000000000009	supp
ARREST_shrunk	SABG-PCS	755	8800	A	0.010000000000000009	supp
ARREST_shrunk	SABG-PCS	755	8900	A	0.010000000000000009	supp
ARREST_shrunk	SABG-PCS	755	9000	A	0.010000000000000009	supp
ARREST_shrunk	SABG-PCS	755	9100	A	0.010000000000000009	supp
ARREST_shrunk	SABG-PCS	755	9200	A	0.010000000000000009	supp
ARREST_shrunk	SABG-PCS	755	9300	A	0.010000000000000009	supp
ARREST_shrunk	SABG-PCS	755	9400	A	0.010000000000000009	supp
ARREST_shrunk	SABG-PCS	755	9500	A	0.010000000000000009	supp
ARREST_shrunk	SABG-PCS	755	9600	A	0.010000000000000009	supp
ARREST_shrunk	SABG-PCS	755	9700	A	0.010000000000000009	supp
ARREST_shrunk	SABG-PCS	755	9800	A	0.010000000000000009	supp
ARREST_shrunk	SABG-PCS	755	9900	A	0.010000000000000009	supp
ARREST_shrunk	SABG-PCS	755	10000	A	0.010000000000000009	supp
ARREST_shrunk	SABG-PCS	755	10100	A	0.010000000000000009	supp
ARREST_shrunk	SABG-PCS	755	10200	A	0.010000000000000009	supp
ARREST_shrunk	SABG-PCS	755	10300	A	0.010000000000000009	supp
ARREST_shrunk	SABG-PCS	755	10400	A	0.010000000000000009	supp
ARREST_shrunk	SABG-PCS	755	10500	A	0.010000000000000009	supp
ARREST_shrunk	SABG-PCS	755	10600	A	0.010000000000000009	supp
ARREST_shrunk	SABG-PCS	755	10700	A	0.010000000000000009	supp
ARREST_shrunk	SABG-PCS	755	10800	A	0.010000000000000009	supp
ARREST_shrunk	SABG-PCS	755	10900	A	0.010000000000000009	supp
ARREST_shrunk	SABG-PCS	755	11000	A	0.010000000000000009	supp
ARREST_shrunk	SABG-PCS	755	11100	A	0.010000000000000009	supp
ARREST_shrunk	SABG-PCS	755	11200	A	0.010000000000000009	supp
ARREST_shrunk	SABG-PCS	755	11300	A	0.010000000000000009	supp
ARREST_shrunk	SABG-PCS	755	11400	A	0.010000000000000009	supp
ARREST_shrunk	SABG-PCS	755	11500	A	0.010000000000000009	supp
ARREST_shrunk	SABG-PCS	755	11600	A	0.010000000000000009	supp
ARREST_shrunk	SABG-PCS	755	11700	A	0.010000000000000009	supp
ARREST_shrunk	SABG-PCS	755	11800	A	0.010000000000000009	supp
ARREST_shrunk	SABG-PCS	755	11900	A	0.010000000000000009	supp
ARREST_shrunk	SABG-PCS	755	12000	A	0.010000000000000009	supp
ARREST_shrunk	SABG-PCS	755	12100	A	0.010000000000000009	supp
ARREST_shrunk	SABG-PCS	755	12200	A	0.010000000000000009	supp
ARREST_shrunk	SABG-PCS	755	12300	A	0.010000000000000009	supp
ARREST_shrunk	SABG-PCS	755	12400	A	0.010000000000000009	supp
ARREST_shrunk	SABG-PCS	755	12500	A	0.010000000000000009	supp
ARREST_shrunk	SABG-PCS	755	12600	A	0.010000000000000009	supp
ARREST_shrunk	SABG-PCS	755	12700	A	0.010000000000000009	supp
ARREST_shrunk	SABG-PCS	755	12800	A	0.010000000000000009	supp
ARREST_shrunk	SABG-PCS	755	12900	A	0.010000000000000009	supp
ARREST_shrunk	SABG-PCS	755	13000	A	0.010000000000000009	supp
ARREST_shrunk	SABG-PCS	755	13100	A	0.010000000000000009	supp
ARREST_shrunk	SABG-PCS	755	13200	A	0.010000000000000009	supp
ARREST_shrunk	SABG-PCS	755	13300	A	0.010000000000000009	supp
ARREST_shrunk	SABG-PCS	755	13400	A	0.010000000000000009	supp
ARREST_shrunk	SABG-PCS	755	13500	A	0.010000000000000009	supp
ARREST_shrunk	SABG-PCS	755	13600	A	0.010000000000000009	supp
ARREST_shrunk	SABG-PCS	755	13700	A	0.010000000000000009	supp
ARREST_shrunk	SABG-PCS	755	13800	A	0.010000000000000009	supp
ARREST_shrunk	SABG-PCS	755	13900	A	0.010000000000000009	supp
ARREST_shrunk	SABG-PCS	755	14000	A	0.010000000000000009	supp
ARREST_shrunk	SABG-PCS	755	14100	A	0.010000000000000009	supp
ARREST_shrunk	SABG-PCS	755	14200	A	0.010000000000000009	supp
ARREST_shrunk	SABG-PCS	755	14300	A	0.010000000000000009	supp
ARREST_shrunk	SABG-PCS	755	14400	A	0.010000000000000009	supp
ARREST_shrunk	SABG-PCS	755	14500	A	0.010000000000000009	supp
ARREST_shrunk	SABG-PCS	755	14600	A	0.010000000000000009	supp
ARREST_shrunk	SABG-PCS	755	14700	A	0.010000000000000009	supp
ARREST_shrunk	SABG-PCS	755	14800	A	0.010000000000000009	supp
ARREST_shrunk	SABG-PCS	755	14900	A	0.010000000000000009	supp
ARREST_shrunk	SABG-PCS	755	15000	A	0.010000000000000009	supp
ARREST_shrunk	SABG-PCS	755	15100	A	0.010000000000000009	supp
ARREST_shrunk	SABG-PCS	755	15200	A	0.010000000000000009	supp
ARREST_shrunk	SABG-PCS	755	15300	A	0.010000000000000009	supp
ARREST_shrunk	SABG-PCS	755	15400	A	0.010000000000000009	supp
ARREST_shrunk	SABG-PCS	755	15500	A	0.010000000000000009	supp
ARREST_shrunk	SABG-PCS	755	15600	A	0.010000000000000009	supp
ARREST_shrunk	SABG-PCS	755	15700	A	0.010000000000000009	supp
ARREST_shrunk	SABG-PCS	755	15800	A	0.010000000000000009	supp
ARREST_shrunk	SABG-PCS	755	15900	A	0.010000000000000009	supp
ARREST_shrunk	SABG-PCS	755	16000	A	0.010000000000000009	supp
ARREST_shrunk	SABG-PCS	755	16100	A	0.010000000000000009	supp
ARREST_shrunk	SABG-PCS	755	16200	A	0.010000000000000009	supp
ARREST_shrunk	SABG-PCS	755	16300	A	0.010000000000000009	supp
ARREST_shrunk	SABG-PCS	755	16400	A	0.010000000000000009	supp
ARREST_shrunk	SABG-PCS	755	16500	A	0.010000000000000009	supp
ARREST_shrunk	SABG-PCS	755	16600	A	0.010000000000000009	supp
ARREST_shrunk	SABG-PCS	755	16700	A	0.010000000000000009	supp
ARREST_shrunk	SABG-PCS	755	16800	A	0.010000000000000009	supp
ARREST_shrunk	SABG-PCS	755	16900	A	0.010000000000000009	supp
ARREST_shrunk	SABG-PCS	755	17000	A	0.010000000000000009	supp
ARREST_shrunk	SABG-PCS	755	17100	A	0.010000000000000009	supp
ARREST_shrunk	SABG-PCS	755	17200	A	0.010000000000000009	supp
ARREST_shrunk	SABG-PCS	755	17300	A	0.010000000000000009	supp
ARREST_shrunk	SABG-PCS	755	17400	A	0.010000000000000009	supp
ARREST_shrunk	SABG-PCS	755	17500	A	0.010000000000000009	supp
ARREST_shrunk	SABG-PCS	755	17600	A	0.010000000000000009	supp
ARREST_shrunk	SABG-PCS	755	17700	A	0.010000000000000009	supp
ARREST_shrunk	SABG-PCS	755	17800	A	0.010000000000000009	supp
ARREST_shrunk	SABG-PCS	755	17900	A	0.010000000000000009	supp
ARREST_shrunk	SABG-PCS	755	18000	A	0.010000000000000009	supp
ARREST_shrunk	SABG-PCS	755	18100	A	0.010000000000000009	supp
ARREST_shrunk	SABG-PCS	755	18200	A	0.010000000000000009	supp
ARREST_shrunk	SABG-PCS	755	18300	A	0.010000000000000009	supp
ARREST_shrunk	SABG-PCS	755	18400	A	0.010000000000000009	supp
ARREST_shrunk	SABG-PCS	755	18500	A	0.010000000000000009	supp
ARREST_shrunk	SABG-PCS	755	18600	A	0.010000000000000009	supp
ARREST_shrunk	SABG-PCS	755	18700	A	0.010000000000000009	supp
ARREST_shrunk	SABG-PCS	755	18800	A	0.010000000000000009	supp
ARREST_shrunk	SABG-PCS	755	18900	A	0.010000000000000009	supp
ARREST_shrunk	SABG-PCS	755	19000	A	0.010000000000000009	supp
ARREST_shrunk	SABG-PCS	755	19100	A	0.010000000000000009	supp
ARREST_shrunk	SABG-PCS	755	19200	A	0.010000000000000009	supp
ARREST_shrunk	SABG-PCS	755	19300	A	0.010000000000000009	supp
ARREST_shrunk	SABG-PCS	755	19400	A	0.010000000000000009	supp
ARREST_shrunk	SABG-PCS	755	19500	A	0.010000000000000009	supp
ARREST_shrunk	SABG-PCS	755	19600	A	0.010000000000000009	supp
ARREST_shrunk	SABG-PCS	755	19700	A	0.010000000000000009	supp
ARREST_shrunk	SABG-PCS	755	19800	A	0.010000000000000009	supp
ARREST_shrunk	SABG-PCS	755	19900	A	0.010000000000000009	supp
ARREST_shrunk	SABG-PCS	755	20000	A	0.010000000000000009	supp
ARREST_shrunk	ARREST	758	100	B	0.045238119746776606	supp
ARREST_shrunk	ARREST	758	200	B	0.09161995791914856	supp
ARREST_shrunk	ARREST	758	300	B	0.14652654917653662	supp
ARREST_shrunk	ARREST	758	400	B	0.20733491346477817	supp
ARREST_shrunk	ARREST	758	500	B	0.2716041212778968	supp
ARREST_shrunk	ARREST	758	600	B	0.33718717852197044	supp
ARREST_shrunk	ARREST	758	700	B	0.4022862320722803	supp
ARREST_shrunk	ARREST	758	800	B	0.4654666472765717	supp
ARREST_shrunk	ARREST	758	900	B	0.5256430063136638	supp
ARREST_shrunk	ARREST	758	1000	B	0.5820474695445775	supp
ARREST_shrunk	ARREST	758	1100	B	0.634188497036257	supp
ARREST_shrunk	ARREST	758	1200	B	0.6818057840347416	supp
ARREST_shrunk	ARREST	758	1300	B	0.7248254778193235	supp
ARREST_shrunk	ARREST	758	1400	B	0.7633183165667532	supp
ARREST_shrunk	ARREST	758	1500	B	0.797462235336707	supp
ARREST_shrunk	ARREST	758	1600	B	0.8275101763643722	supp
ARREST_shrunk	ARREST	758	1700	B	0.8537632714469576	supp
ARREST_shrunk	ARREST	758	1800	B	0.87654918512608615	supp
ARREST_shrunk	ARREST	758	1900	B	0.8962051747633349	supp
ARREST_shrunk	ARREST	758	2000	B	0.913065299712102	supp
ARREST_shrunk	ARREST	758	2100	B	0.9274511653938241	supp
ARREST_shrunk	ARREST	758	2200	B	0.9396655943034475	supp
ARREST_shrunk	ARREST	758	2300	B	0.9499886556016433	supp
ARREST_shrunk	ARREST	758	2400	B	0.9586755436773954	supp
ARREST_shrunk	ARREST	758	2500	B	0.9659558635784453	supp
ARREST_shrunk	ARREST	758	2600	B	0.9720339504038159	supp
ARREST_shrunk	ARREST	758	2700	B	0.9770899160011329	supp
ARREST_shrunk	ARREST	758	2800	B	0.9812811768343945	supp
ARREST_shrunk	ARREST	758	2900	B	0.9847442702520621	supp
ARREST_shrunk	ARREST	758	3000	B	0.9875968120959138	supp
ARREST_shrunk	ARREST	758	3100	B	0.9899394867769988	supp
ARREST_shrunk	ARREST	758	3200	B	0.9918579921227997	supp
ARREST_shrunk	ARREST	758	3300	B	0.9934248862009543	supp
ARREST_shrunk	ARREST	758	3400	B	0.9947013027746993	supp
ARREST_shrunk	ARREST	758	3500	B	0.9957385168799346	supp
ARREST_shrunk	ARREST	758	3600	B	0.9965793530287526	supp
ARREST_shrunk	ARREST	758	3700	B	0.9972594364629958	supp
ARREST_shrunk	ARREST	758	3800	B	0.9978082933407287	supp
ARREST_shrunk	ARREST	758	3900	B	0.9982503092840379	supp
ARREST_shrunk	ARREST	758	4000	B	0.9986055578052141	supp
ARREST_shrunk	ARREST	758	4100	B	0.9988905111349234	supp
ARREST_shrunk	ARREST	758	4200	B	0.9991186462020647	supp
ARREST_shrunk	ARREST	758	4300	B	0.9993009581988563	supp
ARREST_shrunk	ARREST	758	4400	B	0.9994463934908268	supp
ARREST_shrunk	ARREST	758	4500	B	0.9995622127398743	supp
ARREST_shrunk	ARREST	758	4600	B	0.99965429410329	supp
ARREST_shrunk	ARREST	758	4700	B	0.9997273853275721	supp
ARREST_shrunk	ARREST	758	4800	B	0.9997853125252943	supp
ARREST_shrunk	ARREST	758	4900	B	0.9998311524409845	supp
ARREST_shrunk	ARREST	758	5000	B	0.9998673740994957	supp
ARREST_shrunk	ARREST	758	5100	B	0.9998959548994576	supp
ARREST_shrunk	ARREST	758	5200	B	0.9999184754698069	supp
ARREST_shrunk	ARREST	758	5300	B	0.9999361969488794	supp
ARREST_shrunk	ARREST	758	5400	B	0.9999501237696226	supp
ARREST_shrunk	ARREST	758	5500	B	0.9999610545355824	supp
ARREST_shrunk	ARREST	758	5600	B	0.9999696231437227	supp
ARREST_shrunk	ARREST	758	5700	B	0.9999763319446541	supp
ARREST_shrunk	ARREST	758	5800	B	0.9999815784212188	supp
ARREST_shrunk	ARREST	758	5900	B	0.9999856766056203	supp
ARREST_shrunk	ARREST	758	6000	B	0.9999888742368565	supp
ARREST_shrunk	ARREST	758	6100	B	0.9999913664781437	supp
ARREST_shrunk	ARREST	758	6200	B	0.9999933068629316	supp
ARREST_shrunk	ARREST	758	6300	B	0.9999948160132586	supp
ARREST_shrunk	ARREST	758	6400	B	0.9999959885714191	supp
ARREST_shrunk	ARREST	758	6500	B	0.9999968987016215	supp
ARREST_shrunk	ARREST	758	6600	B	0.9999976044493993	supp
ARREST_shrunk	ARREST	758	6700	B	0.9999981511903919	supp
ARREST_shrunk	ARREST	758	6800	B	0.9999985743544844	supp
ARREST_shrunk	ARREST	758	6900	B	0.9999989015743371	supp
ARREST_shrunk	ARREST	758	7000	B	0.9999991543774712	supp
ARREST_shrunk	ARREST	758	7100	B	0.9999993495170013	supp
ARREST_shrunk	ARREST	758	7200	B	0.9999995000167564	supp
ARREST_shrunk	ARREST	758	7300	B	0.9999996159910012	supp
ARREST_shrunk	ARREST	758	7400	B	0.9999997052865415	supp
ARREST_shrunk	ARREST	758	7500	B	0.9999997739850708	supp
ARREST_shrunk	ARREST	758	7600	B	0.999999826795699	supp
ARREST_shrunk	ARREST	758	7700	B	0.9999998673613087	supp
ARREST_shrunk	ARREST	758	7800	B	0.9999998984973796	supp
ARREST_shrunk	ARREST	758	7900	B	0.9999999223779601	supp
ARREST_shrunk	ARREST	758	8000	B	0.9999999406803242	supp
ARREST_shrunk	ARREST	758	8100	B	0.9999999546973706	supp
ARREST_shrunk	ARREST	758	8200	B	0.9999999654248688	supp
ARREST_shrunk	ARREST	758	8300	B	0.9999999736291106	supp
ARREST_shrunk	ARREST	758	8400	B	0.9999999798993163	supp
ARREST_shrunk	ARREST	758	8500	B	0.9999999846881922	supp
ARREST_shrunk	ARREST	758	8600	B	0.9999999883432885	supp
ARREST_shrunk	ARREST	758	8700	B	0.9999999911312215	supp
ARREST_shrunk	ARREST	758	8800	B	0.9999999932563679	supp
ARREST_shrunk	ARREST	758	8900	B	0.9999999948752787	supp
ARREST_shrunk	ARREST	758	9000	B	0.9999999961077845	supp
ARREST_shrunk	ARREST	758	9100	B	0.9999999970455438	supp
ARREST_shrunk	ARREST	758	9200	B	0.9999999977586173	supp
ARREST_shrunk	ARREST	758	9300	B	0.9999999983005207	supp
ARREST_shrunk	ARREST	758	9400	B	0.9999999987121043	supp
ARREST_shrunk	ARREST	758	9500	B	0.9999999990245301	supp
ARREST_shrunk	ARREST	758	9600	B	0.9999999992615538	supp
ARREST_shrunk	ARREST	758	9700	B	0.999999999441274	supp
ARREST_shrunk	ARREST	758	9800	B	0.9999999995774704	supp
ARREST_shrunk	ARREST	758	9900	B	0.999999999680628	supp
ARREST_shrunk	ARREST	758	10000	B	0.9999999997587203	supp
ARREST_shrunk	ARREST	758	10100	B	0.9999999998178067	supp
ARREST_shrunk	ARREST	758	10200	B	0.99999999986249	supp
ARREST_shrunk	ARREST	758	10300	B	0.9999999998962641	supp
ARREST_shrunk	ARREST	758	10400	B	0.9999999999217796	supp
ARREST_shrunk	ARREST	758	10500	B	0.9999999999410464	supp
ARREST_shrunk	ARREST	758	10600	B	0.9999999999555879	supp
ARREST_shrunk	ARREST	758	10700	B	0.9999999999665576	supp
ARREST_shrunk	ARREST	758	10800	B	0.9999999999748291	supp
ARREST_shrunk	ARREST	758	10900	B	0.999999999981063	supp
ARREST_shrunk	ARREST	758	11000	B	0.9999999999857593	supp
ARREST_shrunk	ARREST	758	11100	B	0.9999999999892955	supp
ARREST_shrunk	ARREST	758	11200	B	0.999999999991957	supp
ARREST_shrunk	ARREST	758	11300	B	0.9999999999939593	supp
ARREST_shrunk	ARREST	758	11400	B	0.999999999995465	supp
ARREST_shrunk	ARREST	758	11500	B	0.9999999999965967	supp
ARREST_shrunk	ARREST	758	11600	B	0.999999999997447	supp
ARREST_shrunk	ARREST	758	11700	B	0.9999999999980858	supp
ARREST_shrunk	ARREST	758	11800	B	0.9999999999985651	supp
ARREST_shrunk	ARREST	758	11900	B	0.999999999998925	supp
ARREST_shrunk	ARREST	758	12000	B	0.9999999999991949	supp
ARREST_shrunk	ARREST	758	12100	B	0.9999999999993971	supp
ARREST_shrunk	ARREST	758	12200	B	0.9999999999995488	supp
ARREST_shrunk	ARREST	758	12300	B	0.9999999999996625	supp
ARREST_shrunk	ARREST	758	12400	B	0.9999999999997476	supp
ARREST_shrunk	ARREST	758	12500	B	0.9999999999998113	supp
ARREST_shrunk	ARREST	758	12600	B	0.999999999999859	supp
ARREST_shrunk	ARREST	758	12700	B	0.9999999999998946	supp
ARREST_shrunk	ARREST	758	12800	B	0.9999999999999213	supp
ARREST_shrunk	ARREST	758	12900	B	0.9999999999999413	supp
ARREST_shrunk	ARREST	758	13000	B	0.9999999999999561	supp
ARREST_shrunk	ARREST	758	13100	B	0.9999999999999674	supp
ARREST_shrunk	ARREST	758	13200	B	0.9999999999999756	supp
ARREST_shrunk	ARREST	758	13300	B	0.9999999999999818	supp
ARREST_shrunk	ARREST	758	13400	B	0.9999999999999865	supp
ARREST_shrunk	ARREST	758	13500	B	0.9999999999999899	supp
ARREST_shrunk	ARREST	758	13600	B	0.9999999999999925	supp
ARREST_shrunk	ARREST	758	13700	B	0.9999999999999944	supp
ARREST_shrunk	ARREST	758	13800	B	0.9999999999999958	supp
ARREST_shrunk	ARREST	758	13900	B	0.9999999999999969	supp
ARREST_shrunk	ARREST	758	14000	B	0.9999999999999977	supp
ARREST_shrunk	ARREST	758	14100	B	0.9999999999999983	supp
ARREST_shrunk	ARREST	758	14200	B	0.9999999999999988	supp
ARREST_shrunk	ARREST	758	14300	B	0.999999999999999	supp
ARREST_shrunk	ARREST	758	14400	B	0.9999999999999993	supp
ARREST_shrunk	ARREST	758	14500	B	0.9999999999999994	supp
ARREST_shrunk	ARREST	758	14600	B	0.9999999999999997	supp
ARREST_shrunk	ARREST	758	14700	B	0.9999999999999997	supp
ARREST_shrunk	ARREST	758	14800	B	0.9999999999999998	supp
ARREST_shrunk	ARREST	758	14900	B	0.9999999999999999	supp
ARREST_shrunk	ARREST	758	15000	B	0.9999999999999999	supp
ARREST_shrunk	ARREST	758	15100	B	0.9999999999999999	supp
ARREST_shrunk	ARREST	758	15200	B	0.9999999999999999	supp
ARREST_shrunk	ARREST	758	15300	B	1	supp
ARREST_shrunk	ARREST	758	15400	B	1	supp
ARREST_shrunk	ARREST	758	15500	B	1	supp
ARREST_shrunk	ARREST	758	15600	B	1	supp
ARREST_shrunk	ARREST	758	15700	B	1	supp
ARREST_shrunk	ARREST	758	15800	B	1	supp
ARREST_shrunk	ARREST	758	15900	B	1	supp
ARREST_shrunk	ARREST	758	16000	B	1	supp
ARREST_shrunk	ARREST	758	16100	B	1	supp
ARREST_shrunk	ARREST	758	16200	B	1	supp
ARREST_shrunk	ARREST	758	16300	B	1	supp
ARREST_shrunk	ARREST	758	16400	B	1	supp
ARREST_shrunk	ARREST	758	16500	B	1	supp
ARREST_shrunk	ARREST	758	16600	B	1	supp
ARREST_shrunk	ARREST	758	16700	B	1	supp
ARREST_shrunk	ARREST	758	16800	B	1	supp
ARREST_shrunk	ARREST	758	16900	B	1	supp
ARREST_shrunk	ARREST	758	17000	B	1	supp
ARREST_shrunk	ARREST	758	17100	B	1	supp
ARREST_shrunk	ARREST	758	17200	B	1	supp
ARREST_shrunk	ARREST	758	17300	B	1	supp
ARREST_shrunk	ARREST	758	17400	B	1	supp
ARREST_shrunk	ARREST	758	17500	B	1	supp
ARREST_shrunk	ARREST	758	17600	B	1	supp
ARREST_shrunk	ARREST	758	17700	B	1	supp
ARREST_shrunk	ARREST	758	17800	B	1	supp
ARREST_shrunk	ARREST	758	17900	B	1	supp
ARREST_shrunk	ARREST	758	18000	B	1	supp
ARREST_shrunk	ARREST	758	18100	B	1	supp
ARREST_shrunk	ARREST	758	18200	B	1	supp
ARREST_shrunk	ARREST	758	18300	B	1	supp
ARREST_shrunk	ARREST	758	18400	B	1	supp
ARREST_shrunk	ARREST	758	18500	B	1	supp
ARREST_shrunk	ARREST	758	18600	B	1	supp
ARREST_shrunk	ARREST	758	18700	B	1	supp
ARREST_shrunk	ARREST	758	18800	B	1	supp
ARREST_shrunk	ARREST	758	18900	B	1	supp
ARREST_shrunk	ARREST	758	19000	B	1	supp
ARREST_shrunk	ARREST	758	19100	B	1	supp
ARREST_shrunk	ARREST	758	19200	B	1	supp
ARREST_shrunk	ARREST	758	19300	B	1	supp
ARREST_shrunk	ARREST	758	19400	B	1	supp
ARREST_shrunk	ARREST	758	19500	B	1	supp
ARREST_shrunk	ARREST	758	19600	B	1	supp
ARREST_shrunk	ARREST	758	19700	B	1	supp
ARREST_shrunk	ARREST	758	19800	B	1	supp
ARREST_shrunk	ARREST	758	19900	B	1	supp
ARREST_shrunk	ARREST	758	20000	B	1	supp
ARREST_shrunk	Edinburgh	458	100	B	0.171840022862924	supp
ARREST_shrunk	Edinburgh	458	200	B	0.3927058814820318	supp
ARREST_shrunk	Edinburgh	458	300	B	0.596941073233813	supp
ARREST_shrunk	Edinburgh	458	400	B	0.7523453236510271	supp
ARREST_shrunk	Edinburgh	458	500	B	0.8568808518344743	supp
ARREST_shrunk	Edinburgh	458	600	B	0.9213255171316005	supp
ARREST_shrunk	Edinburgh	458	700	B	0.9585166870646632	supp
ARREST_shrunk	Edinburgh	458	800	B	0.978886681186249	supp
ARREST_shrunk	Edinburgh	458	900	B	0.9895766008638458	supp
ARREST_shrunk	Edinburgh	458	1000	B	0.9949890832609076	supp
ARREST_shrunk	Edinburgh	458	1100	B	0.9976469009111285	supp
ARREST_shrunk	Edinburgh	458	1200	B	0.9989178336659023	supp
ARREST_shrunk	Edinburgh	458	1300	B	0.9995115656020735	supp
ARREST_shrunk	Edinburgh	458	1400	B	0.9997832507067369	supp
ARREST_shrunk	Edinburgh	458	1500	B	0.9999052863312973	supp
ARREST_shrunk	Edinburgh	458	1600	B	0.9999591923373746	supp
ARREST_shrunk	Edinburgh	458	1700	B	0.9999826444202786	supp
ARREST_shrunk	Edinburgh	458	1800	B	0.999992706494883	supp
ARREST_shrunk	Edinburgh	458	1900	B	0.99999696881535	supp
ARREST_shrunk	Edinburgh	458	2000	B	0.9999987531828631	supp
ARREST_shrunk	Edinburgh	458	2100	B	0.9999994920679066	supp
ARREST_shrunk	Edinburgh	458	2200	B	0.9999997949368062	supp
ARREST_shrunk	Edinburgh	458	2300	B	0.9999999179103357	supp
ARREST_shrunk	Edinburgh	458	2400	B	0.9999999673995156	supp
ARREST_shrunk	Edinburgh	458	2500	B	0.9999999871503824	supp
ARREST_shrunk	Edinburgh	458	2600	B	0.9999999949711933	supp
ARREST_shrunk	Edinburgh	458	2700	B	0.9999999980451625	supp
ARREST_shrunk	Edinburgh	458	2800	B	0.9999999992449494	supp
ARREST_shrunk	Edinburgh	458	2900	B	0.9999999997101338	supp
ARREST_shrunk	Edinburgh	458	3000	B	0.9999999998893628	supp
ARREST_shrunk	Edinburgh	458	3100	B	0.9999999999580046	supp
ARREST_shrunk	Edinburgh	458	3200	B	0.9999999999841435	supp
ARREST_shrunk	Edinburgh	458	3300	B	0.9999999999940431	supp
ARREST_shrunk	Edinburgh	458	3400	B	0.999999999997773	supp
ARREST_shrunk	Edinburgh	458	3500	B	0.9999999999991712	supp
ARREST_shrunk	Edinburgh	458	3600	B	0.999999999999693	supp
ARREST_shrunk	Edinburgh	458	3700	B	0.9999999999998868	supp
ARREST_shrunk	Edinburgh	458	3800	B	0.9999999999999584	supp
ARREST_shrunk	Edinburgh	458	3900	B	0.9999999999999848	supp
ARREST_shrunk	Edinburgh	458	4000	B	0.9999999999999944	supp
ARREST_shrunk	Edinburgh	458	4100	B	0.999999999999998	supp
ARREST_shrunk	Edinburgh	458	4200	B	0.9999999999999992	supp
ARREST_shrunk	Edinburgh	458	4300	B	0.9999999999999998	supp
ARREST_shrunk	Edinburgh	458	4400	B	0.9999999999999999	supp
ARREST_shrunk	Edinburgh	458	4500	B	1	supp
ARREST_shrunk	Edinburgh	458	4600	B	1	supp
ARREST_shrunk	Edinburgh	458	4700	B	1	supp
ARREST_shrunk	Edinburgh	458	4800	B	1	supp
ARREST_shrunk	Edinburgh	458	4900	B	1	supp
ARREST_shrunk	Edinburgh	458	5000	B	1	supp
ARREST_shrunk	Edinburgh	458	5100	B	1	supp
ARREST_shrunk	Edinburgh	458	5200	B	1	supp
ARREST_shrunk	Edinburgh	458	5300	B	1	supp
ARREST_shrunk	Edinburgh	458	5400	B	1	supp
ARREST_shrunk	Edinburgh	458	5500	B	1	supp
ARREST_shrunk	Edinburgh	458	5600	B	1	supp
ARREST_shrunk	Edinburgh	458	5700	B	1	supp
ARREST_shrunk	Edinburgh	458	5800	B	1	supp
ARREST_shrunk	Edinburgh	458	5900	B	1	supp
ARREST_shrunk	Edinburgh	458	6000	B	1	supp
ARREST_shrunk	Edinburgh	458	6100	B	1	supp
ARREST_shrunk	Edinburgh	458	6200	B	1	supp
ARREST_shrunk	Edinburgh	458	6300	B	1	supp
ARREST_shrunk	Edinburgh	458	6400	B	1	supp
ARREST_shrunk	Edinburgh	458	6500	B	1	supp
ARREST_shrunk	Edinburgh	458	6600	B	1	supp
ARREST_shrunk	Edinburgh	458	6700	B	1	supp
ARREST_shrunk	Edinburgh	458	6800	B	1	supp
ARREST_shrunk	Edinburgh	458	6900	B	1	supp
ARREST_shrunk	Edinburgh	458	7000	B	1	supp
ARREST_shrunk	Edinburgh	458	7100	B	1	supp
ARREST_shrunk	Edinburgh	458	7200	B	1	supp
ARREST_shrunk	Edinburgh	458	7300	B	1	supp
ARREST_shrunk	Edinburgh	458	7400	B	1	supp
ARREST_shrunk	Edinburgh	458	7500	B	1	supp
ARREST_shrunk	Edinburgh	458	7600	B	1	supp
ARREST_shrunk	Edinburgh	458	7700	B	1	supp
ARREST_shrunk	Edinburgh	458	7800	B	1	supp
ARREST_shrunk	Edinburgh	458	7900	B	1	supp
ARREST_shrunk	Edinburgh	458	8000	B	1	supp
ARREST_shrunk	Edinburgh	458	8100	B	1	supp
ARREST_shrunk	Edinburgh	458	8200	B	1	supp
ARREST_shrunk	Edinburgh	458	8300	B	1	supp
ARREST_shrunk	Edinburgh	458	8400	B	1	supp
ARREST_shrunk	Edinburgh	458	8500	B	1	supp
ARREST_shrunk	Edinburgh	458	8600	B	1	supp
ARREST_shrunk	Edinburgh	458	8700	B	1	supp
ARREST_shrunk	Edinburgh	458	8800	B	1	supp
ARREST_shrunk	Edinburgh	458	8900	B	1	supp
ARREST_shrunk	Edinburgh	458	9000	B	1	supp
ARREST_shrunk	Edinburgh	458	9100	B	1	supp
ARREST_shrunk	Edinburgh	458	9200	B	1	supp
ARREST_shrunk	Edinburgh	458	9300	B	1	supp
ARREST_shrunk	Edinburgh	458	9400	B	1	supp
ARREST_shrunk	Edinburgh	458	9500	B	1	supp
ARREST_shrunk	Edinburgh	458	9600	B	1	supp
ARREST_shrunk	Edinburgh	458	9700	B	1	supp
ARREST_shrunk	Edinburgh	458	9800	B	1	supp
ARREST_shrunk	Edinburgh	458	9900	B	1	supp
ARREST_shrunk	Edinburgh	458	10000	B	1	supp
ARREST_shrunk	Edinburgh	458	10100	B	1	supp
ARREST_shrunk	Edinburgh	458	10200	B	1	supp
ARREST_shrunk	Edinburgh	458	10300	B	1	supp
ARREST_shrunk	Edinburgh	458	10400	B	1	supp
ARREST_shrunk	Edinburgh	458	10500	B	1	supp
ARREST_shrunk	Edinburgh	458	10600	B	1	supp
ARREST_shrunk	Edinburgh	458	10700	B	1	supp
ARREST_shrunk	Edinburgh	458	10800	B	1	supp
ARREST_shrunk	Edinburgh	458	10900	B	1	supp
ARREST_shrunk	Edinburgh	458	11000	B	1	supp
ARREST_shrunk	Edinburgh	458	11100	B	1	supp
ARREST_shrunk	Edinburgh	458	11200	B	1	supp
ARREST_shrunk	Edinburgh	458	11300	B	1	supp
ARREST_shrunk	Edinburgh	458	11400	B	1	supp
ARREST_shrunk	Edinburgh	458	11500	B	1	supp
ARREST_shrunk	Edinburgh	458	11600	B	1	supp
ARREST_shrunk	Edinburgh	458	11700	B	1	supp
ARREST_shrunk	Edinburgh	458	11800	B	1	supp
ARREST_shrunk	Edinburgh	458	11900	B	1	supp
ARREST_shrunk	Edinburgh	458	12000	B	1	supp
ARREST_shrunk	Edinburgh	458	12100	B	1	supp
ARREST_shrunk	Edinburgh	458	12200	B	1	supp
ARREST_shrunk	Edinburgh	458	12300	B	1	supp
ARREST_shrunk	Edinburgh	458	12400	B	1	supp
ARREST_shrunk	Edinburgh	458	12500	B	1	supp
ARREST_shrunk	Edinburgh	458	12600	B	1	supp
ARREST_shrunk	Edinburgh	458	12700	B	1	supp
ARREST_shrunk	Edinburgh	458	12800	B	1	supp
ARREST_shrunk	Edinburgh	458	12900	B	1	supp
ARREST_shrunk	Edinburgh	458	13000	B	1	supp
ARREST_shrunk	Edinburgh	458	13100	B	1	supp
ARREST_shrunk	Edinburgh	458	13200	B	1	supp
ARREST_shrunk	Edinburgh	458	13300	B	1	supp
ARREST_shrunk	Edinburgh	458	13400	B	1	supp
ARREST_shrunk	Edinburgh	458	13500	B	1	supp
ARREST_shrunk	Edinburgh	458	13600	B	1	supp
ARREST_shrunk	Edinburgh	458	13700	B	1	supp
ARREST_shrunk	Edinburgh	458	13800	B	1	supp
ARREST_shrunk	Edinburgh	458	13900	B	1	supp
ARREST_shrunk	Edinburgh	458	14000	B	1	supp
ARREST_shrunk	Edinburgh	458	14100	B	1	supp
ARREST_shrunk	Edinburgh	458	14200	B	1	supp
ARREST_shrunk	Edinburgh	458	14300	B	1	supp
ARREST_shrunk	Edinburgh	458	14400	B	1	supp
ARREST_shrunk	Edinburgh	458	14500	B	1	supp
ARREST_shrunk	Edinburgh	458	14600	B	1	supp
ARREST_shrunk	Edinburgh	458	14700	B	1	supp
ARREST_shrunk	Edinburgh	458	14800	B	1	supp
ARREST_shrunk	Edinburgh	458	14900	B	1	supp
ARREST_shrunk	Edinburgh	458	15000	B	1	supp
ARREST_shrunk	Edinburgh	458	15100	B	1	supp
ARREST_shrunk	Edinburgh	458	15200	B	1	supp
ARREST_shrunk	Edinburgh	458	15300	B	1	supp
ARREST_shrunk	Edinburgh	458	15400	B	1	supp
ARREST_shrunk	Edinburgh	458	15500	B	1	supp
ARREST_shrunk	Edinburgh	458	15600	B	1	supp
ARREST_shrunk	Edinburgh	458	15700	B	1	supp
ARREST_shrunk	Edinburgh	458	15800	B	1	supp
ARREST_shrunk	Edinburgh	458	15900	B	1	supp
ARREST_shrunk	Edinburgh	458	16000	B	1	supp
ARREST_shrunk	Edinburgh	458	16100	B	1	supp
ARREST_shrunk	Edinburgh	458	16200	B	1	supp
ARREST_shrunk	Edinburgh	458	16300	B	1	supp
ARREST_shrunk	Edinburgh	458	16400	B	1	supp
ARREST_shrunk	Edinburgh	458	16500	B	1	supp
ARREST_shrunk	Edinburgh	458	16600	B	1	supp
ARREST_shrunk	Edinburgh	458	16700	B	1	supp
ARREST_shrunk	Edinburgh	458	16800	B	1	supp
ARREST_shrunk	Edinburgh	458	16900	B	1	supp
ARREST_shrunk	Edinburgh	458	17000	B	1	supp
ARREST_shrunk	Edinburgh	458	17100	B	1	supp
ARREST_shrunk	Edinburgh	458	17200	B	1	supp
ARREST_shrunk	Edinburgh	458	17300	B	1	supp
ARREST_shrunk	Edinburgh	458	17400	B	1	supp
ARREST_shrunk	Edinburgh	458	17500	B	1	supp
ARREST_shrunk	Edinburgh	458	17600	B	1	supp
ARREST_shrunk	Edinburgh	458	17700	B	1	supp
ARREST_shrunk	Edinburgh	458	17800	B	1	supp
ARREST_shrunk	Edinburgh	458	17900	B	1	supp
ARREST_shrunk	Edinburgh	458	18000	B	1	supp
ARREST_shrunk	Edinburgh	458	18100	B	1	supp
ARREST_shrunk	Edinburgh	458	18200	B	1	supp
ARREST_shrunk	Edinburgh	458	18300	B	1	supp
ARREST_shrunk	Edinburgh	458	18400	B	1	supp
ARREST_shrunk	Edinburgh	458	18500	B	1	supp
ARREST_shrunk	Edinburgh	458	18600	B	1	supp
ARREST_shrunk	Edinburgh	458	18700	B	1	supp
ARREST_shrunk	Edinburgh	458	18800	B	1	supp
ARREST_shrunk	Edinburgh	458	18900	B	1	supp
ARREST_shrunk	Edinburgh	458	19000	B	1	supp
ARREST_shrunk	Edinburgh	458	19100	B	1	supp
ARREST_shrunk	Edinburgh	458	19200	B	1	supp
ARREST_shrunk	Edinburgh	458	19300	B	1	supp
ARREST_shrunk	Edinburgh	458	19400	B	1	supp
ARREST_shrunk	Edinburgh	458	19500	B	1	supp
ARREST_shrunk	Edinburgh	458	19600	B	1	supp
ARREST_shrunk	Edinburgh	458	19700	B	1	supp
ARREST_shrunk	Edinburgh	458	19800	B	1	supp
ARREST_shrunk	Edinburgh	458	19900	B	1	supp
ARREST_shrunk	Edinburgh	458	20000	B	1	supp
ARREST_shrunk	Edinburgh 2	463	100	B	0.18695595712969093	supp
ARREST_shrunk	Edinburgh 2	463	200	B	0.42442550507228693	supp
ARREST_shrunk	Edinburgh 2	463	300	B	0.6351354070687012	supp
ARREST_shrunk	Edinburgh 2	463	400	B	0.7873949055050176	supp
ARREST_shrunk	Edinburgh 2	463	500	B	0.8840682290103271	supp
ARREST_shrunk	Edinburgh 2	463	600	B	0.9400905352881707	supp
ARREST_shrunk	Edinburgh 2	463	700	B	0.9703897729879732	supp
ARREST_shrunk	Edinburgh 2	463	800	B	0.9859059372050261	supp
ARREST_shrunk	Edinburgh 2	463	900	B	0.9935048806124864	supp
ARREST_shrunk	Edinburgh 2	463	1000	B	0.9970898574530292	supp
ARREST_shrunk	Edinburgh 2	463	1100	B	0.9987280204993312	supp
ARREST_shrunk	Edinburgh 2	463	1200	B	0.9994561490593864	supp
ARREST_shrunk	Edinburgh 2	463	1300	B	0.9997720159309146	supp
ARREST_shrunk	Edinburgh 2	463	1400	B	0.9999061172191794	supp
ARREST_shrunk	Edinburgh 2	463	1500	B	0.9999619608734163	supp
ARREST_shrunk	Edinburgh 2	463	1600	B	0.9999848139850602	supp
ARREST_shrunk	Edinburgh 2	463	1700	B	0.9999940193345378	supp
ARREST_shrunk	Edinburgh 2	463	1800	B	0.9999976740301469	supp
ARREST_shrunk	Edinburgh 2	463	1900	B	0.9999991058544148	supp
ARREST_shrunk	Edinburgh 2	463	2000	B	0.9999996599710016	supp
ARREST_shrunk	Edinburgh 2	463	2100	B	0.9999998719906288	supp
ARREST_shrunk	Edinburgh 2	463	2200	B	0.9999999522617379	supp
ARREST_shrunk	Edinburgh 2	463	2300	B	0.9999999823541474	supp
ARREST_shrunk	Edinburgh 2	463	2400	B	0.9999999935315946	supp
ARREST_shrunk	Edinburgh 2	463	2500	B	0.9999999976474646	supp
ARREST_shrunk	Edinburgh 2	463	2600	B	0.9999999991507287	supp
ARREST_shrunk	Edinburgh 2	463	2700	B	0.9999999996955621	supp
ARREST_shrunk	Edinburgh 2	463	2800	B	0.9999999998915952	supp
ARREST_shrunk	Edinburgh 2	463	2900	B	0.9999999999616433	supp
ARREST_shrunk	Edinburgh 2	463	3000	B	0.9999999999865102	supp
ARREST_shrunk	Edinburgh 2	463	3100	B	0.999999999995283	supp
ARREST_shrunk	Edinburgh 2	463	3200	B	0.9999999999983596	supp
ARREST_shrunk	Edinburgh 2	463	3300	B	0.9999999999994326	supp
ARREST_shrunk	Edinburgh 2	463	3400	B	0.9999999999998047	supp
ARREST_shrunk	Edinburgh 2	463	3500	B	0.999999999999933	supp
ARREST_shrunk	Edinburgh 2	463	3600	B	0.9999999999999772	supp
ARREST_shrunk	Edinburgh 2	463	3700	B	0.9999999999999922	supp
ARREST_shrunk	Edinburgh 2	463	3800	B	0.9999999999999973	supp
ARREST_shrunk	Edinburgh 2	463	3900	B	0.9999999999999991	supp
ARREST_shrunk	Edinburgh 2	463	4000	B	0.9999999999999997	supp
ARREST_shrunk	Edinburgh 2	463	4100	B	0.9999999999999999	supp
ARREST_shrunk	Edinburgh 2	463	4200	B	1	supp
ARREST_shrunk	Edinburgh 2	463	4300	B	1	supp
ARREST_shrunk	Edinburgh 2	463	4400	B	1	supp
ARREST_shrunk	Edinburgh 2	463	4500	B	1	supp
ARREST_shrunk	Edinburgh 2	463	4600	B	1	supp
ARREST_shrunk	Edinburgh 2	463	4700	B	1	supp
ARREST_shrunk	Edinburgh 2	463	4800	B	1	supp
ARREST_shrunk	Edinburgh 2	463	4900	B	1	supp
ARREST_shrunk	Edinburgh 2	463	5000	B	1	supp
ARREST_shrunk	Edinburgh 2	463	5100	B	1	supp
ARREST_shrunk	Edinburgh 2	463	5200	B	1	supp
ARREST_shrunk	Edinburgh 2	463	5300	B	1	supp
ARREST_shrunk	Edinburgh 2	463	5400	B	1	supp
ARREST_shrunk	Edinburgh 2	463	5500	B	1	supp
ARREST_shrunk	Edinburgh 2	463	5600	B	1	supp
ARREST_shrunk	Edinburgh 2	463	5700	B	1	supp
ARREST_shrunk	Edinburgh 2	463	5800	B	1	supp
ARREST_shrunk	Edinburgh 2	463	5900	B	1	supp
ARREST_shrunk	Edinburgh 2	463	6000	B	1	supp
ARREST_shrunk	Edinburgh 2	463	6100	B	1	supp
ARREST_shrunk	Edinburgh 2	463	6200	B	1	supp
ARREST_shrunk	Edinburgh 2	463	6300	B	1	supp
ARREST_shrunk	Edinburgh 2	463	6400	B	1	supp
ARREST_shrunk	Edinburgh 2	463	6500	B	1	supp
ARREST_shrunk	Edinburgh 2	463	6600	B	1	supp
ARREST_shrunk	Edinburgh 2	463	6700	B	1	supp
ARREST_shrunk	Edinburgh 2	463	6800	B	1	supp
ARREST_shrunk	Edinburgh 2	463	6900	B	1	supp
ARREST_shrunk	Edinburgh 2	463	7000	B	1	supp
ARREST_shrunk	Edinburgh 2	463	7100	B	1	supp
ARREST_shrunk	Edinburgh 2	463	7200	B	1	supp
ARREST_shrunk	Edinburgh 2	463	7300	B	1	supp
ARREST_shrunk	Edinburgh 2	463	7400	B	1	supp
ARREST_shrunk	Edinburgh 2	463	7500	B	1	supp
ARREST_shrunk	Edinburgh 2	463	7600	B	1	supp
ARREST_shrunk	Edinburgh 2	463	7700	B	1	supp
ARREST_shrunk	Edinburgh 2	463	7800	B	1	supp
ARREST_shrunk	Edinburgh 2	463	7900	B	1	supp
ARREST_shrunk	Edinburgh 2	463	8000	B	1	supp
ARREST_shrunk	Edinburgh 2	463	8100	B	1	supp
ARREST_shrunk	Edinburgh 2	463	8200	B	1	supp
ARREST_shrunk	Edinburgh 2	463	8300	B	1	supp
ARREST_shrunk	Edinburgh 2	463	8400	B	1	supp
ARREST_shrunk	Edinburgh 2	463	8500	B	1	supp
ARREST_shrunk	Edinburgh 2	463	8600	B	1	supp
ARREST_shrunk	Edinburgh 2	463	8700	B	1	supp
ARREST_shrunk	Edinburgh 2	463	8800	B	1	supp
ARREST_shrunk	Edinburgh 2	463	8900	B	1	supp
ARREST_shrunk	Edinburgh 2	463	9000	B	1	supp
ARREST_shrunk	Edinburgh 2	463	9100	B	1	supp
ARREST_shrunk	Edinburgh 2	463	9200	B	1	supp
ARREST_shrunk	Edinburgh 2	463	9300	B	1	supp
ARREST_shrunk	Edinburgh 2	463	9400	B	1	supp
ARREST_shrunk	Edinburgh 2	463	9500	B	1	supp
ARREST_shrunk	Edinburgh 2	463	9600	B	1	supp
ARREST_shrunk	Edinburgh 2	463	9700	B	1	supp
ARREST_shrunk	Edinburgh 2	463	9800	B	1	supp
ARREST_shrunk	Edinburgh 2	463	9900	B	1	supp
ARREST_shrunk	Edinburgh 2	463	10000	B	1	supp
ARREST_shrunk	Edinburgh 2	463	10100	B	1	supp
ARREST_shrunk	Edinburgh 2	463	10200	B	1	supp
ARREST_shrunk	Edinburgh 2	463	10300	B	1	supp
ARREST_shrunk	Edinburgh 2	463	10400	B	1	supp
ARREST_shrunk	Edinburgh 2	463	10500	B	1	supp
ARREST_shrunk	Edinburgh 2	463	10600	B	1	supp
ARREST_shrunk	Edinburgh 2	463	10700	B	1	supp
ARREST_shrunk	Edinburgh 2	463	10800	B	1	supp
ARREST_shrunk	Edinburgh 2	463	10900	B	1	supp
ARREST_shrunk	Edinburgh 2	463	11000	B	1	supp
ARREST_shrunk	Edinburgh 2	463	11100	B	1	supp
ARREST_shrunk	Edinburgh 2	463	11200	B	1	supp
ARREST_shrunk	Edinburgh 2	463	11300	B	1	supp
ARREST_shrunk	Edinburgh 2	463	11400	B	1	supp
ARREST_shrunk	Edinburgh 2	463	11500	B	1	supp
ARREST_shrunk	Edinburgh 2	463	11600	B	1	supp
ARREST_shrunk	Edinburgh 2	463	11700	B	1	supp
ARREST_shrunk	Edinburgh 2	463	11800	B	1	supp
ARREST_shrunk	Edinburgh 2	463	11900	B	1	supp
ARREST_shrunk	Edinburgh 2	463	12000	B	1	supp
ARREST_shrunk	Edinburgh 2	463	12100	B	1	supp
ARREST_shrunk	Edinburgh 2	463	12200	B	1	supp
ARREST_shrunk	Edinburgh 2	463	12300	B	1	supp
ARREST_shrunk	Edinburgh 2	463	12400	B	1	supp
ARREST_shrunk	Edinburgh 2	463	12500	B	1	supp
ARREST_shrunk	Edinburgh 2	463	12600	B	1	supp
ARREST_shrunk	Edinburgh 2	463	12700	B	1	supp
ARREST_shrunk	Edinburgh 2	463	12800	B	1	supp
ARREST_shrunk	Edinburgh 2	463	12900	B	1	supp
ARREST_shrunk	Edinburgh 2	463	13000	B	1	supp
ARREST_shrunk	Edinburgh 2	463	13100	B	1	supp
ARREST_shrunk	Edinburgh 2	463	13200	B	1	supp
ARREST_shrunk	Edinburgh 2	463	13300	B	1	supp
ARREST_shrunk	Edinburgh 2	463	13400	B	1	supp
ARREST_shrunk	Edinburgh 2	463	13500	B	1	supp
ARREST_shrunk	Edinburgh 2	463	13600	B	1	supp
ARREST_shrunk	Edinburgh 2	463	13700	B	1	supp
ARREST_shrunk	Edinburgh 2	463	13800	B	1	supp
ARREST_shrunk	Edinburgh 2	463	13900	B	1	supp
ARREST_shrunk	Edinburgh 2	463	14000	B	1	supp
ARREST_shrunk	Edinburgh 2	463	14100	B	1	supp
ARREST_shrunk	Edinburgh 2	463	14200	B	1	supp
ARREST_shrunk	Edinburgh 2	463	14300	B	1	supp
ARREST_shrunk	Edinburgh 2	463	14400	B	1	supp
ARREST_shrunk	Edinburgh 2	463	14500	B	1	supp
ARREST_shrunk	Edinburgh 2	463	14600	B	1	supp
ARREST_shrunk	Edinburgh 2	463	14700	B	1	supp
ARREST_shrunk	Edinburgh 2	463	14800	B	1	supp
ARREST_shrunk	Edinburgh 2	463	14900	B	1	supp
ARREST_shrunk	Edinburgh 2	463	15000	B	1	supp
ARREST_shrunk	Edinburgh 2	463	15100	B	1	supp
ARREST_shrunk	Edinburgh 2	463	15200	B	1	supp
ARREST_shrunk	Edinburgh 2	463	15300	B	1	supp
ARREST_shrunk	Edinburgh 2	463	15400	B	1	supp
ARREST_shrunk	Edinburgh 2	463	15500	B	1	supp
ARREST_shrunk	Edinburgh 2	463	15600	B	1	supp
ARREST_shrunk	Edinburgh 2	463	15700	B	1	supp
ARREST_shrunk	Edinburgh 2	463	15800	B	1	supp
ARREST_shrunk	Edinburgh 2	463	15900	B	1	supp
ARREST_shrunk	Edinburgh 2	463	16000	B	1	supp
ARREST_shrunk	Edinburgh 2	463	16100	B	1	supp
ARREST_shrunk	Edinburgh 2	463	16200	B	1	supp
ARREST_shrunk	Edinburgh 2	463	16300	B	1	supp
ARREST_shrunk	Edinburgh 2	463	16400	B	1	supp
ARREST_shrunk	Edinburgh 2	463	16500	B	1	supp
ARREST_shrunk	Edinburgh 2	463	16600	B	1	supp
ARREST_shrunk	Edinburgh 2	463	16700	B	1	supp
ARREST_shrunk	Edinburgh 2	463	16800	B	1	supp
ARREST_shrunk	Edinburgh 2	463	16900	B	1	supp
ARREST_shrunk	Edinburgh 2	463	17000	B	1	supp
ARREST_shrunk	Edinburgh 2	463	17100	B	1	supp
ARREST_shrunk	Edinburgh 2	463	17200	B	1	supp
ARREST_shrunk	Edinburgh 2	463	17300	B	1	supp
ARREST_shrunk	Edinburgh 2	463	17400	B	1	supp
ARREST_shrunk	Edinburgh 2	463	17500	B	1	supp
ARREST_shrunk	Edinburgh 2	463	17600	B	1	supp
ARREST_shrunk	Edinburgh 2	463	17700	B	1	supp
ARREST_shrunk	Edinburgh 2	463	17800	B	1	supp
ARREST_shrunk	Edinburgh 2	463	17900	B	1	supp
ARREST_shrunk	Edinburgh 2	463	18000	B	1	supp
ARREST_shrunk	Edinburgh 2	463	18100	B	1	supp
ARREST_shrunk	Edinburgh 2	463	18200	B	1	supp
ARREST_shrunk	Edinburgh 2	463	18300	B	1	supp
ARREST_shrunk	Edinburgh 2	463	18400	B	1	supp
ARREST_shrunk	Edinburgh 2	463	18500	B	1	supp
ARREST_shrunk	Edinburgh 2	463	18600	B	1	supp
ARREST_shrunk	Edinburgh 2	463	18700	B	1	supp
ARREST_shrunk	Edinburgh 2	463	18800	B	1	supp
ARREST_shrunk	Edinburgh 2	463	18900	B	1	supp
ARREST_shrunk	Edinburgh 2	463	19000	B	1	supp
ARREST_shrunk	Edinburgh 2	463	19100	B	1	supp
ARREST_shrunk	Edinburgh 2	463	19200	B	1	supp
ARREST_shrunk	Edinburgh 2	463	19300	B	1	supp
ARREST_shrunk	Edinburgh 2	463	19400	B	1	supp
ARREST_shrunk	Edinburgh 2	463	19500	B	1	supp
ARREST_shrunk	Edinburgh 2	463	19600	B	1	supp
ARREST_shrunk	Edinburgh 2	463	19700	B	1	supp
ARREST_shrunk	Edinburgh 2	463	19800	B	1	supp
ARREST_shrunk	Edinburgh 2	463	19900	B	1	supp
ARREST_shrunk	Edinburgh 2	463	20000	B	1	supp
ARREST_shrunk	IDISA	490	100	B	0.17218813200524086	supp
ARREST_shrunk	IDISA	490	200	B	0.3934485384510791	supp
ARREST_shrunk	IDISA	490	300	B	0.5978564784873495	supp
ARREST_shrunk	IDISA	490	400	B	0.7532081391142582	supp
ARREST_shrunk	IDISA	490	500	B	0.857569648714487	supp
ARREST_shrunk	IDISA	490	600	B	0.9218154289775047	supp
ARREST_shrunk	IDISA	490	700	B	0.9588363895089935	supp
ARREST_shrunk	IDISA	490	800	B	0.9790817244459417	supp
ARREST_shrunk	IDISA	490	900	B	0.989689283394659	supp
ARREST_shrunk	IDISA	490	1000	B	0.9950513047535188	supp
ARREST_shrunk	IDISA	490	1100	B	0.9976799671857788	supp
ARREST_shrunk	IDISA	490	1200	B	0.9989348358286353	supp
ARREST_shrunk	IDISA	490	1300	B	0.9995200598109912	supp
ARREST_shrunk	IDISA	490	1400	B	0.9997873879615559	supp
ARREST_shrunk	IDISA	490	1500	B	0.9999072563809618	supp
ARREST_shrunk	IDISA	490	1600	B	0.9999601115573362	supp
ARREST_shrunk	IDISA	490	1700	B	0.9999830655175941	supp
ARREST_shrunk	IDISA	490	1800	B	0.9999928962022109	supp
ARREST_shrunk	IDISA	490	1900	B	0.9999970529822404	supp
ARREST_shrunk	IDISA	490	2000	B	0.9999987900032848	supp
ARREST_shrunk	IDISA	490	2100	B	0.9999995079677785	supp
ARREST_shrunk	IDISA	490	2200	B	0.999999801720507	supp
ARREST_shrunk	IDISA	490	2300	B	0.9999999207723477	supp
ARREST_shrunk	IDISA	490	2400	B	0.9999999685944153	supp
ARREST_shrunk	IDISA	490	2500	B	0.9999999876443928	supp
ARREST_shrunk	IDISA	490	2600	B	0.9999999951735631	supp
ARREST_shrunk	IDISA	490	2700	B	0.9999999981273479	supp
ARREST_shrunk	IDISA	490	2800	B	0.9999999992780545	supp
ARREST_shrunk	IDISA	490	2900	B	0.9999999997233663	supp
ARREST_shrunk	IDISA	490	3000	B	0.9999999998946135	supp
ARREST_shrunk	IDISA	490	3100	B	0.9999999999600736	supp
ARREST_shrunk	IDISA	490	3200	B	0.9999999999849534	supp
ARREST_shrunk	IDISA	490	3300	B	0.9999999999943582	supp
ARREST_shrunk	IDISA	490	3400	B	0.9999999999978948	supp
ARREST_shrunk	IDISA	490	3500	B	0.9999999999992181	supp
ARREST_shrunk	IDISA	490	3600	B	0.9999999999997109	supp
ARREST_shrunk	IDISA	490	3700	B	0.9999999999998935	supp
ARREST_shrunk	IDISA	490	3800	B	0.9999999999999609	supp
ARREST_shrunk	IDISA	490	3900	B	0.9999999999999858	supp
ARREST_shrunk	IDISA	490	4000	B	0.9999999999999948	supp
ARREST_shrunk	IDISA	490	4100	B	0.9999999999999981	supp
ARREST_shrunk	IDISA	490	4200	B	0.9999999999999993	supp
ARREST_shrunk	IDISA	490	4300	B	0.9999999999999998	supp
ARREST_shrunk	IDISA	490	4400	B	0.9999999999999999	supp
ARREST_shrunk	IDISA	490	4500	B	1	supp
ARREST_shrunk	IDISA	490	4600	B	1	supp
ARREST_shrunk	IDISA	490	4700	B	1	supp
ARREST_shrunk	IDISA	490	4800	B	1	supp
ARREST_shrunk	IDISA	490	4900	B	1	supp
ARREST_shrunk	IDISA	490	5000	B	1	supp
ARREST_shrunk	IDISA	490	5100	B	1	supp
ARREST_shrunk	IDISA	490	5200	B	1	supp
ARREST_shrunk	IDISA	490	5300	B	1	supp
ARREST_shrunk	IDISA	490	5400	B	1	supp
ARREST_shrunk	IDISA	490	5500	B	1	supp
ARREST_shrunk	IDISA	490	5600	B	1	supp
ARREST_shrunk	IDISA	490	5700	B	1	supp
ARREST_shrunk	IDISA	490	5800	B	1	supp
ARREST_shrunk	IDISA	490	5900	B	1	supp
ARREST_shrunk	IDISA	490	6000	B	1	supp
ARREST_shrunk	IDISA	490	6100	B	1	supp
ARREST_shrunk	IDISA	490	6200	B	1	supp
ARREST_shrunk	IDISA	490	6300	B	1	supp
ARREST_shrunk	IDISA	490	6400	B	1	supp
ARREST_shrunk	IDISA	490	6500	B	1	supp
ARREST_shrunk	IDISA	490	6600	B	1	supp
ARREST_shrunk	IDISA	490	6700	B	1	supp
ARREST_shrunk	IDISA	490	6800	B	1	supp
ARREST_shrunk	IDISA	490	6900	B	1	supp
ARREST_shrunk	IDISA	490	7000	B	1	supp
ARREST_shrunk	IDISA	490	7100	B	1	supp
ARREST_shrunk	IDISA	490	7200	B	1	supp
ARREST_shrunk	IDISA	490	7300	B	1	supp
ARREST_shrunk	IDISA	490	7400	B	1	supp
ARREST_shrunk	IDISA	490	7500	B	1	supp
ARREST_shrunk	IDISA	490	7600	B	1	supp
ARREST_shrunk	IDISA	490	7700	B	1	supp
ARREST_shrunk	IDISA	490	7800	B	1	supp
ARREST_shrunk	IDISA	490	7900	B	1	supp
ARREST_shrunk	IDISA	490	8000	B	1	supp
ARREST_shrunk	IDISA	490	8100	B	1	supp
ARREST_shrunk	IDISA	490	8200	B	1	supp
ARREST_shrunk	IDISA	490	8300	B	1	supp
ARREST_shrunk	IDISA	490	8400	B	1	supp
ARREST_shrunk	IDISA	490	8500	B	1	supp
ARREST_shrunk	IDISA	490	8600	B	1	supp
ARREST_shrunk	IDISA	490	8700	B	1	supp
ARREST_shrunk	IDISA	490	8800	B	1	supp
ARREST_shrunk	IDISA	490	8900	B	1	supp
ARREST_shrunk	IDISA	490	9000	B	1	supp
ARREST_shrunk	IDISA	490	9100	B	1	supp
ARREST_shrunk	IDISA	490	9200	B	1	supp
ARREST_shrunk	IDISA	490	9300	B	1	supp
ARREST_shrunk	IDISA	490	9400	B	1	supp
ARREST_shrunk	IDISA	490	9500	B	1	supp
ARREST_shrunk	IDISA	490	9600	B	1	supp
ARREST_shrunk	IDISA	490	9700	B	1	supp
ARREST_shrunk	IDISA	490	9800	B	1	supp
ARREST_shrunk	IDISA	490	9900	B	1	supp
ARREST_shrunk	IDISA	490	10000	B	1	supp
ARREST_shrunk	IDISA	490	10100	B	1	supp
ARREST_shrunk	IDISA	490	10200	B	1	supp
ARREST_shrunk	IDISA	490	10300	B	1	supp
ARREST_shrunk	IDISA	490	10400	B	1	supp
ARREST_shrunk	IDISA	490	10500	B	1	supp
ARREST_shrunk	IDISA	490	10600	B	1	supp
ARREST_shrunk	IDISA	490	10700	B	1	supp
ARREST_shrunk	IDISA	490	10800	B	1	supp
ARREST_shrunk	IDISA	490	10900	B	1	supp
ARREST_shrunk	IDISA	490	11000	B	1	supp
ARREST_shrunk	IDISA	490	11100	B	1	supp
ARREST_shrunk	IDISA	490	11200	B	1	supp
ARREST_shrunk	IDISA	490	11300	B	1	supp
ARREST_shrunk	IDISA	490	11400	B	1	supp
ARREST_shrunk	IDISA	490	11500	B	1	supp
ARREST_shrunk	IDISA	490	11600	B	1	supp
ARREST_shrunk	IDISA	490	11700	B	1	supp
ARREST_shrunk	IDISA	490	11800	B	1	supp
ARREST_shrunk	IDISA	490	11900	B	1	supp
ARREST_shrunk	IDISA	490	12000	B	1	supp
ARREST_shrunk	IDISA	490	12100	B	1	supp
ARREST_shrunk	IDISA	490	12200	B	1	supp
ARREST_shrunk	IDISA	490	12300	B	1	supp
ARREST_shrunk	IDISA	490	12400	B	1	supp
ARREST_shrunk	IDISA	490	12500	B	1	supp
ARREST_shrunk	IDISA	490	12600	B	1	supp
ARREST_shrunk	IDISA	490	12700	B	1	supp
ARREST_shrunk	IDISA	490	12800	B	1	supp
ARREST_shrunk	IDISA	490	12900	B	1	supp
ARREST_shrunk	IDISA	490	13000	B	1	supp
ARREST_shrunk	IDISA	490	13100	B	1	supp
ARREST_shrunk	IDISA	490	13200	B	1	supp
ARREST_shrunk	IDISA	490	13300	B	1	supp
ARREST_shrunk	IDISA	490	13400	B	1	supp
ARREST_shrunk	IDISA	490	13500	B	1	supp
ARREST_shrunk	IDISA	490	13600	B	1	supp
ARREST_shrunk	IDISA	490	13700	B	1	supp
ARREST_shrunk	IDISA	490	13800	B	1	supp
ARREST_shrunk	IDISA	490	13900	B	1	supp
ARREST_shrunk	IDISA	490	14000	B	1	supp
ARREST_shrunk	IDISA	490	14100	B	1	supp
ARREST_shrunk	IDISA	490	14200	B	1	supp
ARREST_shrunk	IDISA	490	14300	B	1	supp
ARREST_shrunk	IDISA	490	14400	B	1	supp
ARREST_shrunk	IDISA	490	14500	B	1	supp
ARREST_shrunk	IDISA	490	14600	B	1	supp
ARREST_shrunk	IDISA	490	14700	B	1	supp
ARREST_shrunk	IDISA	490	14800	B	1	supp
ARREST_shrunk	IDISA	490	14900	B	1	supp
ARREST_shrunk	IDISA	490	15000	B	1	supp
ARREST_shrunk	IDISA	490	15100	B	1	supp
ARREST_shrunk	IDISA	490	15200	B	1	supp
ARREST_shrunk	IDISA	490	15300	B	1	supp
ARREST_shrunk	IDISA	490	15400	B	1	supp
ARREST_shrunk	IDISA	490	15500	B	1	supp
ARREST_shrunk	IDISA	490	15600	B	1	supp
ARREST_shrunk	IDISA	490	15700	B	1	supp
ARREST_shrunk	IDISA	490	15800	B	1	supp
ARREST_shrunk	IDISA	490	15900	B	1	supp
ARREST_shrunk	IDISA	490	16000	B	1	supp
ARREST_shrunk	IDISA	490	16100	B	1	supp
ARREST_shrunk	IDISA	490	16200	B	1	supp
ARREST_shrunk	IDISA	490	16300	B	1	supp
ARREST_shrunk	IDISA	490	16400	B	1	supp
ARREST_shrunk	IDISA	490	16500	B	1	supp
ARREST_shrunk	IDISA	490	16600	B	1	supp
ARREST_shrunk	IDISA	490	16700	B	1	supp
ARREST_shrunk	IDISA	490	16800	B	1	supp
ARREST_shrunk	IDISA	490	16900	B	1	supp
ARREST_shrunk	IDISA	490	17000	B	1	supp
ARREST_shrunk	IDISA	490	17100	B	1	supp
ARREST_shrunk	IDISA	490	17200	B	1	supp
ARREST_shrunk	IDISA	490	17300	B	1	supp
ARREST_shrunk	IDISA	490	17400	B	1	supp
ARREST_shrunk	IDISA	490	17500	B	1	supp
ARREST_shrunk	IDISA	490	17600	B	1	supp
ARREST_shrunk	IDISA	490	17700	B	1	supp
ARREST_shrunk	IDISA	490	17800	B	1	supp
ARREST_shrunk	IDISA	490	17900	B	1	supp
ARREST_shrunk	IDISA	490	18000	B	1	supp
ARREST_shrunk	IDISA	490	18100	B	1	supp
ARREST_shrunk	IDISA	490	18200	B	1	supp
ARREST_shrunk	IDISA	490	18300	B	1	supp
ARREST_shrunk	IDISA	490	18400	B	1	supp
ARREST_shrunk	IDISA	490	18500	B	1	supp
ARREST_shrunk	IDISA	490	18600	B	1	supp
ARREST_shrunk	IDISA	490	18700	B	1	supp
ARREST_shrunk	IDISA	490	18800	B	1	supp
ARREST_shrunk	IDISA	490	18900	B	1	supp
ARREST_shrunk	IDISA	490	19000	B	1	supp
ARREST_shrunk	IDISA	490	19100	B	1	supp
ARREST_shrunk	IDISA	490	19200	B	1	supp
ARREST_shrunk	IDISA	490	19300	B	1	supp
ARREST_shrunk	IDISA	490	19400	B	1	supp
ARREST_shrunk	IDISA	490	19500	B	1	supp
ARREST_shrunk	IDISA	490	19600	B	1	supp
ARREST_shrunk	IDISA	490	19700	B	1	supp
ARREST_shrunk	IDISA	490	19800	B	1	supp
ARREST_shrunk	IDISA	490	19900	B	1	supp
ARREST_shrunk	IDISA	490	20000	B	1	supp
ARREST_shrunk	SABG-PCS	755	100	B	0.22442674013668218	supp
ARREST_shrunk	SABG-PCS	755	200	B	0.4983620405158665	supp
ARREST_shrunk	SABG-PCS	755	300	B	0.7169739796329775	supp
ARREST_shrunk	SABG-PCS	755	400	B	0.855686071533169	supp
ARREST_shrunk	SABG-PCS	755	500	B	0.9319433596851723	supp
ARREST_shrunk	SABG-PCS	755	600	B	0.9698453748615514	supp
ARREST_shrunk	SABG-PCS	755	700	B	0.9873052455903698	supp
ARREST_shrunk	SABG-PCS	755	800	B	0.9948799902814546	supp
ARREST_shrunk	SABG-PCS	755	900	B	0.9980092228091766	supp
ARREST_shrunk	SABG-PCS	755	1000	B	0.9992500906474225	supp
ARREST_shrunk	SABG-PCS	755	1100	B	0.9997252576627801	supp
ARREST_shrunk	SABG-PCS	755	1200	B	0.9999017913293884	supp
ARREST_shrunk	SABG-PCS	755	1300	B	0.9999656587320691	supp
ARREST_shrunk	SABG-PCS	755	1400	B	0.9999882273771483	supp
ARREST_shrunk	SABG-PCS	755	1500	B	0.9999960361048624	supp
ARREST_shrunk	SABG-PCS	755	1600	B	0.9999986870509099	supp
ARREST_shrunk	SABG-PCS	755	1700	B	0.999999571608533	supp
ARREST_shrunk	SABG-PCS	755	1800	B	0.9999998621476613	supp
ARREST_shrunk	SABG-PCS	755	1900	B	0.9999999562057319	supp
ARREST_shrunk	SABG-PCS	755	2000	B	0.9999999862517831	supp
ARREST_shrunk	SABG-PCS	755	2100	B	0.9999999957317213	supp
ARREST_shrunk	SABG-PCS	755	2200	B	0.999999998688556	supp
ARREST_shrunk	SABG-PCS	755	2300	B	0.9999999996009585	supp
ARREST_shrunk	SABG-PCS	755	2400	B	0.9999999998796876	supp
ARREST_shrunk	SABG-PCS	755	2500	B	0.999999999964037	supp
ARREST_shrunk	SABG-PCS	755	2600	B	0.9999999999893374	supp
ARREST_shrunk	SABG-PCS	755	2700	B	0.999999999996863	supp
ARREST_shrunk	SABG-PCS	755	2800	B	0.9999999999990838	supp
ARREST_shrunk	SABG-PCS	755	2900	B	0.9999999999997342	supp
ARREST_shrunk	SABG-PCS	755	3000	B	0.9999999999999234	supp
ARREST_shrunk	SABG-PCS	755	3100	B	0.9999999999999781	supp
ARREST_shrunk	SABG-PCS	755	3200	B	0.9999999999999938	supp
ARREST_shrunk	SABG-PCS	755	3300	B	0.9999999999999982	supp
ARREST_shrunk	SABG-PCS	755	3400	B	0.9999999999999996	supp
ARREST_shrunk	SABG-PCS	755	3500	B	0.9999999999999999	supp
ARREST_shrunk	SABG-PCS	755	3600	B	1	supp
ARREST_shrunk	SABG-PCS	755	3700	B	1	supp
ARREST_shrunk	SABG-PCS	755	3800	B	1	supp
ARREST_shrunk	SABG-PCS	755	3900	B	1	supp
ARREST_shrunk	SABG-PCS	755	4000	B	1	supp
ARREST_shrunk	SABG-PCS	755	4100	B	1	supp
ARREST_shrunk	SABG-PCS	755	4200	B	1	supp
ARREST_shrunk	SABG-PCS	755	4300	B	1	supp
ARREST_shrunk	SABG-PCS	755	4400	B	1	supp
ARREST_shrunk	SABG-PCS	755	4500	B	1	supp
ARREST_shrunk	SABG-PCS	755	4600	B	1	supp
ARREST_shrunk	SABG-PCS	755	4700	B	1	supp
ARREST_shrunk	SABG-PCS	755	4800	B	1	supp
ARREST_shrunk	SABG-PCS	755	4900	B	1	supp
ARREST_shrunk	SABG-PCS	755	5000	B	1	supp
ARREST_shrunk	SABG-PCS	755	5100	B	1	supp
ARREST_shrunk	SABG-PCS	755	5200	B	1	supp
ARREST_shrunk	SABG-PCS	755	5300	B	1	supp
ARREST_shrunk	SABG-PCS	755	5400	B	1	supp
ARREST_shrunk	SABG-PCS	755	5500	B	1	supp
ARREST_shrunk	SABG-PCS	755	5600	B	1	supp
ARREST_shrunk	SABG-PCS	755	5700	B	1	supp
ARREST_shrunk	SABG-PCS	755	5800	B	1	supp
ARREST_shrunk	SABG-PCS	755	5900	B	1	supp
ARREST_shrunk	SABG-PCS	755	6000	B	1	supp
ARREST_shrunk	SABG-PCS	755	6100	B	1	supp
ARREST_shrunk	SABG-PCS	755	6200	B	1	supp
ARREST_shrunk	SABG-PCS	755	6300	B	1	supp
ARREST_shrunk	SABG-PCS	755	6400	B	1	supp
ARREST_shrunk	SABG-PCS	755	6500	B	1	supp
ARREST_shrunk	SABG-PCS	755	6600	B	1	supp
ARREST_shrunk	SABG-PCS	755	6700	B	1	supp
ARREST_shrunk	SABG-PCS	755	6800	B	1	supp
ARREST_shrunk	SABG-PCS	755	6900	B	1	supp
ARREST_shrunk	SABG-PCS	755	7000	B	1	supp
ARREST_shrunk	SABG-PCS	755	7100	B	1	supp
ARREST_shrunk	SABG-PCS	755	7200	B	1	supp
ARREST_shrunk	SABG-PCS	755	7300	B	1	supp
ARREST_shrunk	SABG-PCS	755	7400	B	1	supp
ARREST_shrunk	SABG-PCS	755	7500	B	1	supp
ARREST_shrunk	SABG-PCS	755	7600	B	1	supp
ARREST_shrunk	SABG-PCS	755	7700	B	1	supp
ARREST_shrunk	SABG-PCS	755	7800	B	1	supp
ARREST_shrunk	SABG-PCS	755	7900	B	1	supp
ARREST_shrunk	SABG-PCS	755	8000	B	1	supp
ARREST_shrunk	SABG-PCS	755	8100	B	1	supp
ARREST_shrunk	SABG-PCS	755	8200	B	1	supp
ARREST_shrunk	SABG-PCS	755	8300	B	1	supp
ARREST_shrunk	SABG-PCS	755	8400	B	1	supp
ARREST_shrunk	SABG-PCS	755	8500	B	1	supp
ARREST_shrunk	SABG-PCS	755	8600	B	1	supp
ARREST_shrunk	SABG-PCS	755	8700	B	1	supp
ARREST_shrunk	SABG-PCS	755	8800	B	1	supp
ARREST_shrunk	SABG-PCS	755	8900	B	1	supp
ARREST_shrunk	SABG-PCS	755	9000	B	1	supp
ARREST_shrunk	SABG-PCS	755	9100	B	1	supp
ARREST_shrunk	SABG-PCS	755	9200	B	1	supp
ARREST_shrunk	SABG-PCS	755	9300	B	1	supp
ARREST_shrunk	SABG-PCS	755	9400	B	1	supp
ARREST_shrunk	SABG-PCS	755	9500	B	1	supp
ARREST_shrunk	SABG-PCS	755	9600	B	1	supp
ARREST_shrunk	SABG-PCS	755	9700	B	1	supp
ARREST_shrunk	SABG-PCS	755	9800	B	1	supp
ARREST_shrunk	SABG-PCS	755	9900	B	1	supp
ARREST_shrunk	SABG-PCS	755	10000	B	1	supp
ARREST_shrunk	SABG-PCS	755	10100	B	1	supp
ARREST_shrunk	SABG-PCS	755	10200	B	1	supp
ARREST_shrunk	SABG-PCS	755	10300	B	1	supp
ARREST_shrunk	SABG-PCS	755	10400	B	1	supp
ARREST_shrunk	SABG-PCS	755	10500	B	1	supp
ARREST_shrunk	SABG-PCS	755	10600	B	1	supp
ARREST_shrunk	SABG-PCS	755	10700	B	1	supp
ARREST_shrunk	SABG-PCS	755	10800	B	1	supp
ARREST_shrunk	SABG-PCS	755	10900	B	1	supp
ARREST_shrunk	SABG-PCS	755	11000	B	1	supp
ARREST_shrunk	SABG-PCS	755	11100	B	1	supp
ARREST_shrunk	SABG-PCS	755	11200	B	1	supp
ARREST_shrunk	SABG-PCS	755	11300	B	1	supp
ARREST_shrunk	SABG-PCS	755	11400	B	1	supp
ARREST_shrunk	SABG-PCS	755	11500	B	1	supp
ARREST_shrunk	SABG-PCS	755	11600	B	1	supp
ARREST_shrunk	SABG-PCS	755	11700	B	1	supp
ARREST_shrunk	SABG-PCS	755	11800	B	1	supp
ARREST_shrunk	SABG-PCS	755	11900	B	1	supp
ARREST_shrunk	SABG-PCS	755	12000	B	1	supp
ARREST_shrunk	SABG-PCS	755	12100	B	1	supp
ARREST_shrunk	SABG-PCS	755	12200	B	1	supp
ARREST_shrunk	SABG-PCS	755	12300	B	1	supp
ARREST_shrunk	SABG-PCS	755	12400	B	1	supp
ARREST_shrunk	SABG-PCS	755	12500	B	1	supp
ARREST_shrunk	SABG-PCS	755	12600	B	1	supp
ARREST_shrunk	SABG-PCS	755	12700	B	1	supp
ARREST_shrunk	SABG-PCS	755	12800	B	1	supp
ARREST_shrunk	SABG-PCS	755	12900	B	1	supp
ARREST_shrunk	SABG-PCS	755	13000	B	1	supp
ARREST_shrunk	SABG-PCS	755	13100	B	1	supp
ARREST_shrunk	SABG-PCS	755	13200	B	1	supp
ARREST_shrunk	SABG-PCS	755	13300	B	1	supp
ARREST_shrunk	SABG-PCS	755	13400	B	1	supp
ARREST_shrunk	SABG-PCS	755	13500	B	1	supp
ARREST_shrunk	SABG-PCS	755	13600	B	1	supp
ARREST_shrunk	SABG-PCS	755	13700	B	1	supp
ARREST_shrunk	SABG-PCS	755	13800	B	1	supp
ARREST_shrunk	SABG-PCS	755	13900	B	1	supp
ARREST_shrunk	SABG-PCS	755	14000	B	1	supp
ARREST_shrunk	SABG-PCS	755	14100	B	1	supp
ARREST_shrunk	SABG-PCS	755	14200	B	1	supp
ARREST_shrunk	SABG-PCS	755	14300	B	1	supp
ARREST_shrunk	SABG-PCS	755	14400	B	1	supp
ARREST_shrunk	SABG-PCS	755	14500	B	1	supp
ARREST_shrunk	SABG-PCS	755	14600	B	1	supp
ARREST_shrunk	SABG-PCS	755	14700	B	1	supp
ARREST_shrunk	SABG-PCS	755	14800	B	1	supp
ARREST_shrunk	SABG-PCS	755	14900	B	1	supp
ARREST_shrunk	SABG-PCS	755	15000	B	1	supp
ARREST_shrunk	SABG-PCS	755	15100	B	1	supp
ARREST_shrunk	SABG-PCS	755	15200	B	1	supp
ARREST_shrunk	SABG-PCS	755	15300	B	1	supp
ARREST_shrunk	SABG-PCS	755	15400	B	1	supp
ARREST_shrunk	SABG-PCS	755	15500	B	1	supp
ARREST_shrunk	SABG-PCS	755	15600	B	1	supp
ARREST_shrunk	SABG-PCS	755	15700	B	1	supp
ARREST_shrunk	SABG-PCS	755	15800	B	1	supp
ARREST_shrunk	SABG-PCS	755	15900	B	1	supp
ARREST_shrunk	SABG-PCS	755	16000	B	1	supp
ARREST_shrunk	SABG-PCS	755	16100	B	1	supp
ARREST_shrunk	SABG-PCS	755	16200	B	1	supp
ARREST_shrunk	SABG-PCS	755	16300	B	1	supp
ARREST_shrunk	SABG-PCS	755	16400	B	1	supp
ARREST_shrunk	SABG-PCS	755	16500	B	1	supp
ARREST_shrunk	SABG-PCS	755	16600	B	1	supp
ARREST_shrunk	SABG-PCS	755	16700	B	1	supp
ARREST_shrunk	SABG-PCS	755	16800	B	1	supp
ARREST_shrunk	SABG-PCS	755	16900	B	1	supp
ARREST_shrunk	SABG-PCS	755	17000	B	1	supp
ARREST_shrunk	SABG-PCS	755	17100	B	1	supp
ARREST_shrunk	SABG-PCS	755	17200	B	1	supp
ARREST_shrunk	SABG-PCS	755	17300	B	1	supp
ARREST_shrunk	SABG-PCS	755	17400	B	1	supp
ARREST_shrunk	SABG-PCS	755	17500	B	1	supp
ARREST_shrunk	SABG-PCS	755	17600	B	1	supp
ARREST_shrunk	SABG-PCS	755	17700	B	1	supp
ARREST_shrunk	SABG-PCS	755	17800	B	1	supp
ARREST_shrunk	SABG-PCS	755	17900	B	1	supp
ARREST_shrunk	SABG-PCS	755	18000	B	1	supp
ARREST_shrunk	SABG-PCS	755	18100	B	1	supp
ARREST_shrunk	SABG-PCS	755	18200	B	1	supp
ARREST_shrunk	SABG-PCS	755	18300	B	1	supp
ARREST_shrunk	SABG-PCS	755	18400	B	1	supp
ARREST_shrunk	SABG-PCS	755	18500	B	1	supp
ARREST_shrunk	SABG-PCS	755	18600	B	1	supp
ARREST_shrunk	SABG-PCS	755	18700	B	1	supp
ARREST_shrunk	SABG-PCS	755	18800	B	1	supp
ARREST_shrunk	SABG-PCS	755	18900	B	1	supp
ARREST_shrunk	SABG-PCS	755	19000	B	1	supp
ARREST_shrunk	SABG-PCS	755	19100	B	1	supp
ARREST_shrunk	SABG-PCS	755	19200	B	1	supp
ARREST_shrunk	SABG-PCS	755	19300	B	1	supp
ARREST_shrunk	SABG-PCS	755	19400	B	1	supp
ARREST_shrunk	SABG-PCS	755	19500	B	1	supp
ARREST_shrunk	SABG-PCS	755	19600	B	1	supp
ARREST_shrunk	SABG-PCS	755	19700	B	1	supp
ARREST_shrunk	SABG-PCS	755	19800	B	1	supp
ARREST_shrunk	SABG-PCS	755	19900	B	1	supp
ARREST_shrunk	SABG-PCS	755	20000	B	1	supp
ARREST_shrunk	ARREST	758	100	C	0.010707392866498133	supp
ARREST_shrunk	ARREST	758	200	C	0.011422802010695787	supp
ARREST_shrunk	ARREST	758	300	C	0.01214619646020132	supp
ARREST_shrunk	ARREST	758	400	C	0.012877545020633985	supp
ARREST_shrunk	ARREST	758	500	C	0.01361681627939526	supp
ARREST_shrunk	ARREST	758	600	C	0.014363978609414296	supp
ARREST_shrunk	ARREST	758	700	C	0.01511900017286838	supp
ARREST_shrunk	ARREST	758	800	C	0.01588184892487743	supp
ARREST_shrunk	ARREST	758	900	C	0.016652492617172387	supp
ARREST_shrunk	ARREST	758	1000	C	0.017430898801739425	supp
ARREST_shrunk	ARREST	758	1100	C	0.018217034834437262	supp
ARREST_shrunk	ARREST	758	1200	C	0.01901086787859052	supp
ARREST_shrunk	ARREST	758	1300	C	0.019812364908556424	supp
ARREST_shrunk	ARREST	758	1400	C	0.020621492713267298	supp
ARREST_shrunk	ARREST	758	1500	C	0.021438217899747203	supp
ARREST_shrunk	ARREST	758	1600	C	0.022262506896603584	supp
ARREST_shrunk	ARREST	758	1700	C	0.023094325957494166	supp
ARREST_shrunk	ARREST	758	1800	C	0.023933641164567865	supp
ARREST_shrunk	ARREST	758	1900	C	0.024780418431882167	supp
ARREST_shrunk	ARREST	758	2000	C	0.025634623508794308	supp
ARREST_shrunk	ARREST	758	2100	C	0.026496221983328128	supp
ARREST_shrunk	ARREST	758	2200	C	0.027365179285516184	supp
ARREST_shrunk	ARREST	758	2300	C	0.0282414606907172	supp
ARREST_shrunk	ARREST	758	2400	C	0.029125031322908668	supp
ARREST_shrunk	ARREST	758	2500	C	0.030015856157954768	supp
ARREST_shrunk	ARREST	758	2600	C	0.030913900026850127	supp
ARREST_shrunk	ARREST	758	2700	C	0.031819127618939014	supp
ARREST_shrunk	ARREST	758	2800	C	0.03273150348510956	supp
ARREST_shrunk	ARREST	758	2900	C	0.03365099204096533	supp
ARREST_shrunk	ARREST	758	3000	C	0.03457755756996983	supp
ARREST_shrunk	ARREST	758	3100	C	0.03551116422657041	supp
ARREST_shrunk	ARREST	758	3200	C	0.036451776039294614	supp
ARREST_shrunk	ARREST	758	3300	C	0.03739935691382534	supp
ARREST_shrunk	ARREST	758	3400	C	0.03835387063604989	supp
ARREST_shrunk	ARREST	758	3500	C	0.03931528087508662	supp
ARREST_shrunk	ARREST	758	3600	C	0.0402835511862869	supp
ARREST_shrunk	ARREST	758	3700	C	0.041258645014213946	supp
ARREST_shrunk	ARREST	758	3800	C	0.04224052569559822	supp
ARREST_shrunk	ARREST	758	3900	C	0.04322915646226766	supp
ARREST_shrunk	ARREST	758	4000	C	0.04422450044405668	supp
ARREST_shrunk	ARREST	758	4100	C	0.045226520671689974	supp
ARREST_shrunk	ARREST	758	4200	C	0.04623518007964422	supp
ARREST_shrunk	ARREST	758	4300	C	0.04725044150898572	supp
ARREST_shrunk	ARREST	758	4400	C	0.048272267710185224	supp
ARREST_shrunk	ARREST	758	4500	C	0.0493006213459094	supp
ARREST_shrunk	ARREST	758	4600	C	0.050335464993789936	supp
ARREST_shrunk	ARREST	758	4700	C	0.051376761149169003	supp
ARREST_shrunk	ARREST	758	4800	C	0.05242447222782254	supp
ARREST_shrunk	ARREST	758	4900	C	0.05347856056865974	supp
ARREST_shrunk	ARREST	758	5000	C	0.05453898843640137	supp
ARREST_shrunk	ARREST	758	5100	C	0.05560571802423386	supp
ARREST_shrunk	ARREST	758	5200	C	0.056678711456442876	supp
ARREST_shrunk	ARREST	758	5300	C	0.057757930791022094	supp
ARREST_shrunk	ARREST	758	5400	C	0.05884333802226149	supp
ARREST_shrunk	ARREST	758	5500	C	0.059934895083312956	supp
ARREST_shrunk	ARREST	758	5600	C	0.061032563848733346	supp
ARREST_shrunk	ARREST	758	5700	C	0.062136306137005604	supp
ARREST_shrunk	ARREST	758	5800	C	0.06324608371303853	supp
ARREST_shrunk	ARREST	758	5900	C	0.06436185829064323	supp
ARREST_shrunk	ARREST	758	6000	C	0.06548359153498973	supp
ARREST_shrunk	ARREST	758	6100	C	0.06661124506504046	supp
ARREST_shrunk	ARREST	758	6200	C	0.067744780455962	supp
ARREST_shrunk	ARREST	758	6300	C	0.06888415924151614	supp
ARREST_shrunk	ARREST	758	6400	C	0.0700293429164296	supp
ARREST_shrunk	ARREST	758	6500	C	0.07118029293874129	supp
ARREST_shrunk	ARREST	758	6600	C	0.07233697073212919	supp
ARREST_shrunk	ARREST	758	6700	C	0.07349933768821604	supp
ARREST_shrunk	ARREST	758	6800	C	0.07466735516885314	supp
ARREST_shrunk	ARREST	758	6900	C	0.07584098450838461	supp
ARREST_shrunk	ARREST	758	7000	C	0.07702018701588942	supp
ARREST_shrunk	ARREST	758	7100	C	0.0782049239774032	supp
ARREST_shrunk	ARREST	758	7200	C	0.07939515665811903	supp
ARREST_shrunk	ARREST	758	7300	C	0.08059084630456848	supp
ARREST_shrunk	ARREST	758	7400	C	0.08179195414678064	supp
ARREST_shrunk	ARREST	758	7500	C	0.08299844140042256	supp
ARREST_shrunk	ARREST	758	7600	C	0.08421026926891739	supp
ARREST_shrunk	ARREST	758	7700	C	0.08542739894554385	supp
ARREST_shrunk	ARREST	758	7800	C	0.086649791615515	supp
ARREST_shrunk	ARREST	758	7900	C	0.08787740845803649	supp
ARREST_shrunk	ARREST	758	8000	C	0.08911021064834534	supp
ARREST_shrunk	ARREST	758	8100	C	0.09034815935972962	supp
ARREST_shrunk	ARREST	758	8200	C	0.09159121576552642	supp
ARREST_shrunk	ARREST	758	8300	C	0.0928393410411017	supp
ARREST_shrunk	ARREST	758	8400	C	0.09409249636581019	supp
ARREST_shrunk	ARREST	758	8500	C	0.09535064292493589	supp
ARREST_shrunk	ARREST	758	8600	C	0.09661374191161254	supp
ARREST_shrunk	ARREST	758	8700	C	0.09788175452872594	supp
ARREST_shrunk	ARREST	758	8800	C	0.0991546419907956	supp
ARREST_shrunk	ARREST	758	8900	C	0.1004323655258389	supp
ARREST_shrunk	ARREST	758	9000	C	0.10171488637721482	supp
ARREST_shrunk	ARREST	758	9100	C	0.10300216580544996	supp
ARREST_shrunk	ARREST	758	9200	C	0.10429416509004452	supp
ARREST_shrunk	ARREST	758	9300	C	0.10559084553126097	supp
ARREST_shrunk	ARREST	758	9400	C	0.10689216845189276	supp
ARREST_shrunk	ARREST	758	9500	C	0.10819809519901491	supp
ARREST_shrunk	ARREST	758	9600	C	0.10950858714571743	supp
ARREST_shrunk	ARREST	758	9700	C	0.1108236056928179	supp
ARREST_shrunk	ARREST	758	9800	C	0.11214311227055862	supp
ARREST_shrunk	ARREST	758	9900	C	0.11346706834028275	supp
ARREST_shrunk	ARREST	758	10000	C	0.1147954353960956	supp
ARREST_shrunk	ARREST	758	10100	C	0.11612817496650463	supp
ARREST_shrunk	ARREST	758	10200	C	0.11746524861604446	supp
ARREST_shrunk	ARREST	758	10300	C	0.11880661794688196	supp
ARREST_shrunk	ARREST	758	10400	C	0.12015224460040574	supp
ARREST_shrunk	ARREST	758	10500	C	0.12150209025879577	supp
ARREST_shrunk	ARREST	758	10600	C	0.12285611664657747	supp
ARREST_shrunk	ARREST	758	10700	C	0.12421428553215763	supp
ARREST_shrunk	ARREST	758	10800	C	0.1255765587293427	supp
ARREST_shrunk	ARREST	758	10900	C	0.12694289809884085	supp
ARREST_shrunk	ARREST	758	11000	C	0.1283132655497462	supp
ARREST_shrunk	ARREST	758	11100	C	0.12968762304100612	supp
ARREST_shrunk	ARREST	758	11200	C	0.13106593258287225	supp
ARREST_shrunk	ARREST	758	11300	C	0.13244815623833406	supp
ARREST_shrunk	ARREST	758	11400	C	0.13383425612453548	supp
ARREST_shrunk	ARREST	758	11500	C	0.13522419441417644	supp
ARREST_shrunk	ARREST	758	11600	C	0.1366179333368962	supp
ARREST_shrunk	ARREST	758	11700	C	0.13801543518064086	supp
ARREST_shrunk	ARREST	758	11800	C	0.13941666229301497	supp
ARREST_shrunk	ARREST	758	11900	C	0.14082157708261667	supp
ARREST_shrunk	ARREST	758	12000	C	0.14223014202035644	supp
ARREST_shrunk	ARREST	758	12100	C	0.1436423196407599	supp
ARREST_shrunk	ARREST	758	12200	C	0.1450580725432553	supp
ARREST_shrunk	ARREST	758	12300	C	0.1464773633934442	supp
ARREST_shrunk	ARREST	758	12400	C	0.1479001549243576	supp
ARREST_shrunk	ARREST	758	12500	C	0.14932640993769486	supp
ARREST_shrunk	ARREST	758	12600	C	0.15075609130504852	supp
ARREST_shrunk	ARREST	758	12700	C	0.15218916196911314	supp
ARREST_shrunk	ARREST	758	12800	C	0.15362558494487855	supp
ARREST_shrunk	ARREST	758	12900	C	0.15506532332080825	supp
ARREST_shrunk	ARREST	758	13000	C	0.15650834026000204	supp
ARREST_shrunk	ARREST	758	13100	C	0.1579545990013449	supp
ARREST_shrunk	ARREST	758	13200	C	0.15940406286063824	supp
ARREST_shrunk	ARREST	758	13300	C	0.1608566952317202	supp
ARREST_shrunk	ARREST	758	13400	C	0.16231245958756724	supp
ARREST_shrunk	ARREST	758	13500	C	0.16377131948138335	supp
ARREST_shrunk	ARREST	758	13600	C	0.16523323854767447	supp
ARREST_shrunk	ARREST	758	13700	C	0.16669818050330754	supp
ARREST_shrunk	ARREST	758	13800	C	0.168166109148555	supp
ARREST_shrunk	ARREST	758	13900	C	0.1696369883681269	supp
ARREST_shrunk	ARREST	758	14000	C	0.17111078213218645	supp
ARREST_shrunk	ARREST	758	14100	C	0.1725874544973528	supp
ARREST_shrunk	ARREST	758	14200	C	0.17406696960768886	supp
ARREST_shrunk	ARREST	758	14300	C	0.1755492916956768	supp
ARREST_shrunk	ARREST	758	14400	C	0.17703438508317737	supp
ARREST_shrunk	ARREST	758	14500	C	0.17852221418237735	supp
ARREST_shrunk	ARREST	758	14600	C	0.18001274349672258	supp
ARREST_shrunk	ARREST	758	14700	C	0.1815059376218371	supp
ARREST_shrunk	ARREST	758	14800	C	0.18300176124642964	supp
ARREST_shrunk	ARREST	758	14900	C	0.18450017915318617	supp
ARREST_shrunk	ARREST	758	15000	C	0.18600115621964874	supp
ARREST_shrunk	ARREST	758	15100	C	0.18750465741908195	supp
ARREST_shrunk	ARREST	758	15200	C	0.18901064782132582	supp
ARREST_shrunk	ARREST	758	15300	C	0.19051909259363553	supp
ARREST_shrunk	ARREST	758	15400	C	0.19202995700150916	supp
ARREST_shrunk	ARREST	758	15500	C	0.19354320640949996	supp
ARREST_shrunk	ARREST	758	15600	C	0.19505880628201977	supp
ARREST_shrunk	ARREST	758	15700	C	0.19657672218412636	supp
ARREST_shrunk	ARREST	758	15800	C	0.19809691978229982	supp
ARREST_shrunk	ARREST	758	15900	C	0.19961936484520593	supp
ARREST_shrunk	ARREST	758	16000	C	0.20114402324444747	supp
ARREST_shrunk	ARREST	758	16100	C	0.2026708609553035	supp
ARREST_shrunk	ARREST	758	16200	C	0.20419984405745462	supp
ARREST_shrunk	ARREST	758	16300	C	0.20573093873569837	supp
ARREST_shrunk	ARREST	758	16400	C	0.20726411128065092	supp
ARREST_shrunk	ARREST	758	16500	C	0.20879932808943857	supp
ARREST_shrunk	ARREST	758	16600	C	0.21033655566637477	supp
ARREST_shrunk	ARREST	758	16700	C	0.21187576062362734	supp
ARREST_shrunk	ARREST	758	16800	C	0.21341690968187343	supp
ARREST_shrunk	ARREST	758	16900	C	0.21495996967094344	supp
ARREST_shrunk	ARREST	758	17000	C	0.21650490753045115	supp
ARREST_shrunk	ARREST	758	17100	C	0.21805169031041582	supp
ARREST_shrunk	ARREST	758	17200	C	0.2196002851718698	supp
ARREST_shrunk	ARREST	758	17300	C	0.22115065938745682	supp
ARREST_shrunk	ARREST	758	17400	C	0.22270278034201763	supp
ARREST_shrunk	ARREST	758	17500	C	0.22425661553316656	supp
ARREST_shrunk	ARREST	758	17600	C	0.2258121325718545	supp
ARREST_shrunk	ARREST	758	17700	C	0.22736929918292292	supp
ARREST_shrunk	ARREST	758	17800	C	0.22892808320564606	supp
ARREST_shrunk	ARREST	758	17900	C	0.2304884525942622	supp
ARREST_shrunk	ARREST	758	18000	C	0.23205037541849538	supp
ARREST_shrunk	ARREST	758	18100	C	0.23361381986406515	supp
ARREST_shrunk	ARREST	758	18200	C	0.2351787542331859	supp
ARREST_shrunk	ARREST	758	18300	C	0.23674514694505733	supp
ARREST_shrunk	ARREST	758	18400	C	0.23831296653634215	supp
ARREST_shrunk	ARREST	758	18500	C	0.23988218166163588	supp
ARREST_shrunk	ARREST	758	18600	C	0.2414527610939241	supp
ARREST_shrunk	ARREST	758	18700	C	0.24302467372503134	supp
ARREST_shrunk	ARREST	758	18800	C	0.24459788856605924	supp
ARREST_shrunk	ARREST	758	18900	C	0.24617237474781462	supp
ARREST_shrunk	ARREST	758	19000	C	0.24774810152122817	supp
ARREST_shrunk	ARREST	758	19100	C	0.24932503825776275	supp
ARREST_shrunk	ARREST	758	19200	C	0.25090315444981204	supp
ARREST_shrunk	ARREST	758	19300	C	0.25248241971108976	supp
ARREST_shrunk	ARREST	758	19400	C	0.25406280377700974	supp
ARREST_shrunk	ARREST	758	19500	C	0.25564427650505506	supp
ARREST_shrunk	ARREST	758	19600	C	0.25722680787513963	supp
ARREST_shrunk	ARREST	758	19700	C	0.2588103679899588	supp
ARREST_shrunk	ARREST	758	19800	C	0.26039492707533163	supp
ARREST_shrunk	ARREST	758	19900	C	0.26198045548053417	supp
ARREST_shrunk	ARREST	758	20000	C	0.2635669236786219	supp
ARREST_shrunk	Edinburgh	458	100	C	0.0105204072054359	supp
ARREST_shrunk	Edinburgh	458	200	C	0.011045170296525186	supp
ARREST_shrunk	Edinburgh	458	300	C	0.011574276921531013	supp
ARREST_shrunk	Edinburgh	458	400	C	0.012107714662716762	supp
ARREST_shrunk	Edinburgh	458	500	C	0.012645471037168177	supp
ARREST_shrunk	Edinburgh	458	600	C	0.013187533497612258	supp
ARREST_shrunk	Edinburgh	458	700	C	0.01373388943323084	supp
ARREST_shrunk	Edinburgh	458	800	C	0.014284526170471268	supp
ARREST_shrunk	Edinburgh	458	900	C	0.014839430973851875	supp
ARREST_shrunk	Edinburgh	458	1000	C	0.015398591046764776	supp
ARREST_shrunk	Edinburgh	458	1100	C	0.015961993532272678	supp
ARREST_shrunk	Edinburgh	458	1200	C	0.016529625513903135	supp
ARREST_shrunk	Edinburgh	458	1300	C	0.01710147401643869	supp
ARREST_shrunk	Edinburgh	458	1400	C	0.01767752600670147	supp
ARREST_shrunk	Edinburgh	458	1500	C	0.018257768394335683	supp
ARREST_shrunk	Edinburgh	458	1600	C	0.01884218803258464	supp
ARREST_shrunk	Edinburgh	458	1700	C	0.019430771719064266	supp
ARREST_shrunk	Edinburgh	458	1800	C	0.020023506196532814	supp
ARREST_shrunk	Edinburgh	458	1900	C	0.020620378153655694	supp
ARREST_shrunk	Edinburgh	458	2000	C	0.021221374225767198	supp
ARREST_shrunk	Edinburgh	458	2100	C	0.021826480995628117	supp
ARREST_shrunk	Edinburgh	458	2200	C	0.02243568499417825	supp
ARREST_shrunk	Edinburgh	458	2300	C	0.023048972701286585	supp
ARREST_shrunk	Edinburgh	458	2400	C	0.02366633054649603	supp
ARREST_shrunk	Edinburgh	458	2500	C	0.024287744909764708	supp
ARREST_shrunk	Edinburgh	458	2600	C	0.024913202122204048	supp
ARREST_shrunk	Edinburgh	458	2700	C	0.02554268846681118	supp
ARREST_shrunk	Edinburgh	458	2800	C	0.02617619017919859	supp
ARREST_shrunk	Edinburgh	458	2900	C	0.026813693448320297	supp
ARREST_shrunk	Edinburgh	458	3000	C	0.02745518441719219	supp
ARREST_shrunk	Edinburgh	458	3100	C	0.028100649183610216	supp
ARREST_shrunk	Edinburgh	458	3200	C	0.02875007380086403	supp
ARREST_shrunk	Edinburgh	458	3300	C	0.0294034442784461	supp
ARREST_shrunk	Edinburgh	458	3400	C	0.030060746582758036	supp
ARREST_shrunk	Edinburgh	458	3500	C	0.030721966637812015	supp
ARREST_shrunk	Edinburgh	458	3600	C	0.0313870903259289	supp
ARREST_shrunk	Edinburgh	458	3700	C	0.03205610348843213	supp
ARREST_shrunk	Edinburgh	458	3800	C	0.032728991926337936	supp
ARREST_shrunk	Edinburgh	458	3900	C	0.03340574140104147	supp
ARREST_shrunk	Edinburgh	458	4000	C	0.03408633763499924	supp
ARREST_shrunk	Edinburgh	458	4100	C	0.034770766312407386	supp
ARREST_shrunk	Edinburgh	458	4200	C	0.03545901307987687	supp
ARREST_shrunk	Edinburgh	458	4300	C	0.0361510635471034	supp
ARREST_shrunk	Edinburgh	458	4400	C	0.036846903287535704	supp
ARREST_shrunk	Edinburgh	458	4500	C	0.03754651783903695	supp
ARREST_shrunk	Edinburgh	458	4600	C	0.03824989270454526	supp
ARREST_shrunk	Edinburgh	458	4700	C	0.038957013352729164	supp
ARREST_shrunk	Edinburgh	458	4800	C	0.03966786521863863	supp
ARREST_shrunk	Edinburgh	458	4900	C	0.04038243370435335	supp
ARREST_shrunk	Edinburgh	458	5000	C	0.04110070417962697	supp
ARREST_shrunk	Edinburgh	458	5100	C	0.04182266198252704	supp
ARREST_shrunk	Edinburgh	458	5200	C	0.042548292420071854	supp
ARREST_shrunk	Edinburgh	458	5300	C	0.04327758076886312	supp
ARREST_shrunk	Edinburgh	458	5400	C	0.044010512275715286	supp
ARREST_shrunk	Edinburgh	458	5500	C	0.04474707215828022	supp
ARREST_shrunk	Edinburgh	458	5600	C	0.0454872456056693	supp
ARREST_shrunk	Edinburgh	458	5700	C	0.04623101777907146	supp
ARREST_shrunk	Edinburgh	458	5800	C	0.04697837381236669	supp
ARREST_shrunk	Edinburgh	458	5900	C	0.04772929881273702	supp
ARREST_shrunk	Edinburgh	458	6000	C	0.04848377786127278	supp
ARREST_shrunk	Edinburgh	458	6100	C	0.04924179601357637	supp
ARREST_shrunk	Edinburgh	458	6200	C	0.05000333830036097	supp
ARREST_shrunk	Edinburgh	458	6300	C	0.05076838972804654	supp
ARREST_shrunk	Edinburgh	458	6400	C	0.0515369352793521	supp
ARREST_shrunk	Edinburgh	458	6500	C	0.052308959913883735	supp
ARREST_shrunk	Edinburgh	458	6600	C	0.053084448568719855	supp
ARREST_shrunk	Edinburgh	458	6700	C	0.053863386158992	supp
ARREST_shrunk	Edinburgh	458	6800	C	0.054645757578462795	supp
ARREST_shrunk	Edinburgh	458	6900	C	0.05543154770009928	supp
ARREST_shrunk	Edinburgh	458	7000	C	0.0562207413766439	supp
ARREST_shrunk	Edinburgh	458	7100	C	0.05701332344118126	supp
ARREST_shrunk	Edinburgh	458	7200	C	0.05780927870770103	supp
ARREST_shrunk	Edinburgh	458	7300	C	0.05860859197165735	supp
ARREST_shrunk	Edinburgh	458	7400	C	0.059411248010525664	supp
ARREST_shrunk	Edinburgh	458	7500	C	0.06021723158435477	supp
ARREST_shrunk	Edinburgh	458	7600	C	0.06102652743631598	supp
ARREST_shrunk	Edinburgh	458	7700	C	0.06183912029324867	supp
ARREST_shrunk	Edinburgh	458	7800	C	0.06265499486620196	supp
ARREST_shrunk	Edinburgh	458	7900	C	0.06347413585097361	supp
ARREST_shrunk	Edinburgh	458	8000	C	0.06429652792864482	supp
ARREST_shrunk	Edinburgh	458	8100	C	0.06512215576611191	supp
ARREST_shrunk	Edinburgh	458	8200	C	0.06595100401661358	supp
ARREST_shrunk	Edinburgh	458	8300	C	0.06678305732025713	supp
ARREST_shrunk	Edinburgh	458	8400	C	0.06761830030453786	supp
ARREST_shrunk	Edinburgh	458	8500	C	0.06845671758485761	supp
ARREST_shrunk	Edinburgh	458	8600	C	0.06929829376503915	supp
ARREST_shrunk	Edinburgh	458	8700	C	0.07014301343783658	supp
ARREST_shrunk	Edinburgh	458	8800	C	0.07099086118544329	supp
ARREST_shrunk	Edinburgh	458	8900	C	0.0718418215799953	supp
ARREST_shrunk	Edinburgh	458	9000	C	0.07269587918407261	supp
ARREST_shrunk	Edinburgh	458	9100	C	0.07355301855119656	supp
ARREST_shrunk	Edinburgh	458	9200	C	0.0744132242263228	supp
ARREST_shrunk	Edinburgh	458	9300	C	0.0752764807463332	supp
ARREST_shrunk	Edinburgh	458	9400	C	0.07614277264052172	supp
ARREST_shrunk	Edinburgh	458	9500	C	0.07701208443107943	supp
ARREST_shrunk	Edinburgh	458	9600	C	0.07788440063357471	supp
ARREST_shrunk	Edinburgh	458	9700	C	0.07875970575743019	supp
ARREST_shrunk	Edinburgh	458	9800	C	0.07963798430639724	supp
ARREST_shrunk	Edinburgh	458	9900	C	0.08051922077902662	supp
ARREST_shrunk	Edinburgh	458	10000	C	0.08140339966913512	supp
ARREST_shrunk	Edinburgh	458	10100	C	0.08229050546627115	supp
ARREST_shrunk	Edinburgh	458	10200	C	0.08318052265617426	supp
ARREST_shrunk	Edinburgh	458	10300	C	0.08407343572123349	supp
ARREST_shrunk	Edinburgh	458	10400	C	0.08496922914094174	supp
ARREST_shrunk	Edinburgh	458	10500	C	0.08586788739234696	supp
ARREST_shrunk	Edinburgh	458	10600	C	0.08676939495050007	supp
ARREST_shrunk	Edinburgh	458	10700	C	0.08767373628889952	supp
ARREST_shrunk	Edinburgh	458	10800	C	0.08858089587993356	supp
ARREST_shrunk	Edinburgh	458	10900	C	0.0894908581953181	supp
ARREST_shrunk	Edinburgh	458	11000	C	0.09040360770653222	supp
ARREST_shrunk	Edinburgh	458	11100	C	0.09131912888525018	supp
ARREST_shrunk	Edinburgh	458	11200	C	0.09223740620377041	supp
ARREST_shrunk	Edinburgh	458	11300	C	0.09315842413544162	supp
ARREST_shrunk	Edinburgh	458	11400	C	0.094082167155085	supp
ARREST_shrunk	Edinburgh	458	11500	C	0.09500861973941455	supp
ARREST_shrunk	Edinburgh	458	11600	C	0.09593776636745277	supp
ARREST_shrunk	Edinburgh	458	11700	C	0.09686959152094465	supp
ARREST_shrunk	Edinburgh	458	11800	C	0.09780407968476801	supp
ARREST_shrunk	Edinburgh	458	11900	C	0.09874121534734082	supp
ARREST_shrunk	Edinburgh	458	12000	C	0.09968098300102479	supp
ARREST_shrunk	Edinburgh	458	12100	C	0.10062336714252762	supp
ARREST_shrunk	Edinburgh	458	12200	C	0.10156835227330019	supp
ARREST_shrunk	Edinburgh	458	12300	C	0.1025159228999325	supp
ARREST_shrunk	Edinburgh	458	12400	C	0.10346606353454535	supp
ARREST_shrunk	Edinburgh	458	12500	C	0.10441875869517947	supp
ARREST_shrunk	Edinburgh	458	12600	C	0.10537399290618232	supp
ARREST_shrunk	Edinburgh	458	12700	C	0.10633175069858991	supp
ARREST_shrunk	Edinburgh	458	12800	C	0.10729201661050902	supp
ARREST_shrunk	Edinburgh	458	12900	C	0.10825477518749227	supp
ARREST_shrunk	Edinburgh	458	13000	C	0.10922001098291445	supp
ARREST_shrunk	Edinburgh	458	13100	C	0.1101877085583427	supp
ARREST_shrunk	Edinburgh	458	13200	C	0.1111578524839052	supp
ARREST_shrunk	Edinburgh	458	13300	C	0.1121304273386573	supp
ARREST_shrunk	Edinburgh	458	13400	C	0.11310541771094329	supp
ARREST_shrunk	Edinburgh	458	13500	C	0.11408280819875749	supp
ARREST_shrunk	Edinburgh	458	13600	C	0.1150625834100999	supp
ARREST_shrunk	Edinburgh	458	13700	C	0.11604472796333098	supp
ARREST_shrunk	Edinburgh	458	13800	C	0.11702922648752301	supp
ARREST_shrunk	Edinburgh	458	13900	C	0.11801606362280814	supp
ARREST_shrunk	Edinburgh	458	14000	C	0.11900522402072378	supp
ARREST_shrunk	Edinburgh	458	14100	C	0.11999669234455601	supp
ARREST_shrunk	Edinburgh	458	14200	C	0.12099045326967928	supp
ARREST_shrunk	Edinburgh	458	14300	C	0.12198649148389318	supp
ARREST_shrunk	Edinburgh	458	14400	C	0.12298479168775711	supp
ARREST_shrunk	Edinburgh	458	14500	C	0.12398533859492245	supp
ARREST_shrunk	Edinburgh	458	14600	C	0.12498811693246026	supp
ARREST_shrunk	Edinburgh	458	14700	C	0.1259931114411884	supp
ARREST_shrunk	Edinburgh	458	14800	C	0.12700030687599473	supp
ARREST_shrunk	Edinburgh	458	14900	C	0.1280096880061572	supp
ARREST_shrunk	Edinburgh	458	15000	C	0.12902123961566203	supp
ARREST_shrunk	Edinburgh	458	15100	C	0.1300349465035201	supp
ARREST_shrunk	Edinburgh	458	15200	C	0.13105079348407744	supp
ARREST_shrunk	Edinburgh	458	15300	C	0.13206876538732704	supp
ARREST_shrunk	Edinburgh	458	15400	C	0.13308884705921464	supp
ARREST_shrunk	Edinburgh	458	15500	C	0.13411102336194414	supp
ARREST_shrunk	Edinburgh	458	15600	C	0.13513527917427925	supp
ARREST_shrunk	Edinburgh	458	15700	C	0.1361615993918429	supp
ARREST_shrunk	Edinburgh	458	15800	C	0.13718996892741364	supp
ARREST_shrunk	Edinburgh	458	15900	C	0.13822037271121979	supp
ARREST_shrunk	Edinburgh	458	16000	C	0.13925279569123117	supp
ARREST_shrunk	Edinburgh	458	16100	C	0.14028722283344774	supp
ARREST_shrunk	Edinburgh	458	16200	C	0.14132363912218582	supp
ARREST_shrunk	Edinburgh	458	16300	C	0.1423620295603616	supp
ARREST_shrunk	Edinburgh	458	16400	C	0.14340237916977328	supp
ARREST_shrunk	Edinburgh	458	16500	C	0.14444467299137886	supp
ARREST_shrunk	Edinburgh	458	16600	C	0.1454888960855717	supp
ARREST_shrunk	Edinburgh	458	16700	C	0.1465350335324559	supp
ARREST_shrunk	Edinburgh	458	16800	C	0.14758307043211571	supp
ARREST_shrunk	Edinburgh	458	16900	C	0.14863299190488477	supp
ARREST_shrunk	Edinburgh	458	17000	C	0.14968478309161226	supp
ARREST_shrunk	Edinburgh	458	17100	C	0.15073842915392643	supp
ARREST_shrunk	Edinburgh	458	17200	C	0.1517939152744956	supp
ARREST_shrunk	Edinburgh	458	17300	C	0.15285122665728668	supp
ARREST_shrunk	Edinburgh	458	17400	C	0.1539103485278226	supp
ARREST_shrunk	Edinburgh	458	17500	C	0.15497126613343448	supp
ARREST_shrunk	Edinburgh	458	17600	C	0.1560339647435144	supp
ARREST_shrunk	Edinburgh	458	17700	C	0.15709842964976295	supp
ARREST_shrunk	Edinburgh	458	17800	C	0.15816464616643777	supp
ARREST_shrunk	Edinburgh	458	17900	C	0.1592325996305961	supp
ARREST_shrunk	Edinburgh	458	18000	C	0.16030227540233777	supp
ARREST_shrunk	Edinburgh	458	18100	C	0.1613736588650434	supp
ARREST_shrunk	Edinburgh	458	18200	C	0.16244673542561294	supp
ARREST_shrunk	Edinburgh	458	18300	C	0.16352149051469977	supp
ARREST_shrunk	Edinburgh	458	18400	C	0.16459790958694276	supp
ARREST_shrunk	Edinburgh	458	18500	C	0.16567597812119728	supp
ARREST_shrunk	Edinburgh	458	18600	C	0.16675568162076237	supp
ARREST_shrunk	Edinburgh	458	18700	C	0.16783700561360682	supp
ARREST_shrunk	Edinburgh	458	18800	C	0.16891993565259167	supp
ARREST_shrunk	Edinburgh	458	18900	C	0.17000445731569203	supp
ARREST_shrunk	Edinburgh	458	19000	C	0.17109055620621516	supp
ARREST_shrunk	Edinburgh	458	19100	C	0.17217821795301702	supp
ARREST_shrunk	Edinburgh	458	19200	C	0.17326742821071695	supp
ARREST_shrunk	Edinburgh	458	19300	C	0.17435817265990905	supp
ARREST_shrunk	Edinburgh	458	19400	C	0.17545043700737206	supp
ARREST_shrunk	Edinburgh	458	19500	C	0.1765442069862776	supp
ARREST_shrunk	Edinburgh	458	19600	C	0.1776394683563941	supp
ARREST_shrunk	Edinburgh	458	19700	C	0.1787362069042917	supp
ARREST_shrunk	Edinburgh	458	19800	C	0.17983440844354148	supp
ARREST_shrunk	Edinburgh	458	19900	C	0.18093405881491587	supp
ARREST_shrunk	Edinburgh	458	20000	C	0.18203514388658426	supp
ARREST_shrunk	Edinburgh 2	463	100	C	0.010387400986733408	supp
ARREST_shrunk	Edinburgh 2	463	200	C	0.010777222734498548	supp
ARREST_shrunk	Edinburgh 2	463	300	C	0.01116946014202791	supp
ARREST_shrunk	Edinburgh 2	463	400	C	0.011564108087569691	supp
ARREST_shrunk	Edinburgh 2	463	500	C	0.011961161429076994	supp
ARREST_shrunk	Edinburgh 2	463	600	C	0.012360615004397113	supp
ARREST_shrunk	Edinburgh 2	463	700	C	0.012762463631459275	supp
ARREST_shrunk	Edinburgh 2	463	800	C	0.013166702108463046	supp
ARREST_shrunk	Edinburgh 2	463	900	C	0.01357332521406407	supp
ARREST_shrunk	Edinburgh 2	463	1000	C	0.013982327707560804	supp
ARREST_shrunk	Edinburgh 2	463	1100	C	0.014393704329079937	supp
ARREST_shrunk	Edinburgh 2	463	1200	C	0.014807449799760786	supp
ARREST_shrunk	Edinburgh 2	463	1300	C	0.015223558821939598	supp
ARREST_shrunk	Edinburgh 2	463	1400	C	0.015642026079332516	supp
ARREST_shrunk	Edinburgh 2	463	1500	C	0.01606284623721843	supp
ARREST_shrunk	Edinburgh 2	463	1600	C	0.01648601394262106	supp
ARREST_shrunk	Edinburgh 2	463	1700	C	0.016911523824489683	supp
ARREST_shrunk	Edinburgh 2	463	1800	C	0.017339370493879902	supp
ARREST_shrunk	Edinburgh 2	463	1900	C	0.017769548544133706	supp
ARREST_shrunk	Edinburgh 2	463	2000	C	0.018202052551058	supp
ARREST_shrunk	Edinburgh 2	463	2100	C	0.018636877073103686	supp
ARREST_shrunk	Edinburgh 2	463	2200	C	0.019074016651542958	supp
ARREST_shrunk	Edinburgh 2	463	2300	C	0.01951346581064628	supp
ARREST_shrunk	Edinburgh 2	463	2400	C	0.01995521905785924	supp
ARREST_shrunk	Edinburgh 2	463	2500	C	0.02039927088397775	supp
ARREST_shrunk	Edinburgh 2	463	2600	C	0.020845615763323222	supp
ARREST_shrunk	Edinburgh 2	463	2700	C	0.021294248153916673	supp
ARREST_shrunk	Edinburgh 2	463	2800	C	0.02174516249765257	supp
ARREST_shrunk	Edinburgh 2	463	2900	C	0.02219835322047159	supp
ARREST_shrunk	Edinburgh 2	463	3000	C	0.022653814732532807	supp
ARREST_shrunk	Edinburgh 2	463	3100	C	0.02311154142838512	supp
ARREST_shrunk	Edinburgh 2	463	3200	C	0.02357152768713877	supp
ARREST_shrunk	Edinburgh 2	463	3300	C	0.024033767872634226	supp
ARREST_shrunk	Edinburgh 2	463	3400	C	0.024498256333613244	supp
ARREST_shrunk	Edinburgh 2	463	3500	C	0.024964987403886307	supp
ARREST_shrunk	Edinburgh 2	463	3600	C	0.025433955402501485	supp
ARREST_shrunk	Edinburgh 2	463	3700	C	0.02590515463391163	supp
ARREST_shrunk	Edinburgh 2	463	3800	C	0.026378579388141588	supp
ARREST_shrunk	Edinburgh 2	463	3900	C	0.02685422394095316	supp
ARREST_shrunk	Edinburgh 2	463	4000	C	0.027332082554012205	supp
ARREST_shrunk	Edinburgh 2	463	4100	C	0.027812149475051506	supp
ARREST_shrunk	Edinburgh 2	463	4200	C	0.028294418938036303	supp
ARREST_shrunk	Edinburgh 2	463	4300	C	0.02877888516332716	supp
ARREST_shrunk	Edinburgh 2	463	4400	C	0.0292655423578424	supp
ARREST_shrunk	Edinburgh 2	463	4500	C	0.029754384715220517	supp
ARREST_shrunk	Edinburgh 2	463	4600	C	0.03024540641598139	supp
ARREST_shrunk	Edinburgh 2	463	4700	C	0.030738601627687268	supp
ARREST_shrunk	Edinburgh 2	463	4800	C	0.031233964505102185	supp
ARREST_shrunk	Edinburgh 2	463	4900	C	0.03173148919035196	supp
ARREST_shrunk	Edinburgh 2	463	5000	C	0.03223116981308238	supp
ARREST_shrunk	Edinburgh 2	463	5100	C	0.032733000490618114	supp
ARREST_shrunk	Edinburgh 2	463	5200	C	0.033236975328118645	supp
ARREST_shrunk	Edinburgh 2	463	5300	C	0.03374308841873652	supp
ARREST_shrunk	Edinburgh 2	463	5400	C	0.03425133384377199	supp
ARREST_shrunk	Edinburgh 2	463	5500	C	0.03476170567282988	supp
ARREST_shrunk	Edinburgh 2	463	5600	C	0.03527419796397291	supp
ARREST_shrunk	Edinburgh 2	463	5700	C	0.03578880476387669	supp
ARREST_shrunk	Edinburgh 2	463	5800	C	0.03630552010798238	supp
ARREST_shrunk	Edinburgh 2	463	5900	C	0.03682433802065055	supp
ARREST_shrunk	Edinburgh 2	463	6000	C	0.037345252515311955	supp
ARREST_shrunk	Edinburgh 2	463	6100	C	0.037868257594620314	supp
ARREST_shrunk	Edinburgh 2	463	6200	C	0.03839334725060162	supp
ARREST_shrunk	Edinburgh 2	463	6300	C	0.03892051546480546	supp
ARREST_shrunk	Edinburgh 2	463	6400	C	0.03944975620845437	supp
ARREST_shrunk	Edinburgh 2	463	6500	C	0.03998106344259189	supp
ARREST_shrunk	Edinburgh 2	463	6600	C	0.04051443111823172	supp
ARREST_shrunk	Edinburgh 2	463	6700	C	0.041049853176504336	supp
ARREST_shrunk	Edinburgh 2	463	6800	C	0.04158732354880512	supp
ARREST_shrunk	Edinburgh 2	463	6900	C	0.04212683615693891	supp
ARREST_shrunk	Edinburgh 2	463	7000	C	0.0426683849132673	supp
ARREST_shrunk	Edinburgh 2	463	7100	C	0.043211963720852564	supp
ARREST_shrunk	Edinburgh 2	463	7200	C	0.043757566473602294	supp
ARREST_shrunk	Edinburgh 2	463	7300	C	0.044305187056412954	supp
ARREST_shrunk	Edinburgh 2	463	7400	C	0.044854819345313324	supp
ARREST_shrunk	Edinburgh 2	463	7500	C	0.04540645720760628	supp
ARREST_shrunk	Edinburgh 2	463	7600	C	0.04596009450201122	supp
ARREST_shrunk	Edinburgh 2	463	7700	C	0.046515725078804415	supp
ARREST_shrunk	Edinburgh 2	463	7800	C	0.04707334277996045	supp
ARREST_shrunk	Edinburgh 2	463	7900	C	0.0476329414392912	supp
ARREST_shrunk	Edinburgh 2	463	8000	C	0.04819451488258586	supp
ARREST_shrunk	Edinburgh 2	463	8100	C	0.048758056927748816	supp
ARREST_shrunk	Edinburgh 2	463	8200	C	0.0493235613849381	supp
ARREST_shrunk	Edinburgh 2	463	8300	C	0.049891022056702705	supp
ARREST_shrunk	Edinburgh 2	463	8400	C	0.05046043273811884	supp
ARREST_shrunk	Edinburgh 2	463	8500	C	0.051031787216926805	supp
ARREST_shrunk	Edinburgh 2	463	8600	C	0.05160507927366598	supp
ARREST_shrunk	Edinburgh 2	463	8700	C	0.052180302681809176	supp
ARREST_shrunk	Edinburgh 2	463	8800	C	0.05275745120789799	supp
ARREST_shrunk	Edinburgh 2	463	8900	C	0.053336518611675876	supp
ARREST_shrunk	Edinburgh 2	463	9000	C	0.05391749864622075	supp
ARREST_shrunk	Edinburgh 2	463	9100	C	0.05450038505807764	supp
ARREST_shrunk	Edinburgh 2	463	9200	C	0.05508517158739079	supp
ARREST_shrunk	Edinburgh 2	463	9300	C	0.05567185196803437	supp
ARREST_shrunk	Edinburgh 2	463	9400	C	0.056260419927743	supp
ARREST_shrunk	Edinburgh 2	463	9500	C	0.056850869188242226	supp
ARREST_shrunk	Edinburgh 2	463	9600	C	0.05744319346537652	supp
ARREST_shrunk	Edinburgh 2	463	9700	C	0.05803738646923973	supp
ARREST_shrunk	Edinburgh 2	463	9800	C	0.05863344190430164	supp
ARREST_shrunk	Edinburgh 2	463	9900	C	0.05923135346953623	supp
ARREST_shrunk	Edinburgh 2	463	10000	C	0.05983111485854853	supp
ARREST_shrunk	Edinburgh 2	463	10100	C	0.06043271975970044	supp
ARREST_shrunk	Edinburgh 2	463	10200	C	0.061036161856236726	supp
ARREST_shrunk	Edinburgh 2	463	10300	C	0.06164143482641016	supp
ARREST_shrunk	Edinburgh 2	463	10400	C	0.06224853234360539	supp
ARREST_shrunk	Edinburgh 2	463	10500	C	0.06285744807646376	supp
ARREST_shrunk	Edinburgh 2	463	10600	C	0.06346817568900565	supp
ARREST_shrunk	Edinburgh 2	463	10700	C	0.06408070884075356	supp
ARREST_shrunk	Edinburgh 2	463	10800	C	0.06469504118685421	supp
ARREST_shrunk	Edinburgh 2	463	10900	C	0.06531116637819989	supp
ARREST_shrunk	Edinburgh 2	463	11000	C	0.06592907806154924	supp
ARREST_shrunk	Edinburgh 2	463	11100	C	0.06654876987964753	supp
ARREST_shrunk	Edinburgh 2	463	11200	C	0.06717023547134682	supp
ARREST_shrunk	Edinburgh 2	463	11300	C	0.06779346847172474	supp
ARREST_shrunk	Edinburgh 2	463	11400	C	0.0684184625122024	supp
ARREST_shrunk	Edinburgh 2	463	11500	C	0.06904521122066354	supp
ARREST_shrunk	Edinburgh 2	463	11600	C	0.06967370822157082	supp
ARREST_shrunk	Edinburgh 2	463	11700	C	0.07030394713608312	supp
ARREST_shrunk	Edinburgh 2	463	11800	C	0.07093592158217177	supp
ARREST_shrunk	Edinburgh 2	463	11900	C	0.07156962517473586	supp
ARREST_shrunk	Edinburgh 2	463	12000	C	0.07220505152571699	supp
ARREST_shrunk	Edinburgh 2	463	12100	C	0.0728421942442149	supp
ARREST_shrunk	Edinburgh 2	463	12200	C	0.07348104693659963	supp
ARREST_shrunk	Edinburgh 2	463	12300	C	0.07412160320662642	supp
ARREST_shrunk	Edinburgh 2	463	12400	C	0.07476385665554719	supp
ARREST_shrunk	Edinburgh 2	463	12500	C	0.07540780088222387	supp
ARREST_shrunk	Edinburgh 2	463	12600	C	0.07605342948323868	supp
ARREST_shrunk	Edinburgh 2	463	12700	C	0.07670073605300587	supp
ARREST_shrunk	Edinburgh 2	463	12800	C	0.07734971418388226	supp
ARREST_shrunk	Edinburgh 2	463	12900	C	0.07800035746627676	supp
ARREST_shrunk	Edinburgh 2	463	13000	C	0.07865265948875999	supp
ARREST_shrunk	Edinburgh 2	463	13100	C	0.07930661383817261	supp
ARREST_shrunk	Edinburgh 2	463	13200	C	0.07996221409973403	supp
ARREST_shrunk	Edinburgh 2	463	13300	C	0.08061945385714908	supp
ARREST_shrunk	Edinburgh 2	463	13400	C	0.08127832669271651	supp
ARREST_shrunk	Edinburgh 2	463	13500	C	0.08193882618743409	supp
ARREST_shrunk	Edinburgh 2	463	13600	C	0.08260094592110545	supp
ARREST_shrunk	Edinburgh 2	463	13700	C	0.08326467947244498	supp
ARREST_shrunk	Edinburgh 2	463	13800	C	0.08393002041918296	supp
ARREST_shrunk	Edinburgh 2	463	13900	C	0.08459696233816971	supp
ARREST_shrunk	Edinburgh 2	463	14000	C	0.08526549880547918	supp
ARREST_shrunk	Edinburgh 2	463	14100	C	0.0859356233965124	supp
ARREST_shrunk	Edinburgh 2	463	14200	C	0.08660732968609974	supp
ARREST_shrunk	Edinburgh 2	463	14300	C	0.08728061124860353	supp
ARREST_shrunk	Edinburgh 2	463	14400	C	0.08795546165801904	supp
ARREST_shrunk	Edinburgh 2	463	14500	C	0.08863187448807575	supp
ARREST_shrunk	Edinburgh 2	463	14600	C	0.08930984331233804	supp
ARREST_shrunk	Edinburgh 2	463	14700	C	0.08998936170430438	supp
ARREST_shrunk	Edinburgh 2	463	14800	C	0.09067042323750718	supp
ARREST_shrunk	Edinburgh 2	463	14900	C	0.09135302148561186	supp
ARREST_shrunk	Edinburgh 2	463	15000	C	0.09203715002251467	supp
ARREST_shrunk	Edinburgh 2	463	15100	C	0.09272280242244058	supp
ARREST_shrunk	Edinburgh 2	463	15200	C	0.09340997226004055	supp
ARREST_shrunk	Edinburgh 2	463	15300	C	0.09409865311048826	supp
ARREST_shrunk	Edinburgh 2	463	15400	C	0.09478883854957598	supp
ARREST_shrunk	Edinburgh 2	463	15500	C	0.09548052215381098	supp
ARREST_shrunk	Edinburgh 2	463	15600	C	0.0961736975005093	supp
ARREST_shrunk	Edinburgh 2	463	15700	C	0.09686835816789163	supp
ARREST_shrunk	Edinburgh 2	463	15800	C	0.09756449773517673	supp
ARREST_shrunk	Edinburgh 2	463	15900	C	0.09826210978267491	supp
ARREST_shrunk	Edinburgh 2	463	16000	C	0.09896118789188102	supp
ARREST_shrunk	Edinburgh 2	463	16100	C	0.09966172564556752	supp
ARREST_shrunk	Edinburgh 2	463	16200	C	0.10036371662787558	supp
ARREST_shrunk	Edinburgh 2	463	16300	C	0.10106715442440695	supp
ARREST_shrunk	Edinburgh 2	463	16400	C	0.10177203262231493	supp
ARREST_shrunk	Edinburgh 2	463	16500	C	0.10247834481039464	supp
ARREST_shrunk	Edinburgh 2	463	16600	C	0.10318608457917289	supp
ARREST_shrunk	Edinburgh 2	463	16700	C	0.10389524552099771	supp
ARREST_shrunk	Edinburgh 2	463	16800	C	0.10460582123012718	supp
ARREST_shrunk	Edinburgh 2	463	16900	C	0.10531780530281742	supp
ARREST_shrunk	Edinburgh 2	463	17000	C	0.10603119133741123	supp
ARREST_shrunk	Edinburgh 2	463	17100	C	0.10674597293442456	supp
ARREST_shrunk	Edinburgh 2	463	17200	C	0.10746214369663398	supp
ARREST_shrunk	Edinburgh 2	463	17300	C	0.10817969722916254	supp
ARREST_shrunk	Edinburgh 2	463	17400	C	0.1088986271395661	supp
ARREST_shrunk	Edinburgh 2	463	17500	C	0.1096189270379182	supp
ARREST_shrunk	Edinburgh 2	463	17600	C	0.11034059053689516	supp
ARREST_shrunk	Edinburgh 2	463	17700	C	0.11106361125186026	supp
ARREST_shrunk	Edinburgh 2	463	17800	C	0.1117879828009477	supp
ARREST_shrunk	Edinburgh 2	463	17900	C	0.11251369880514583	supp
ARREST_shrunk	Edinburgh 2	463	18000	C	0.11324075288837998	supp
ARREST_shrunk	Edinburgh 2	463	18100	C	0.11396913867759528	supp
ARREST_shrunk	Edinburgh 2	463	18200	C	0.1146988498028374	supp
ARREST_shrunk	Edinburgh 2	463	18300	C	0.11542987989733555	supp
ARREST_shrunk	Edinburgh 2	463	18400	C	0.11616222259758169	supp
ARREST_shrunk	Edinburgh 2	463	18500	C	0.11689587154341197	supp
ARREST_shrunk	Edinburgh 2	463	18600	C	0.11763082037808659	supp
ARREST_shrunk	Edinburgh 2	463	18700	C	0.11836706274836839	supp
ARREST_shrunk	Edinburgh 2	463	18800	C	0.11910459230460313	supp
ARREST_shrunk	Edinburgh 2	463	18900	C	0.11984340270079685	supp
ARREST_shrunk	Edinburgh 2	463	19000	C	0.12058348759469428	supp
ARREST_shrunk	Edinburgh 2	463	19100	C	0.12132484064785642	supp
ARREST_shrunk	Edinburgh 2	463	19200	C	0.12206745552573739	supp
ARREST_shrunk	Edinburgh 2	463	19300	C	0.122811325897761	supp
ARREST_shrunk	Edinburgh 2	463	19400	C	0.12355644543739697	supp
ARREST_shrunk	Edinburgh 2	463	19500	C	0.12430280782223646	supp
ARREST_shrunk	Edinburgh 2	463	19600	C	0.12505040673406742	supp
ARREST_shrunk	Edinburgh 2	463	19700	C	0.1257992358589487	supp
ARREST_shrunk	Edinburgh 2	463	19800	C	0.12654928888728467	supp
ARREST_shrunk	Edinburgh 2	463	19900	C	0.12730055951389918	supp
ARREST_shrunk	Edinburgh 2	463	20000	C	0.12805304143810836	supp
ARREST_shrunk	IDISA	490	100	C	0.010635195202383874	supp
ARREST_shrunk	IDISA	490	200	C	0.011276863862093367	supp
ARREST_shrunk	IDISA	490	300	C	0.011924983540956502	supp
ARREST_shrunk	IDISA	490	400	C	0.012579531655650067	supp
ARREST_shrunk	IDISA	490	500	C	0.013240485479912079	supp
ARREST_shrunk	IDISA	490	600	C	0.013907822146739357	supp
ARREST_shrunk	IDISA	490	700	C	0.014581518650572778	supp
ARREST_shrunk	IDISA	490	800	C	0.015261551849468424	supp
ARREST_shrunk	IDISA	490	900	C	0.015947898467255195	supp
ARREST_shrunk	IDISA	490	1000	C	0.016640535095679643	supp
ARREST_shrunk	IDISA	490	1100	C	0.017339438196536383	supp
ARREST_shrunk	IDISA	490	1200	C	0.0180445841037864	supp
ARREST_shrunk	IDISA	490	1300	C	0.018755949025660468	supp
ARREST_shrunk	IDISA	490	1400	C	0.01947350904675116	supp
ARREST_shrunk	IDISA	490	1500	C	0.0201972401300895	supp
ARREST_shrunk	IDISA	490	1600	C	0.020927118119209775	supp
ARREST_shrunk	IDISA	490	1700	C	0.02166311874020077	supp
ARREST_shrunk	IDISA	490	1800	C	0.022405217603743588	supp
ARREST_shrunk	IDISA	490	1900	C	0.02315339020713636	supp
ARREST_shrunk	IDISA	490	2000	C	0.02390761193630553	supp
ARREST_shrunk	IDISA	490	2100	C	0.024667858067805026	supp
ARREST_shrunk	IDISA	490	2200	C	0.025434103770800576	supp
ARREST_shrunk	IDISA	490	2300	C	0.026206324109043222	supp
ARREST_shrunk	IDISA	490	2400	C	0.026984494042827212	supp
ARREST_shrunk	IDISA	490	2500	C	0.027768588430937213	supp
ARREST_shrunk	IDISA	490	2600	C	0.028558582032581215	supp
ARREST_shrunk	IDISA	490	2700	C	0.029354449509310654	supp
ARREST_shrunk	IDISA	490	2800	C	0.030156165426928006	supp
ARREST_shrunk	IDISA	490	2900	C	0.030963704257381486	supp
ARREST_shrunk	IDISA	490	3000	C	0.031777040380646104	supp
ARREST_shrunk	IDISA	490	3100	C	0.032596148086592835	supp
ARREST_shrunk	IDISA	490	3200	C	0.0334210015768448	supp
ARREST_shrunk	IDISA	490	3300	C	0.03425157496662046	supp
ARREST_shrunk	IDISA	490	3400	C	0.03508784228656403	supp
ARREST_shrunk	IDISA	490	3500	C	0.035929777484563497	supp
ARREST_shrunk	IDISA	490	3600	C	0.03677735442755581	supp
ARREST_shrunk	IDISA	490	3700	C	0.03763054690331946	supp
ARREST_shrunk	IDISA	490	3800	C	0.03848932862225518	supp
ARREST_shrunk	IDISA	490	3900	C	0.039353673219152285	supp
ARREST_shrunk	IDISA	490	4000	C	0.04022355425494473	supp
ARREST_shrunk	IDISA	490	4100	C	0.04109894521845259	supp
ARREST_shrunk	IDISA	490	4200	C	0.041979819528114026	supp
ARREST_shrunk	IDISA	490	4300	C	0.042866150533700464	supp
ARREST_shrunk	IDISA	490	4400	C	0.043757911518024106	supp
ARREST_shrunk	IDISA	490	4500	C	0.0446550756986297	supp
ARREST_shrunk	IDISA	490	4600	C	0.04555761622947596	supp
ARREST_shrunk	IDISA	490	4700	C	0.0464655062026037	supp
ARREST_shrunk	IDISA	490	4800	C	0.04737871864979226	supp
ARREST_shrunk	IDISA	490	4900	C	0.04829722654420354	supp
ARREST_shrunk	IDISA	490	5000	C	0.0492210028020138	supp
ARREST_shrunk	IDISA	490	5100	C	0.05015002028403448	supp
ARREST_shrunk	IDISA	490	5200	C	0.05108425179731857	supp
ARREST_shrunk	IDISA	490	5300	C	0.05202367009675757	supp
ARREST_shrunk	IDISA	490	5400	C	0.05296824788666521	supp
ARREST_shrunk	IDISA	490	5500	C	0.05391795782234854	supp
ARREST_shrunk	IDISA	490	5600	C	0.054872772511669	supp
ARREST_shrunk	IDISA	490	5700	C	0.05583266451659019	supp
ARREST_shrunk	IDISA	490	5800	C	0.05679760635471387	supp
ARREST_shrunk	IDISA	490	5900	C	0.05776757050080483	supp
ARREST_shrunk	IDISA	490	6000	C	0.05874252938830382	supp
ARREST_shrunk	IDISA	490	6100	C	0.05972245541082877	supp
ARREST_shrunk	IDISA	490	6200	C	0.06070732092366371	supp
ARREST_shrunk	IDISA	490	6300	C	0.0616970982452375	supp
ARREST_shrunk	IDISA	490	6400	C	0.0626917596585892	supp
ARREST_shrunk	IDISA	490	6500	C	0.06369127741282388	supp
ARREST_shrunk	IDISA	490	6600	C	0.06469562372455495	supp
ARREST_shrunk	IDISA	490	6700	C	0.0657047707793369	supp
ARREST_shrunk	IDISA	490	6800	C	0.066718690733085	supp
ARREST_shrunk	IDISA	490	6900	C	0.06773735571348483	supp
ARREST_shrunk	IDISA	490	7000	C	0.06876073782139014	supp
ARREST_shrunk	IDISA	490	7100	C	0.06978880913220897	supp
ARREST_shrunk	IDISA	490	7200	C	0.07082154169727939	supp
ARREST_shrunk	IDISA	490	7300	C	0.07185890754523305	supp
ARREST_shrunk	IDISA	490	7400	C	0.07290087868334871	supp
ARREST_shrunk	IDISA	490	7500	C	0.07394742709889379	supp
ARREST_shrunk	IDISA	490	7600	C	0.07499852476045521	supp
ARREST_shrunk	IDISA	490	7700	C	0.07605414361925877	supp
ARREST_shrunk	IDISA	490	7800	C	0.07711425561047913	supp
ARREST_shrunk	IDISA	490	7900	C	0.07817883265453585	supp
ARREST_shrunk	IDISA	490	8000	C	0.07924784665838236	supp
ARREST_shrunk	IDISA	490	8100	C	0.08032126951678054	supp
ARREST_shrunk	IDISA	490	8200	C	0.0813990731135672	supp
ARREST_shrunk	IDISA	490	8300	C	0.08248122932290769	supp
ARREST_shrunk	IDISA	490	8400	C	0.08356771001054042	supp
ARREST_shrunk	IDISA	490	8500	C	0.08465848703501055	supp
ARREST_shrunk	IDISA	490	8600	C	0.08575353224889126	supp
ARREST_shrunk	IDISA	490	8700	C	0.08685281749999696	supp
ARREST_shrunk	IDISA	490	8800	C	0.08795631463258424	supp
ARREST_shrunk	IDISA	490	8900	C	0.08906399548854327	supp
ARREST_shrunk	IDISA	490	9000	C	0.09017583190857814	supp
ARREST_shrunk	IDISA	490	9100	C	0.09129179573337687	supp
ARREST_shrunk	IDISA	490	9200	C	0.09241185880477176	supp
ARREST_shrunk	IDISA	490	9300	C	0.09353599296688853	supp
ARREST_shrunk	IDISA	490	9400	C	0.09466417006728567	supp
ARREST_shrunk	IDISA	490	9500	C	0.09579636195808339	supp
ARREST_shrunk	IDISA	490	9600	C	0.096932540497083	supp
ARREST_shrunk	IDISA	490	9700	C	0.09807267754887516	supp
ARREST_shrunk	IDISA	490	9800	C	0.09921674498593858	supp
ARREST_shrunk	IDISA	490	9900	C	0.10036471468972918	supp
ARREST_shrunk	IDISA	490	10000	C	0.10151655855175801	supp
ARREST_shrunk	IDISA	490	10100	C	0.10267224847466039	supp
ARREST_shrunk	IDISA	490	10200	C	0.10383175637325504	supp
ARREST_shrunk	IDISA	490	10300	C	0.1049950541755923	supp
ARREST_shrunk	IDISA	490	10400	C	0.10616211382399365	supp
ARREST_shrunk	IDISA	490	10500	C	0.10733290727608169	supp
ARREST_shrunk	IDISA	490	10600	C	0.10850740650579838	supp
ARREST_shrunk	IDISA	490	10700	C	0.10968558350441648	supp
ARREST_shrunk	IDISA	490	10800	C	0.11086741028153935	supp
ARREST_shrunk	IDISA	490	10900	C	0.11205285886609129	supp
ARREST_shrunk	IDISA	490	11000	C	0.11324190130730005	supp
ARREST_shrunk	IDISA	490	11100	C	0.11443450967566715	supp
ARREST_shrunk	IDISA	490	11200	C	0.11563065606393097	supp
ARREST_shrunk	IDISA	490	11300	C	0.11683031258802001	supp
ARREST_shrunk	IDISA	490	11400	C	0.11803345138799537	supp
ARREST_shrunk	IDISA	490	11500	C	0.1192400446289863	supp
ARREST_shrunk	IDISA	490	11600	C	0.1204500645021146	supp
ARREST_shrunk	IDISA	490	11700	C	0.1216634832254101	supp
ARREST_shrunk	IDISA	490	11800	C	0.1228802730447176	supp
ARREST_shrunk	IDISA	490	11900	C	0.12410040623459484	supp
ARREST_shrunk	IDISA	490	12000	C	0.12532385509920008	supp
ARREST_shrunk	IDISA	490	12100	C	0.12655059197317198	supp
ARREST_shrunk	IDISA	490	12200	C	0.12778058922250013	supp
ARREST_shrunk	IDISA	490	12300	C	0.12901381924538624	supp
ARREST_shrunk	IDISA	490	12400	C	0.13025025447309635	supp
ARREST_shrunk	IDISA	490	12500	C	0.1314898673708056	supp
ARREST_shrunk	IDISA	490	12600	C	0.13273263043843198	supp
ARREST_shrunk	IDISA	490	12700	C	0.13397851621146328	supp
ARREST_shrunk	IDISA	490	12800	C	0.1352274972617742	supp
ARREST_shrunk	IDISA	490	12900	C	0.13647954619843516	supp
ARREST_shrunk	IDISA	490	13000	C	0.1377346356685124	supp
ARREST_shrunk	IDISA	490	13100	C	0.13899273835785986	supp
ARREST_shrunk	IDISA	490	13200	C	0.14025382699190148	supp
ARREST_shrunk	IDISA	490	13300	C	0.1415178743364065	supp
ARREST_shrunk	IDISA	490	13400	C	0.1427848531982555	supp
ARREST_shrunk	IDISA	490	13500	C	0.14405473642619715	supp
ARREST_shrunk	IDISA	490	13600	C	0.14532749691159919	supp
ARREST_shrunk	IDISA	490	13700	C	0.14660310758918782	supp
ARREST_shrunk	IDISA	490	13800	C	0.14788154143778165	supp
ARREST_shrunk	IDISA	490	13900	C	0.14916277148101575	supp
ARREST_shrunk	IDISA	490	14000	C	0.15044677078805824	supp
ARREST_shrunk	IDISA	490	14100	C	0.15173351247431832	supp
ARREST_shrunk	IDISA	490	14200	C	0.15302296970214635	supp
ARREST_shrunk	IDISA	490	14300	C	0.15431511568152678	supp
ARREST_shrunk	IDISA	490	14400	C	0.15560992367076154	supp
ARREST_shrunk	IDISA	490	14500	C	0.15690736697714625	supp
ARREST_shrunk	IDISA	490	14600	C	0.1582074189576389	supp
ARREST_shrunk	IDISA	490	14700	C	0.15951005301951993	supp
ARREST_shrunk	IDISA	490	14800	C	0.1608152426210454	supp
ARREST_shrunk	IDISA	490	14900	C	0.16212296127209114	supp
ARREST_shrunk	IDISA	490	15000	C	0.16343318253479056	supp
ARREST_shrunk	IDISA	490	15100	C	0.16474588002416335	supp
ARREST_shrunk	IDISA	490	15200	C	0.16606102740873785	supp
ARREST_shrunk	IDISA	490	15300	C	0.1673785984111652	supp
ARREST_shrunk	IDISA	490	15400	C	0.16869856680882578	supp
ARREST_shrunk	IDISA	490	15500	C	0.17002090643442858	supp
ARREST_shrunk	IDISA	490	15600	C	0.17134559117660275	supp
ARREST_shrunk	IDISA	490	15700	C	0.17267259498048204	supp
ARREST_shrunk	IDISA	490	15800	C	0.1740018918482812	supp
ARREST_shrunk	IDISA	490	15900	C	0.17533345583986648	supp
ARREST_shrunk	IDISA	490	16000	C	0.1766672610733171	supp
ARREST_shrunk	IDISA	490	16100	C	0.1780032817254803	supp
ARREST_shrunk	IDISA	490	16200	C	0.17934149203251992	supp
ARREST_shrunk	IDISA	490	16300	C	0.18068186629045635	supp
ARREST_shrunk	IDISA	490	16400	C	0.18202437885570022	supp
ARREST_shrunk	IDISA	490	16500	C	0.183369004145579	supp
ARREST_shrunk	IDISA	490	16600	C	0.184715716638857	supp
ARREST_shrunk	IDISA	490	16700	C	0.18606449087624632	supp
ARREST_shrunk	IDISA	490	16800	C	0.18741530146091456	supp
ARREST_shrunk	IDISA	490	16900	C	0.18876812305898105	supp
ARREST_shrunk	IDISA	490	17000	C	0.19012293040001094	supp
ARREST_shrunk	IDISA	490	17100	C	0.19147969827749844	supp
ARREST_shrunk	IDISA	490	17200	C	0.19283840154934573	supp
ARREST_shrunk	IDISA	490	17300	C	0.19419901513833426	supp
ARREST_shrunk	IDISA	490	17400	C	0.19556151403258992	supp
ARREST_shrunk	IDISA	490	17500	C	0.1969258732860405	supp
ARREST_shrunk	IDISA	490	17600	C	0.19829206801886756	supp
ARREST_shrunk	IDISA	490	17700	C	0.19966007341795122	supp
ARREST_shrunk	IDISA	490	17800	C	0.20102986473730944	supp
ARREST_shrunk	IDISA	490	17900	C	0.20240141729852834	supp
ARREST_shrunk	IDISA	490	18000	C	0.20377470649118923	supp
ARREST_shrunk	IDISA	490	18100	C	0.205149707773287	supp
ARREST_shrunk	IDISA	490	18200	C	0.20652639667164285	supp
ARREST_shrunk	IDISA	490	18300	C	0.20790474878231124	supp
ARREST_shrunk	IDISA	490	18400	C	0.20928473977097928	supp
ARREST_shrunk	IDISA	490	18500	C	0.2106663453733617	supp
ARREST_shrunk	IDISA	490	18600	C	0.21204954139558785	supp
ARREST_shrunk	IDISA	490	18700	C	0.21343430371458338	supp
ARREST_shrunk	IDISA	490	18800	C	0.21482060827844596	supp
ARREST_shrunk	IDISA	490	18900	C	0.21620843110681442	supp
ARREST_shrunk	IDISA	490	19000	C	0.2175977482912329	supp
ARREST_shrunk	IDISA	490	19100	C	0.21898853599550694	supp
ARREST_shrunk	IDISA	490	19200	C	0.22038077045605664	supp
ARREST_shrunk	IDISA	490	19300	C	0.22177442798226032	supp
ARREST_shrunk	IDISA	490	19400	C	0.2231694849567959	supp
ARREST_shrunk	IDISA	490	19500	C	0.22456591783597357	supp
ARREST_shrunk	IDISA	490	19600	C	0.22596370315006464	supp
ARREST_shrunk	IDISA	490	19700	C	0.22736281750362342	supp
ARREST_shrunk	IDISA	490	19800	C	0.22876323757580375	supp
ARREST_shrunk	IDISA	490	19900	C	0.23016494012067046	supp
ARREST_shrunk	IDISA	490	20000	C	0.231567901967504	supp
ARREST_shrunk	SABG-PCS	755	100	C	0.010353102101471334	supp
ARREST_shrunk	SABG-PCS	755	200	C	0.010708216775483836	supp
ARREST_shrunk	SABG-PCS	755	300	C	0.011065340158148307	supp
ARREST_shrunk	SABG-PCS	755	400	C	0.011424468371398988	supp
ARREST_shrunk	SABG-PCS	755	500	C	0.011785597523112812	supp
ARREST_shrunk	SABG-PCS	755	600	C	0.012148723707229303	supp
ARREST_shrunk	SABG-PCS	755	700	C	0.012513843003868153	supp
ARREST_shrunk	SABG-PCS	755	800	C	0.012880951479448566	supp
ARREST_shrunk	SABG-PCS	755	900	C	0.013250045186806503	supp
ARREST_shrunk	SABG-PCS	755	1000	C	0.013621120165312695	supp
ARREST_shrunk	SABG-PCS	755	1100	C	0.01399417244098955	supp
ARREST_shrunk	SABG-PCS	755	1200	C	0.01436919802662795	supp
ARREST_shrunk	SABG-PCS	755	1300	C	0.014746192921903156	supp
ARREST_shrunk	SABG-PCS	755	1400	C	0.015125153113491607	supp
ARREST_shrunk	SABG-PCS	755	1500	C	0.015506074575185602	supp
ARREST_shrunk	SABG-PCS	755	1600	C	0.015888953268008987	supp
ARREST_shrunk	SABG-PCS	755	1700	C	0.016273785140331065	supp
ARREST_shrunk	SABG-PCS	755	1800	C	0.016660566127981835	supp
ARREST_shrunk	SABG-PCS	755	1900	C	0.01704929215436568	supp
ARREST_shrunk	SABG-PCS	755	2000	C	0.01743995913057439	supp
ARREST_shrunk	SABG-PCS	755	2100	C	0.01783256295550084	supp
ARREST_shrunk	SABG-PCS	755	2200	C	0.01822709951595103	supp
ARREST_shrunk	SABG-PCS	755	2300	C	0.01862356468675741	supp
ARREST_shrunk	SABG-PCS	755	2400	C	0.019021954330889823	supp
ARREST_shrunk	SABG-PCS	755	2500	C	0.019422264299567726	supp
ARREST_shrunk	SABG-PCS	755	2600	C	0.019824490432370556	supp
ARREST_shrunk	SABG-PCS	755	2700	C	0.020228628557349304	supp
ARREST_shrunk	SABG-PCS	755	2800	C	0.020634674491136318	supp
ARREST_shrunk	SABG-PCS	755	2900	C	0.021042624039055435	supp
ARREST_shrunk	SABG-PCS	755	3000	C	0.02145247299523112	supp
ARREST_shrunk	SABG-PCS	755	3100	C	0.021864217142698483	supp
ARREST_shrunk	SABG-PCS	755	3200	C	0.022277852253511088	supp
ARREST_shrunk	SABG-PCS	755	3300	C	0.02269337408884997	supp
ARREST_shrunk	SABG-PCS	755	3400	C	0.023110778399130782	supp
ARREST_shrunk	SABG-PCS	755	3500	C	0.023530060924112584	supp
ARREST_shrunk	SABG-PCS	755	3600	C	0.0239512173930041	supp
ARREST_shrunk	SABG-PCS	755	3700	C	0.024374243524570627	supp
ARREST_shrunk	SABG-PCS	755	3800	C	0.024799135027240626	supp
ARREST_shrunk	SABG-PCS	755	3900	C	0.025225887599211627	supp
ARREST_shrunk	SABG-PCS	755	4000	C	0.025654496928556147	supp
ARREST_shrunk	SABG-PCS	755	4100	C	0.026084958693326166	supp
ARREST_shrunk	SABG-PCS	755	4200	C	0.02651726856165859	supp
ARREST_shrunk	SABG-PCS	755	4300	C	0.026951422191879848	supp
ARREST_shrunk	SABG-PCS	755	4400	C	0.027387415232609125	supp
ARREST_shrunk	SABG-PCS	755	4500	C	0.027825243322862847	supp
ARREST_shrunk	SABG-PCS	755	4600	C	0.028264902092157596	supp
ARREST_shrunk	SABG-PCS	755	4700	C	0.028706387160613023	supp
ARREST_shrunk	SABG-PCS	755	4800	C	0.029149694139054327	supp
ARREST_shrunk	SABG-PCS	755	4900	C	0.029594818629114394	supp
ARREST_shrunk	SABG-PCS	755	5000	C	0.030041756223335936	supp
ARREST_shrunk	SABG-PCS	755	5100	C	0.030490502505271855	supp
ARREST_shrunk	SABG-PCS	755	5200	C	0.030941053049587608	supp
ARREST_shrunk	SABG-PCS	755	5300	C	0.03139340342216035	supp
ARREST_shrunk	SABG-PCS	755	5400	C	0.03184754918017996	supp
ARREST_shrunk	SABG-PCS	755	5500	C	0.03230348587224907	supp
ARREST_shrunk	SABG-PCS	755	5600	C	0.032761209038481565	supp
ARREST_shrunk	SABG-PCS	755	5700	C	0.0332207142106028	supp
ARREST_shrunk	SABG-PCS	755	5800	C	0.033681996912046985	supp
ARREST_shrunk	SABG-PCS	755	5900	C	0.03414505265805701	supp
ARREST_shrunk	SABG-PCS	755	6000	C	0.03460987695578077	supp
ARREST_shrunk	SABG-PCS	755	6100	C	0.03507646530437003	supp
ARREST_shrunk	SABG-PCS	755	6200	C	0.03554481319507641	supp
ARREST_shrunk	SABG-PCS	755	6300	C	0.03601491611134944	supp
ARREST_shrunk	SABG-PCS	755	6400	C	0.036486769528931706	supp
ARREST_shrunk	SABG-PCS	755	6500	C	0.036960368915956	supp
ARREST_shrunk	SABG-PCS	755	6600	C	0.03743570973303967	supp
ARREST_shrunk	SABG-PCS	755	6700	C	0.037912787433381556	supp
ARREST_shrunk	SABG-PCS	755	6800	C	0.03839159746285514	supp
ARREST_shrunk	SABG-PCS	755	6900	C	0.03887213526010458	supp
ARREST_shrunk	SABG-PCS	755	7000	C	0.039354396256637725	supp
ARREST_shrunk	SABG-PCS	755	7100	C	0.03983837587692063	supp
ARREST_shrunk	SABG-PCS	755	7200	C	0.040324069538470675	supp
ARREST_shrunk	SABG-PCS	755	7300	C	0.04081147265194918	supp
ARREST_shrunk	SABG-PCS	755	7400	C	0.04130058062125519	supp
ARREST_shrunk	SABG-PCS	755	7500	C	0.04179138884361677	supp
ARREST_shrunk	SABG-PCS	755	7600	C	0.042283892709683024	supp
ARREST_shrunk	SABG-PCS	755	7700	C	0.04277808760361601	supp
ARREST_shrunk	SABG-PCS	755	7800	C	0.043273968903182025	supp
ARREST_shrunk	SABG-PCS	755	7900	C	0.04377153197984174	supp
ARREST_shrunk	SABG-PCS	755	8000	C	0.044270772198841346	supp
ARREST_shrunk	SABG-PCS	755	8100	C	0.04477168491930217	supp
ARREST_shrunk	SABG-PCS	755	8200	C	0.045274265494310684	supp
ARREST_shrunk	SABG-PCS	755	8300	C	0.045778509271007795	supp
ARREST_shrunk	SABG-PCS	755	8400	C	0.046284411590677976	supp
ARREST_shrunk	SABG-PCS	755	8500	C	0.046791967788836986	supp
ARREST_shrunk	SABG-PCS	755	8600	C	0.047301173195321566	supp
ARREST_shrunk	SABG-PCS	755	8700	C	0.04781202313437616	supp
ARREST_shrunk	SABG-PCS	755	8800	C	0.04832451292474116	supp
ARREST_shrunk	SABG-PCS	755	8900	C	0.04883863787973963	supp
ARREST_shrunk	SABG-PCS	755	9000	C	0.04935439330736413	supp
ARREST_shrunk	SABG-PCS	755	9100	C	0.04987177451036362	supp
ARREST_shrunk	SABG-PCS	755	9200	C	0.05039077678632886	supp
ARREST_shrunk	SABG-PCS	755	9300	C	0.050911395427779116	supp
ARREST_shrunk	SABG-PCS	755	9400	C	0.05143362572224619	supp
ARREST_shrunk	SABG-PCS	755	9500	C	0.05195746295236037	supp
ARREST_shrunk	SABG-PCS	755	9600	C	0.05248290239593545	supp
ARREST_shrunk	SABG-PCS	755	9700	C	0.05300993932605147	supp
ARREST_shrunk	SABG-PCS	755	9800	C	0.053538569011140624	supp
ARREST_shrunk	SABG-PCS	755	9900	C	0.054068786715069095	supp
ARREST_shrunk	SABG-PCS	755	10000	C	0.0546005876972212	supp
ARREST_shrunk	SABG-PCS	755	10100	C	0.05513396721258268	supp
ARREST_shrunk	SABG-PCS	755	10200	C	0.05566892051182171	supp
ARREST_shrunk	SABG-PCS	755	10300	C	0.056205442841372855	supp
ARREST_shrunk	SABG-PCS	755	10400	C	0.05674352944351768	supp
ARREST_shrunk	SABG-PCS	755	10500	C	0.05728317555646645	supp
ARREST_shrunk	SABG-PCS	755	10600	C	0.057824376414439715	supp
ARREST_shrunk	SABG-PCS	755	10700	C	0.05836712724774873	supp
ARREST_shrunk	SABG-PCS	755	10800	C	0.05891142328287524	supp
ARREST_shrunk	SABG-PCS	755	10900	C	0.059457259742553226	supp
ARREST_shrunk	SABG-PCS	755	11000	C	0.06000463184584681	supp
ARREST_shrunk	SABG-PCS	755	11100	C	0.06055353480823078	supp
ARREST_shrunk	SABG-PCS	755	11200	C	0.06110396384166927	supp
ARREST_shrunk	SABG-PCS	755	11300	C	0.06165591415469418	supp
ARREST_shrunk	SABG-PCS	755	11400	C	0.06220938095248385	supp
ARREST_shrunk	SABG-PCS	755	11500	C	0.06276435943694136	supp
ARREST_shrunk	SABG-PCS	755	11600	C	0.06332084480677114	supp
ARREST_shrunk	SABG-PCS	755	11700	C	0.06387883225755753	supp
ARREST_shrunk	SABG-PCS	755	11800	C	0.06443831698184077	supp
ARREST_shrunk	SABG-PCS	755	11900	C	0.06499929416919414	supp
ARREST_shrunk	SABG-PCS	755	12000	C	0.06556175900630001	supp
ARREST_shrunk	SABG-PCS	755	12100	C	0.066125706677026	supp
ARREST_shrunk	SABG-PCS	755	12200	C	0.06669113236250024	supp
ARREST_shrunk	SABG-PCS	755	12300	C	0.06725803124118712	supp
ARREST_shrunk	SABG-PCS	755	12400	C	0.06782639848896188	supp
ARREST_shrunk	SABG-PCS	755	12500	C	0.0683962292791851	supp
ARREST_shrunk	SABG-PCS	755	12600	C	0.06896751878277729	supp
ARREST_shrunk	SABG-PCS	755	12700	C	0.06954026216829245	supp
ARREST_shrunk	SABG-PCS	755	12800	C	0.07011445460199195	supp
ARREST_shrunk	SABG-PCS	755	12900	C	0.07069009124791781	supp
ARREST_shrunk	SABG-PCS	755	13000	C	0.07126716726796534	supp
ARREST_shrunk	SABG-PCS	755	13100	C	0.07184567782195572	supp
ARREST_shrunk	SABG-PCS	755	13200	C	0.07242561806770842	supp
ARREST_shrunk	SABG-PCS	755	13300	C	0.07300698316111343	supp
ARREST_shrunk	SABG-PCS	755	13400	C	0.073589768256202	supp
ARREST_shrunk	SABG-PCS	755	13500	C	0.07417396850521862	supp
ARREST_shrunk	SABG-PCS	755	13600	C	0.0747595790586918	supp
ARREST_shrunk	SABG-PCS	755	13700	C	0.07534659506550434	supp
ARREST_shrunk	SABG-PCS	755	13800	C	0.07593501167296413	supp
ARREST_shrunk	SABG-PCS	755	13900	C	0.07652482402687344	supp
ARREST_shrunk	SABG-PCS	755	14000	C	0.07711602727159905	supp
ARREST_shrunk	SABG-PCS	755	14100	C	0.07770861655014194	supp
ARREST_shrunk	SABG-PCS	755	14200	C	0.0783025870042049	supp
ARREST_shrunk	SABG-PCS	755	14300	C	0.07889793377426213	supp
ARREST_shrunk	SABG-PCS	755	14400	C	0.07949465199962791	supp
ARREST_shrunk	SABG-PCS	755	14500	C	0.08009273681852358	supp
ARREST_shrunk	SABG-PCS	755	14600	C	0.08069218336814599	supp
ARREST_shrunk	SABG-PCS	755	14700	C	0.08129298678473473	supp
ARREST_shrunk	SABG-PCS	755	14800	C	0.08189514220363836	supp
ARREST_shrunk	SABG-PCS	755	14900	C	0.0824986447593824	supp
ARREST_shrunk	SABG-PCS	755	15000	C	0.08310348958573521	supp
ARREST_shrunk	SABG-PCS	755	15100	C	0.08370967181577327	supp
ARREST_shrunk	SABG-PCS	755	15200	C	0.08431718658194831	supp
ARREST_shrunk	SABG-PCS	755	15300	C	0.08492602901615187	supp
ARREST_shrunk	SABG-PCS	755	15400	C	0.08553619424978043	supp
ARREST_shrunk	SABG-PCS	755	15500	C	0.08614767741380058	supp
ARREST_shrunk	SABG-PCS	755	15600	C	0.08676047363881323	supp
ARREST_shrunk	SABG-PCS	755	15700	C	0.08737457805511784	supp
ARREST_shrunk	SABG-PCS	755	15800	C	0.08798998579277695	supp
ARREST_shrunk	SABG-PCS	755	15900	C	0.08860669198167803	supp
ARREST_shrunk	SABG-PCS	755	16000	C	0.08922469175159908	supp
ARREST_shrunk	SABG-PCS	755	16100	C	0.08984398023226925	supp
ARREST_shrunk	SABG-PCS	755	16200	C	0.090464552553433	supp
ARREST_shrunk	SABG-PCS	755	16300	C	0.09108640384491218	supp
ARREST_shrunk	SABG-PCS	755	16400	C	0.09170952923666709	supp
ARREST_shrunk	SABG-PCS	755	16500	C	0.09233392385885952	supp
ARREST_shrunk	SABG-PCS	755	16600	C	0.0929595828419133	supp
ARREST_shrunk	SABG-PCS	755	16700	C	0.0935865013165752	supp
ARREST_shrunk	SABG-PCS	755	16800	C	0.09421467441397657	supp
ARREST_shrunk	SABG-PCS	755	16900	C	0.0948440972656932	supp
ARREST_shrunk	SABG-PCS	755	17000	C	0.09547476500380536	supp
ARREST_shrunk	SABG-PCS	755	17100	C	0.0961066727609583	supp
ARREST_shrunk	SABG-PCS	755	17200	C	0.09673981567042089	supp
ARREST_shrunk	SABG-PCS	755	17300	C	0.0973741888661459	supp
ARREST_shrunk	SABG-PCS	755	17400	C	0.09800978748282829	supp
ARREST_shrunk	SABG-PCS	755	17500	C	0.09864660665596403	supp
ARREST_shrunk	SABG-PCS	755	17600	C	0.09928464152190841	supp
ARREST_shrunk	SABG-PCS	755	17700	C	0.09992388721793422	supp
ARREST_shrunk	SABG-PCS	755	17800	C	0.10056433888228955	supp
ARREST_shrunk	SABG-PCS	755	17900	C	0.10120599165425503	supp
ARREST_shrunk	SABG-PCS	755	18000	C	0.10184884067420108	supp
ARREST_shrunk	SABG-PCS	755	18100	C	0.10249288108364485	supp
ARREST_shrunk	SABG-PCS	755	18200	C	0.10313810802530698	supp
ARREST_shrunk	SABG-PCS	755	18300	C	0.10378451664316746	supp
ARREST_shrunk	SABG-PCS	755	18400	C	0.10443210208252163	supp
ARREST_shrunk	SABG-PCS	755	18500	C	0.10508085949003676	supp
ARREST_shrunk	SABG-PCS	755	18600	C	0.10573078401380587	supp
ARREST_shrunk	SABG-PCS	755	18700	C	0.10638187080340444	supp
ARREST_shrunk	SABG-PCS	755	18800	C	0.1070341150099442	supp
ARREST_shrunk	SABG-PCS	755	18900	C	0.10768751178612823	supp
ARREST_shrunk	SABG-PCS	755	19000	C	0.10834205628630444	supp
ARREST_shrunk	SABG-PCS	755	19100	C	0.1089977436665206	supp
ARREST_shrunk	SABG-PCS	755	19200	C	0.10965456908457738	supp
ARREST_shrunk	SABG-PCS	755	19300	C	0.11031252770008149	supp
ARREST_shrunk	SABG-PCS	755	19400	C	0.11097161467449923	supp
ARREST_shrunk	SABG-PCS	755	19500	C	0.1116318251712094	supp
ARREST_shrunk	SABG-PCS	755	19600	C	0.11229315435555531	supp
ARREST_shrunk	SABG-PCS	755	19700	C	0.11295559739489747	supp
ARREST_shrunk	SABG-PCS	755	19800	C	0.11361914945866491	supp
ARREST_shrunk	SABG-PCS	755	19900	C	0.11428380571840802	supp
ARREST_shrunk	SABG-PCS	755	20000	C	0.11494956134784862	supp
ARREST_shrunk	ARREST	758	100	D	0.010661955150544244	supp
ARREST_shrunk	ARREST	758	200	D	0.011330936660813862	supp
ARREST_shrunk	ARREST	758	300	D	0.01200691914152685	supp
ARREST_shrunk	ARREST	758	400	D	0.012689877032565633	supp
ARREST_shrunk	ARREST	758	500	D	0.01337978460569167	supp
ARREST_shrunk	ARREST	758	600	D	0.014076615967241302	supp
ARREST_shrunk	ARREST	758	700	D	0.0147803450608055	supp
ARREST_shrunk	ARREST	758	800	D	0.015490945669892509	supp
ARREST_shrunk	ARREST	758	900	D	0.016208391420571844	supp
ARREST_shrunk	ARREST	758	1000	D	0.01693265578410319	supp
ARREST_shrunk	ARREST	758	1100	D	0.01766371207954598	supp
ARREST_shrunk	ARREST	758	1200	D	0.018401533476354093	supp
ARREST_shrunk	ARREST	758	1300	D	0.019146092996951358	supp
ARREST_shrunk	ARREST	758	1400	D	0.01989736351929161	supp
ARREST_shrunk	ARREST	758	1500	D	0.020655317779400884	supp
ARREST_shrunk	ARREST	758	1600	D	0.021419928373903607	supp
ARREST_shrunk	ARREST	758	1700	D	0.022191167762530162	supp
ARREST_shrunk	ARREST	758	1800	D	0.022969008270609215	supp
ARREST_shrunk	ARREST	758	1900	D	0.02375342209154252	supp
ARREST_shrunk	ARREST	758	2000	D	0.024544381289263173	supp
ARREST_shrunk	ARREST	758	2100	D	0.025341857800676548	supp
ARREST_shrunk	ARREST	758	2200	D	0.026145823438084914	supp
ARREST_shrunk	ARREST	758	2300	D	0.026956249891595507	supp
ARREST_shrunk	ARREST	758	2400	D	0.02777310873151173	supp
ARREST_shrunk	ARREST	758	2500	D	0.02859637141070759	supp
ARREST_shrunk	ARREST	758	2600	D	0.029426009266985798	supp
ARREST_shrunk	ARREST	758	2700	D	0.030261993525419806	supp
ARREST_shrunk	ARREST	758	2800	D	0.03110429530067782	supp
ARREST_shrunk	ARREST	758	2900	D	0.031952885599332514	supp
ARREST_shrunk	ARREST	758	3000	D	0.032807735322152864	supp
ARREST_shrunk	ARREST	758	3100	D	0.03366881526637944	supp
ARREST_shrunk	ARREST	758	3200	D	0.034536096127984806	supp
ARREST_shrunk	ARREST	758	3300	D	0.035409548503916755	supp
ARREST_shrunk	ARREST	758	3400	D	0.036289142894325055	supp
ARREST_shrunk	ARREST	758	3500	D	0.03717484970477225	supp
ARREST_shrunk	ARREST	758	3600	D	0.03806663924842946	supp
ARREST_shrunk	ARREST	758	3700	D	0.03896448174825373	supp
ARREST_shrunk	ARREST	758	3800	D	0.03986834733915223	supp
ARREST_shrunk	ARREST	758	3900	D	0.04077820607012772	supp
ARREST_shrunk	ARREST	758	4000	D	0.041694027906410414	supp
ARREST_shrunk	ARREST	758	4100	D	0.04261578273157218	supp
ARREST_shrunk	ARREST	758	4200	D	0.043543440349626206	supp
ARREST_shrunk	ARREST	758	4300	D	0.04447697048711008	supp
ARREST_shrunk	ARREST	758	4400	D	0.045416342795153386	supp
ARREST_shrunk	ARREST	758	4500	D	0.04636152685152972	supp
ARREST_shrunk	ARREST	758	4600	D	0.047312492162693065	supp
ARREST_shrunk	ARREST	758	4700	D	0.048269208165798494	supp
ARREST_shrunk	ARREST	758	4800	D	0.04923164423070725	supp
ARREST_shrunk	ARREST	758	4900	D	0.0501997696619767	supp
ARREST_shrunk	ARREST	758	5000	D	0.05117355370083454	supp
ARREST_shrunk	ARREST	758	5100	D	0.05215296552713744	supp
ARREST_shrunk	ARREST	758	5200	D	0.0531379742613155	supp
ARREST_shrunk	ARREST	758	5300	D	0.05412854896629948	supp
ARREST_shrunk	ARREST	758	5400	D	0.05512465864943494	supp
ARREST_shrunk	ARREST	758	5500	D	0.05612627226437983	supp
ARREST_shrunk	ARREST	758	5600	D	0.05713335871298719	supp
ARREST_shrunk	ARREST	758	5700	D	0.05814588684717337	supp
ARREST_shrunk	ARREST	758	5800	D	0.05916382547077059	supp
ARREST_shrunk	ARREST	758	5900	D	0.06018714334136488	supp
ARREST_shrunk	ARREST	758	6000	D	0.06121580917211966	supp
ARREST_shrunk	ARREST	758	6100	D	0.062249791633582796	supp
ARREST_shrunk	ARREST	758	6200	D	0.06328905935548101	supp
ARREST_shrunk	ARREST	758	6300	D	0.06433358092849828	supp
ARREST_shrunk	ARREST	758	6400	D	0.06538332490603971	supp
ARREST_shrunk	ARREST	758	6500	D	0.06643825980598128	supp
ARREST_shrunk	ARREST	758	6600	D	0.06749835411240424	supp
ARREST_shrunk	ARREST	758	6700	D	0.06856357627731602	supp
ARREST_shrunk	ARREST	758	6800	D	0.0696338947223557	supp
ARREST_shrunk	ARREST	758	6900	D	0.0707092778404862	supp
ARREST_shrunk	ARREST	758	7000	D	0.07178969399767066	supp
ARREST_shrunk	ARREST	758	7100	D	0.0728751115345363	supp
ARREST_shrunk	ARREST	758	7200	D	0.0739654987680225	supp
ARREST_shrunk	ARREST	758	7300	D	0.07506082399301606	supp
ARREST_shrunk	ARREST	758	7400	D	0.07616105548397079	supp
ARREST_shrunk	ARREST	758	7500	D	0.07726616149651533	supp
ARREST_shrunk	ARREST	758	7600	D	0.07837611026904423	supp
ARREST_shrunk	ARREST	758	7700	D	0.07949087002429756	supp
ARREST_shrunk	ARREST	758	7800	D	0.08061040897092542	supp
ARREST_shrunk	ARREST	758	7900	D	0.08173469530503852	supp
ARREST_shrunk	ARREST	758	8000	D	0.08286369721174602	supp
ARREST_shrunk	ARREST	758	8100	D	0.08399738286667824	supp
ARREST_shrunk	ARREST	758	8200	D	0.08513572043749718	supp
ARREST_shrunk	ARREST	758	8300	D	0.0862786780853928	supp
ARREST_shrunk	ARREST	758	8400	D	0.08742622396656541	supp
ARREST_shrunk	ARREST	758	8500	D	0.08857832623369533	supp
ARREST_shrunk	ARREST	758	8600	D	0.0897349530373992	supp
ARREST_shrunk	ARREST	758	8700	D	0.09089607252767207	supp
ARREST_shrunk	ARREST	758	8800	D	0.09206165285531698	supp
ARREST_shrunk	ARREST	758	8900	D	0.09323166217336132	supp
ARREST_shrunk	ARREST	758	9000	D	0.0944060686384599	supp
ARREST_shrunk	ARREST	758	9100	D	0.09558484041228432	supp
ARREST_shrunk	ARREST	758	9200	D	0.09676794566290081	supp
ARREST_shrunk	ARREST	758	9300	D	0.09795535256613375	supp
ARREST_shrunk	ARREST	758	9400	D	0.09914702930691621	supp
ARREST_shrunk	ARREST	758	9500	D	0.10034294408062916	supp
ARREST_shrunk	ARREST	758	9600	D	0.10154306509442623	supp
ARREST_shrunk	ARREST	758	9700	D	0.10274736056854661	supp
ARREST_shrunk	ARREST	758	9800	D	0.10395579873761485	supp
ARREST_shrunk	ARREST	758	9900	D	0.10516834785192886	supp
ARREST_shrunk	ARREST	758	10000	D	0.10638497617873377	supp
ARREST_shrunk	ARREST	758	10100	D	0.10760565200348604	supp
ARREST_shrunk	ARREST	758	10200	D	0.10883034363110144	supp
ARREST_shrunk	ARREST	758	10300	D	0.1100590193871942	supp
ARREST_shrunk	ARREST	758	10400	D	0.11129164761930133	supp
ARREST_shrunk	ARREST	758	10500	D	0.11252819669809655	supp
ARREST_shrunk	ARREST	758	10600	D	0.11376863501859069	supp
ARREST_shrunk	ARREST	758	10700	D	0.11501293100132015	supp
ARREST_shrunk	ARREST	758	10800	D	0.11626105309352452	supp
ARREST_shrunk	ARREST	758	10900	D	0.11751296977031045	supp
ARREST_shrunk	ARREST	758	11000	D	0.11876864953580535	supp
ARREST_shrunk	ARREST	758	11100	D	0.1200280609242973	supp
ARREST_shrunk	ARREST	758	11200	D	0.12129117250136445	supp
ARREST_shrunk	ARREST	758	11300	D	0.12255795286499338	supp
ARREST_shrunk	ARREST	758	11400	D	0.12382837064668284	supp
ARREST_shrunk	ARREST	758	11500	D	0.1251023945125398	supp
ARREST_shrunk	ARREST	758	11600	D	0.12637999316436022	supp
ARREST_shrunk	ARREST	758	11700	D	0.12766113534070145	supp
ARREST_shrunk	ARREST	758	11800	D	0.12894578981794025	supp
ARREST_shrunk	ARREST	758	11900	D	0.13023392541132228	supp
ARREST_shrunk	ARREST	758	12000	D	0.13152551097599774	supp
ARREST_shrunk	ARREST	758	12100	D	0.13282051540804796	supp
ARREST_shrunk	ARREST	758	12200	D	0.1341189076454985	supp
ARREST_shrunk	ARREST	758	12300	D	0.13542065666932313	supp
ARREST_shrunk	ARREST	758	12400	D	0.13672573150443612	supp
ARREST_shrunk	ARREST	758	12500	D	0.13803410122067206	supp
ARREST_shrunk	ARREST	758	12600	D	0.13934573493375757	supp
ARREST_shrunk	ARREST	758	12700	D	0.14066060180626894	supp
ARREST_shrunk	ARREST	758	12800	D	0.14197867104858153	supp
ARREST_shrunk	ARREST	758	12900	D	0.14329991191980673	supp
ARREST_shrunk	ARREST	758	13000	D	0.14462429372871932	supp
ARREST_shrunk	ARREST	758	13100	D	0.14595178583467283	supp
ARREST_shrunk	ARREST	758	13200	D	0.14728235764850595	supp
ARREST_shrunk	ARREST	758	13300	D	0.14861597863343645	supp
ARREST_shrunk	ARREST	758	13400	D	0.1499526183059473	supp
ARREST_shrunk	ARREST	758	13500	D	0.15129224623665927	supp
ARREST_shrunk	ARREST	758	13600	D	0.1526348320511951	supp
ARREST_shrunk	ARREST	758	13700	D	0.1539803454310339	supp
ARREST_shrunk	ARREST	758	13800	D	0.15532875611435226	supp
ARREST_shrunk	ARREST	758	13900	D	0.15668003389685958	supp
ARREST_shrunk	ARREST	758	14000	D	0.15803414863261922	supp
ARREST_shrunk	ARREST	758	14100	D	0.1593910702348621	supp
ARREST_shrunk	ARREST	758	14200	D	0.1607507686767896	supp
ARREST_shrunk	ARREST	758	14300	D	0.16211321399236556	supp
ARREST_shrunk	ARREST	758	14400	D	0.16347837627710016	supp
ARREST_shrunk	ARREST	758	14500	D	0.1648462256888228	supp
ARREST_shrunk	ARREST	758	14600	D	0.16621673244844504	supp
ARREST_shrunk	ARREST	758	14700	D	0.16758986684071486	supp
ARREST_shrunk	ARREST	758	14800	D	0.16896559921496002	supp
ARREST_shrunk	ARREST	758	14900	D	0.170343899985823	supp
ARREST_shrunk	ARREST	758	15000	D	0.17172473963398538	supp
ARREST_shrunk	ARREST	758	15100	D	0.173108088706884	supp
ARREST_shrunk	ARREST	758	15200	D	0.1744939178194156	supp
ARREST_shrunk	ARREST	758	15300	D	0.17588219765463486	supp
ARREST_shrunk	ARREST	758	15400	D	0.17727289896444054	supp
ARREST_shrunk	ARREST	758	15500	D	0.17866599257025417	supp
ARREST_shrunk	ARREST	758	15600	D	0.18006144936368884	supp
ARREST_shrunk	ARREST	758	15700	D	0.1814592403072085	supp
ARREST_shrunk	ARREST	758	15800	D	0.18285933643477925	supp
ARREST_shrunk	ARREST	758	15900	D	0.18426170885250992	supp
ARREST_shrunk	ARREST	758	16000	D	0.18566632873928646	supp
ARREST_shrunk	ARREST	758	16100	D	0.187073167347394	supp
ARREST_shrunk	ARREST	758	16200	D	0.1884821960031322	supp
ARREST_shrunk	ARREST	758	16300	D	0.18989338610742224	supp
ARREST_shrunk	ARREST	758	16400	D	0.1913067091364029	supp
ARREST_shrunk	ARREST	758	16500	D	0.19272213664202087	supp
ARREST_shrunk	ARREST	758	16600	D	0.1941396402526091	supp
ARREST_shrunk	ARREST	758	16700	D	0.1955591916734597	supp
ARREST_shrunk	ARREST	758	16800	D	0.19698076268738585	supp
ARREST_shrunk	ARREST	758	16900	D	0.19840432515527773	supp
ARREST_shrunk	ARREST	758	17000	D	0.1998298510166473	supp
ARREST_shrunk	ARREST	758	17100	D	0.2012573122901672	supp
ARREST_shrunk	ARREST	758	17200	D	0.20268668107419963	supp
ARREST_shrunk	ARREST	758	17300	D	0.2041179295473181	supp
ARREST_shrunk	ARREST	758	17400	D	0.20555102996882035	supp
ARREST_shrunk	ARREST	758	17500	D	0.2069859546792333	supp
ARREST_shrunk	ARREST	758	17600	D	0.20842267610081056	supp
ARREST_shrunk	ARREST	758	17700	D	0.20986116673802047	supp
ARREST_shrunk	ARREST	758	17800	D	0.21130139917802837	supp
ARREST_shrunk	ARREST	758	17900	D	0.2127433460911683	supp
ARREST_shrunk	ARREST	758	18000	D	0.21418698023140903	supp
ARREST_shrunk	ARREST	758	18100	D	0.215632274436812	supp
ARREST_shrunk	ARREST	758	18200	D	0.21707920162997973	supp
ARREST_shrunk	ARREST	758	18300	D	0.21852773481849908	supp
ARREST_shrunk	ARREST	758	18400	D	0.21997784709537527	supp
ARREST_shrunk	ARREST	758	18500	D	0.22142951163945812	supp
ARREST_shrunk	ARREST	758	18600	D	0.22288270171586266	supp
ARREST_shrunk	ARREST	758	18700	D	0.22433739067637926	supp
ARREST_shrunk	ARREST	758	18800	D	0.22579355195987993	supp
ARREST_shrunk	ARREST	758	18900	D	0.2272511590927141	supp
ARREST_shrunk	ARREST	758	19000	D	0.22871018568909862	supp
ARREST_shrunk	ARREST	758	19100	D	0.2301706054514998	supp
ARREST_shrunk	ARREST	758	19200	D	0.2316323921710105	supp
ARREST_shrunk	ARREST	758	19300	D	0.23309551972771592	supp
ARREST_shrunk	ARREST	758	19400	D	0.234559962091056	supp
ARREST_shrunk	ARREST	758	19500	D	0.23602569332017953	supp
ARREST_shrunk	ARREST	758	19600	D	0.23749268756428932	supp
ARREST_shrunk	ARREST	758	19700	D	0.238960919062985	supp
ARREST_shrunk	ARREST	758	19800	D	0.24043036214659375	supp
ARREST_shrunk	ARREST	758	19900	D	0.24190099123649755	supp
ARREST_shrunk	ARREST	758	20000	D	0.2433727808454531	supp
ARREST_shrunk	Edinburgh	458	100	D	0.010451717678488404	supp
ARREST_shrunk	Edinburgh	458	200	D	0.010906722089198961	supp
ARREST_shrunk	Edinburgh	458	300	D	0.01136500514942329	supp
ARREST_shrunk	Edinburgh	458	400	D	0.011826558738781578	supp
ARREST_shrunk	Edinburgh	458	500	D	0.012291374699628266	supp
ARREST_shrunk	Edinburgh	458	600	D	0.012759444837458833	supp
ARREST_shrunk	Edinburgh	458	700	D	0.01323076092131159	supp
ARREST_shrunk	Edinburgh	458	800	D	0.01370531468417091	supp
ARREST_shrunk	Edinburgh	458	900	D	0.014183097823366353	supp
ARREST_shrunk	Edinburgh	458	1000	D	0.014664102000971235	supp
ARREST_shrunk	Edinburgh	458	1100	D	0.015148318844198982	supp
ARREST_shrunk	Edinburgh	458	1200	D	0.01563573994579781	supp
ARREST_shrunk	Edinburgh	458	1300	D	0.01612635686444419	supp
ARREST_shrunk	Edinburgh	458	1400	D	0.01662016112513287	supp
ARREST_shrunk	Edinburgh	458	1500	D	0.01711714421956778	supp
ARREST_shrunk	Edinburgh	458	1600	D	0.017617297606548843	supp
ARREST_shrunk	Edinburgh	458	1700	D	0.01812061271235832	supp
ARREST_shrunk	Edinburgh	458	1800	D	0.018627080931144624	supp
ARREST_shrunk	Edinburgh	458	1900	D	0.019136693625305345	supp
ARREST_shrunk	Edinburgh	458	2000	D	0.019649442125868166	supp
ARREST_shrunk	Edinburgh	458	2100	D	0.020165317732869115	supp
ARREST_shrunk	Edinburgh	458	2200	D	0.020684311715730264	supp
ARREST_shrunk	Edinburgh	458	2300	D	0.021206415313635762	supp
ARREST_shrunk	Edinburgh	458	2400	D	0.021731619735905094	supp
ARREST_shrunk	Edinburgh	458	2500	D	0.022259916162365	supp
ARREST_shrunk	Edinburgh	458	2600	D	0.022791295743721074	supp
ARREST_shrunk	Edinburgh	458	2700	D	0.023325749601925128	supp
ARREST_shrunk	Edinburgh	458	2800	D	0.023863268830543016	supp
ARREST_shrunk	Edinburgh	458	2900	D	0.024403844495119453	supp
ARREST_shrunk	Edinburgh	458	3000	D	0.02494746763354172	supp
ARREST_shrunk	Edinburgh	458	3100	D	0.02549412925640182	supp
ARREST_shrunk	Edinburgh	458	3200	D	0.026043820347356195	supp
ARREST_shrunk	Edinburgh	458	3300	D	0.02659653186348432	supp
ARREST_shrunk	Edinburgh	458	3400	D	0.02715225473564542	supp
ARREST_shrunk	Edinburgh	458	3500	D	0.027710979868834085	supp
ARREST_shrunk	Edinburgh	458	3600	D	0.028272698142532304	supp
ARREST_shrunk	Edinburgh	458	3700	D	0.028837400411062974	supp
ARREST_shrunk	Edinburgh	458	3800	D	0.02940507750393817	supp
ARREST_shrunk	Edinburgh	458	3900	D	0.029975720226208646	supp
ARREST_shrunk	Edinburgh	458	4000	D	0.03054931935880989	supp
ARREST_shrunk	Edinburgh	458	4100	D	0.03112586565890707	supp
ARREST_shrunk	Edinburgh	458	4200	D	0.031705349860238985	supp
ARREST_shrunk	Edinburgh	458	4300	D	0.032287762673458786	supp
ARREST_shrunk	Edinburgh	458	4400	D	0.032873094786474266	supp
ARREST_shrunk	Edinburgh	458	4500	D	0.03346133686478647	supp
ARREST_shrunk	Edinburgh	458	4600	D	0.034052479551825776	supp
ARREST_shrunk	Edinburgh	458	4700	D	0.034646513469287266	supp
ARREST_shrunk	Edinburgh	458	4800	D	0.035243429217463706	supp
ARREST_shrunk	Edinburgh	458	4900	D	0.03584321737557783	supp
ARREST_shrunk	Edinburgh	458	5000	D	0.03644586850211151	supp
ARREST_shrunk	Edinburgh	458	5100	D	0.0370513731351344	supp
ARREST_shrunk	Edinburgh	458	5200	D	0.03765972179263133	supp
ARREST_shrunk	Edinburgh	458	5300	D	0.03827090497282626	supp
ARREST_shrunk	Edinburgh	458	5400	D	0.038884913154506706	supp
ARREST_shrunk	Edinburgh	458	5500	D	0.0395017367973447	supp
ARREST_shrunk	Edinburgh	458	5600	D	0.04012136634221797	supp
ARREST_shrunk	Edinburgh	458	5700	D	0.040743792211527796	supp
ARREST_shrunk	Edinburgh	458	5800	D	0.041369004809515886	supp
ARREST_shrunk	Edinburgh	458	5900	D	0.04199699452257988	supp
ARREST_shrunk	Edinburgh	458	6000	D	0.04262775171958777	supp
ARREST_shrunk	Edinburgh	458	6100	D	0.043261266752188554	supp
ARREST_shrunk	Edinburgh	458	6200	D	0.04389752995512408	supp
ARREST_shrunk	Edinburgh	458	6300	D	0.044536531646536925	supp
ARREST_shrunk	Edinburgh	458	6400	D	0.04517826212827836	supp
ARREST_shrunk	Edinburgh	458	6500	D	0.04582271168621399	supp
ARREST_shrunk	Edinburgh	458	6600	D	0.04646987059052732	supp
ARREST_shrunk	Edinburgh	458	6700	D	0.04711972909602258	supp
ARREST_shrunk	Edinburgh	458	6800	D	0.04777227744242585	supp
ARREST_shrunk	Edinburgh	458	6900	D	0.04842750585468414	supp
ARREST_shrunk	Edinburgh	458	7000	D	0.049085404543263156	supp
ARREST_shrunk	Edinburgh	458	7100	D	0.04974596370444362	supp
ARREST_shrunk	Edinburgh	458	7200	D	0.05040917352061569	supp
ARREST_shrunk	Edinburgh	458	7300	D	0.05107502416057186	supp
ARREST_shrunk	Edinburgh	458	7400	D	0.05174350577979914	supp
ARREST_shrunk	Edinburgh	458	7500	D	0.05241460852076807	supp
ARREST_shrunk	Edinburgh	458	7600	D	0.05308832251322182	supp
ARREST_shrunk	Edinburgh	458	7700	D	0.053764637874462284	supp
ARREST_shrunk	Edinburgh	458	7800	D	0.05444354470963608	supp
ARREST_shrunk	Edinburgh	458	7900	D	0.05512503311201755	supp
ARREST_shrunk	Edinburgh	458	8000	D	0.05580909316329119	supp
ARREST_shrunk	Edinburgh	458	8100	D	0.056495714933832986	supp
ARREST_shrunk	Edinburgh	458	8200	D	0.05718488848298786	supp
ARREST_shrunk	Edinburgh	458	8300	D	0.05787660385934901	supp
ARREST_shrunk	Edinburgh	458	8400	D	0.05857085110103277	supp
ARREST_shrunk	Edinburgh	458	8500	D	0.05926762023595333	supp
ARREST_shrunk	Edinburgh	458	8600	D	0.05996690128209625	supp
ARREST_shrunk	Edinburgh	458	8700	D	0.06066868424778926	supp
ARREST_shrunk	Edinburgh	458	8800	D	0.061372959131972604	supp
ARREST_shrunk	Edinburgh	458	8900	D	0.06207971592446737	supp
ARREST_shrunk	Edinburgh	458	9000	D	0.06278894460624229	supp
ARREST_shrunk	Edinburgh	458	9100	D	0.06350063514967974	supp
ARREST_shrunk	Edinburgh	458	9200	D	0.06421477751883875	supp
ARREST_shrunk	Edinburgh	458	9300	D	0.06493136166971836	supp
ARREST_shrunk	Edinburgh	458	9400	D	0.06565037755051817	supp
ARREST_shrunk	Edinburgh	458	9500	D	0.0663718151018976	supp
ARREST_shrunk	Edinburgh	458	9600	D	0.06709566425723446	supp
ARREST_shrunk	Edinburgh	458	9700	D	0.06782191494288115	supp
ARREST_shrunk	Edinburgh	458	9800	D	0.0685505570784194	supp
ARREST_shrunk	Edinburgh	458	9900	D	0.06928158057691447	supp
ARREST_shrunk	Edinburgh	458	10000	D	0.07001497534516699	supp
ARREST_shrunk	Edinburgh	458	10100	D	0.07075073128396336	supp
ARREST_shrunk	Edinburgh	458	10200	D	0.0714888382883252	supp
ARREST_shrunk	Edinburgh	458	10300	D	0.07222928624775737	supp
ARREST_shrunk	Edinburgh	458	10400	D	0.07297206504649356	supp
ARREST_shrunk	Edinburgh	458	10500	D	0.07371716456374178	supp
ARREST_shrunk	Edinburgh	458	10600	D	0.07446457467392753	supp
ARREST_shrunk	Edinburgh	458	10700	D	0.07521428524693541	supp
ARREST_shrunk	Edinburgh	458	10800	D	0.07596628614835077	supp
ARREST_shrunk	Edinburgh	458	10900	D	0.07672056723969745	supp
ARREST_shrunk	Edinburgh	458	11000	D	0.0774771183786761	supp
ARREST_shrunk	Edinburgh	458	11100	D	0.07823592941940072	supp
ARREST_shrunk	Edinburgh	458	11200	D	0.07899699021263284	supp
ARREST_shrunk	Edinburgh	458	11300	D	0.07976029060601564	supp
ARREST_shrunk	Edinburgh	458	11400	D	0.08052582044430578	supp
ARREST_shrunk	Edinburgh	458	11500	D	0.08129356956960343	supp
ARREST_shrunk	Edinburgh	458	11600	D	0.08206352782158222	supp
ARREST_shrunk	Edinburgh	458	11700	D	0.08283568503771688	supp
ARREST_shrunk	Edinburgh	458	11800	D	0.08361003105350961	supp
ARREST_shrunk	Edinburgh	458	11900	D	0.08438655570271492	supp
ARREST_shrunk	Edinburgh	458	12000	D	0.0851652488175636	supp
ARREST_shrunk	Edinburgh	458	12100	D	0.08594610022898486	supp
ARREST_shrunk	Edinburgh	458	12200	D	0.08672909976682752	supp
ARREST_shrunk	Edinburgh	458	12300	D	0.08751423726007901	supp
ARREST_shrunk	Edinburgh	458	12400	D	0.0883015025370838	supp
ARREST_shrunk	Edinburgh	458	12500	D	0.08909088542576038	supp
ARREST_shrunk	Edinburgh	458	12600	D	0.08988237575381641	supp
ARREST_shrunk	Edinburgh	458	12700	D	0.09067596334896322	supp
ARREST_shrunk	Edinburgh	458	12800	D	0.09147163803912783	supp
ARREST_shrunk	Edinburgh	458	12900	D	0.09226938965266529	supp
ARREST_shrunk	Edinburgh	458	13000	D	0.0930692080185681	supp
ARREST_shrunk	Edinburgh	458	13100	D	0.09387108296667457	supp
ARREST_shrunk	Edinburgh	458	13200	D	0.09467500432787757	supp
ARREST_shrunk	Edinburgh	458	13300	D	0.09548096193432909	supp
ARREST_shrunk	Edinburgh	458	13400	D	0.09628894561964552	supp
ARREST_shrunk	Edinburgh	458	13500	D	0.09709894521911155	supp
ARREST_shrunk	Edinburgh	458	13600	D	0.09791095056988164	supp
ARREST_shrunk	Edinburgh	458	13700	D	0.09872495151118088	supp
ARREST_shrunk	Edinburgh	458	13800	D	0.09954093788450458	supp
ARREST_shrunk	Edinburgh	458	13900	D	0.10035889953381638	supp
ARREST_shrunk	Edinburgh	458	14000	D	0.10117882630574526	supp
ARREST_shrunk	Edinburgh	458	14100	D	0.1020007080497809	supp
ARREST_shrunk	Edinburgh	458	14200	D	0.10282453461846808	supp
ARREST_shrunk	Edinburgh	458	14300	D	0.10365029586759944	supp
ARREST_shrunk	Edinburgh	458	14400	D	0.10447798165640754	supp
ARREST_shrunk	Edinburgh	458	14500	D	0.10530758184775502	supp
ARREST_shrunk	Edinburgh	458	14600	D	0.10613908630832403	supp
ARREST_shrunk	Edinburgh	458	14700	D	0.10697248490880362	supp
ARREST_shrunk	Edinburgh	458	14800	D	0.10780776752407673	supp
ARREST_shrunk	Edinburgh	458	14900	D	0.10864492403340564	supp
ARREST_shrunk	Edinburgh	458	15000	D	0.10948394432061548	supp
ARREST_shrunk	Edinburgh	458	15100	D	0.11032481827427787	supp
ARREST_shrunk	Edinburgh	458	15200	D	0.11116753578789174	supp
ARREST_shrunk	Edinburgh	458	15300	D	0.11201208676006447	supp
ARREST_shrunk	Edinburgh	458	15400	D	0.11285846109469011	supp
ARREST_shrunk	Edinburgh	458	15500	D	0.11370664870112768	supp
ARREST_shrunk	Edinburgh	458	15600	D	0.11455663949437833	supp
ARREST_shrunk	Edinburgh	458	15700	D	0.1154084233952597	supp
ARREST_shrunk	Edinburgh	458	15800	D	0.11626199033058093	supp
ARREST_shrunk	Edinburgh	458	15900	D	0.11711733023331494	supp
ARREST_shrunk	Edinburgh	458	16000	D	0.11797443304277111	supp
ARREST_shrunk	Edinburgh	458	16100	D	0.11883328870476462	supp
ARREST_shrunk	Edinburgh	458	16200	D	0.11969388717178697	supp
ARREST_shrunk	Edinburgh	458	16300	D	0.12055621840317299	supp
ARREST_shrunk	Edinburgh	458	16400	D	0.12142027236526898	supp
ARREST_shrunk	Edinburgh	458	16500	D	0.1222860390315973	supp
ARREST_shrunk	Edinburgh	458	16600	D	0.1231535083830213	supp
ARREST_shrunk	Edinburgh	458	16700	D	0.12402267040790904	supp
ARREST_shrunk	Edinburgh	458	16800	D	0.1248935151022953	supp
ARREST_shrunk	Edinburgh	458	16900	D	0.12576603247004214	supp
ARREST_shrunk	Edinburgh	458	17000	D	0.12664021252299906	supp
ARREST_shrunk	Edinburgh	458	17100	D	0.127516045281162	supp
ARREST_shrunk	Edinburgh	458	17200	D	0.12839352077282984	supp
ARREST_shrunk	Edinburgh	458	17300	D	0.12927262903476222	supp
ARREST_shrunk	Edinburgh	458	17400	D	0.13015336011233292	supp
ARREST_shrunk	Edinburgh	458	17500	D	0.13103570405968556	supp
ARREST_shrunk	Edinburgh	458	17600	D	0.1319196509398851	supp
ARREST_shrunk	Edinburgh	458	17700	D	0.13280519082507047	supp
ARREST_shrunk	Edinburgh	458	17800	D	0.1336923137966053	supp
ARREST_shrunk	Edinburgh	458	17900	D	0.13458100994522615	supp
ARREST_shrunk	Edinburgh	458	18000	D	0.13547126937119214	supp
ARREST_shrunk	Edinburgh	458	18100	D	0.1363630821844315	supp
ARREST_shrunk	Edinburgh	458	18200	D	0.13725643850468794	supp
ARREST_shrunk	Edinburgh	458	18300	D	0.138151328461665	supp
ARREST_shrunk	Edinburgh	458	18400	D	0.1390477421951709	supp
ARREST_shrunk	Edinburgh	458	18500	D	0.13994566985526036	supp
ARREST_shrunk	Edinburgh	458	18600	D	0.14084510160237684	supp
ARREST_shrunk	Edinburgh	458	18700	D	0.14174602760749233	supp
ARREST_shrunk	Edinburgh	458	18800	D	0.1426484380522478	supp
ARREST_shrunk	Edinburgh	458	18900	D	0.14355232312909094	supp
ARREST_shrunk	Edinburgh	458	19000	D	0.144457673041413	supp
ARREST_shrunk	Edinburgh	458	19100	D	0.14536447800368568	supp
ARREST_shrunk	Edinburgh	458	19200	D	0.14627272824159576	supp
ARREST_shrunk	Edinburgh	458	19300	D	0.1471824139921798	supp
ARREST_shrunk	Edinburgh	458	19400	D	0.14809352550395605	supp
ARREST_shrunk	Edinburgh	458	19500	D	0.14900605303705694	supp
ARREST_shrunk	Edinburgh	458	19600	D	0.1499199868633596	supp
ARREST_shrunk	Edinburgh	458	19700	D	0.15083531726661636	supp
ARREST_shrunk	Edinburgh	458	19800	D	0.1517520345425818	supp
ARREST_shrunk	Edinburgh	458	19900	D	0.15267012899914234	supp
ARREST_shrunk	Edinburgh	458	20000	D	0.15358959095644176	supp
ARREST_shrunk	Edinburgh 2	463	100	D	0.010671796181037085	supp
ARREST_shrunk	Edinburgh 2	463	200	D	0.011350827668232366	supp
ARREST_shrunk	Edinburgh 2	463	300	D	0.012037067925302902	supp
ARREST_shrunk	Edinburgh 2	463	400	D	0.012730490234884484	supp
ARREST_shrunk	Edinburgh 2	463	500	D	0.013431067701452304	supp
ARREST_shrunk	Edinburgh 2	463	600	D	0.014138773254221193	supp
ARREST_shrunk	Edinburgh 2	463	700	D	0.014853579650028759	supp
ARREST_shrunk	Edinburgh 2	463	800	D	0.015575459476198206	supp
ARREST_shrunk	Edinburgh 2	463	900	D	0.01630438515338306	supp
ARREST_shrunk	Edinburgh 2	463	1000	D	0.0170403289383928	supp
ARREST_shrunk	Edinburgh 2	463	1100	D	0.017783262927000942	supp
ARREST_shrunk	Edinburgh 2	463	1200	D	0.018533159056732362	supp
ARREST_shrunk	Edinburgh 2	463	1300	D	0.019289989109633976	supp
ARREST_shrunk	Edinburgh 2	463	1400	D	0.020053724715025645	supp
ARREST_shrunk	Edinburgh 2	463	1500	D	0.020824337352233102	supp
ARREST_shrunk	Edinburgh 2	463	1600	D	0.021601798353302115	supp
ARREST_shrunk	Edinburgh 2	463	1700	D	0.022386078905693885	supp
ARREST_shrunk	Edinburgh 2	463	1800	D	0.023177150054963125	supp
ARREST_shrunk	Edinburgh 2	463	1900	D	0.02397498270741627	supp
ARREST_shrunk	Edinburgh 2	463	2000	D	0.024779547632752252	supp
ARREST_shrunk	Edinburgh 2	463	2100	D	0.02559081546668507	supp
ARREST_shrunk	Edinburgh 2	463	2200	D	0.026408756713547477	supp
ARREST_shrunk	Edinburgh 2	463	2300	D	0.027233341748876816	supp
ARREST_shrunk	Edinburgh 2	463	2400	D	0.02806454082198273	supp
ARREST_shrunk	Edinburgh 2	463	2500	D	0.02890232405849713	supp
ARREST_shrunk	Edinburgh 2	463	2600	D	0.02974666146290461	supp
ARREST_shrunk	Edinburgh 2	463	2700	D	0.030597522921056775	supp
ARREST_shrunk	Edinburgh 2	463	2800	D	0.03145487820266757	supp
ARREST_shrunk	Edinburgh 2	463	2900	D	0.032318696963790305	supp
ARREST_shrunk	Edinburgh 2	463	3000	D	0.03318894874927758	supp
ARREST_shrunk	Edinburgh 2	463	3100	D	0.03406560299522343	supp
ARREST_shrunk	Edinburgh 2	463	3200	D	0.034948629031386846	supp
ARREST_shrunk	Edinburgh 2	463	3300	D	0.03583799608359817	supp
ARREST_shrunk	Edinburgh 2	463	3400	D	0.03673367327614785	supp
ARREST_shrunk	Edinburgh 2	463	3500	D	0.03763562963415723	supp
ARREST_shrunk	Edinburgh 2	463	3600	D	0.038543834085932316	supp
ARREST_shrunk	Edinburgh 2	463	3700	D	0.03945825546529913	supp
ARREST_shrunk	Edinburgh 2	463	3800	D	0.04037886251392253	supp
ARREST_shrunk	Edinburgh 2	463	3900	D	0.041305623883607034	supp
ARREST_shrunk	Edinburgh 2	463	4000	D	0.042238508138580544	supp
ARREST_shrunk	Edinburgh 2	463	4100	D	0.043177483757760426	supp
ARREST_shrunk	Edinburgh 2	463	4200	D	0.0441225191370026	supp
ARREST_shrunk	Edinburgh 2	463	4300	D	0.045073582591334205	supp
ARREST_shrunk	Edinburgh 2	463	4400	D	0.04603064235716692	supp
ARREST_shrunk	Edinburgh 2	463	4500	D	0.04699366659449555	supp
ARREST_shrunk	Edinburgh 2	463	4600	D	0.04796262338907853	supp
ARREST_shrunk	Edinburgh 2	463	4700	D	0.04893748075460114	supp
ARREST_shrunk	Edinburgh 2	463	4800	D	0.049918206634822826	supp
ARREST_shrunk	Edinburgh 2	463	4900	D	0.05090476890570628	supp
ARREST_shrunk	Edinburgh 2	463	5000	D	0.05189713537753127	supp
ARREST_shrunk	Edinburgh 2	463	5100	D	0.05289527379699033	supp
ARREST_shrunk	Edinburgh 2	463	5200	D	0.053899151849268634	supp
ARREST_shrunk	Edinburgh 2	463	5300	D	0.054908737160107024	supp
ARREST_shrunk	Edinburgh 2	463	5400	D	0.05592399729784836	supp
ARREST_shrunk	Edinburgh 2	463	5500	D	0.05694489977546724	supp
ARREST_shrunk	Edinburgh 2	463	5600	D	0.05797141205258394	supp
ARREST_shrunk	Edinburgh 2	463	5700	D	0.059003501537461034	supp
ARREST_shrunk	Edinburgh 2	463	5800	D	0.060041135588984273	supp
ARREST_shrunk	Edinburgh 2	463	5900	D	0.061084281518627104	supp
ARREST_shrunk	Edinburgh 2	463	6000	D	0.06213290659239923	supp
ARREST_shrunk	Edinburgh 2	463	6100	D	0.06318697803277795	supp
ARREST_shrunk	Edinburgh 2	463	6200	D	0.0642464630206252	supp
ARREST_shrunk	Edinburgh 2	463	6300	D	0.06531132869708689	supp
ARREST_shrunk	Edinburgh 2	463	6400	D	0.06638154216547731	supp
ARREST_shrunk	Edinburgh 2	463	6500	D	0.06745707049314675	supp
ARREST_shrunk	Edinburgh 2	463	6600	D	0.06853788071333511	supp
ARREST_shrunk	Edinburgh 2	463	6700	D	0.06962393982700721	supp
ARREST_shrunk	Edinburgh 2	463	6800	D	0.07071521480467391	supp
ARREST_shrunk	Edinburgh 2	463	6900	D	0.07181167258819776	supp
ARREST_shrunk	Edinburgh 2	463	7000	D	0.07291328009258269	supp
ARREST_shrunk	Edinburgh 2	463	7100	D	0.07402000420774746	supp
ARREST_shrunk	Edinburgh 2	463	7200	D	0.07513181180028494	supp
ARREST_shrunk	Edinburgh 2	463	7300	D	0.07624866971520528	supp
ARREST_shrunk	Edinburgh 2	463	7400	D	0.07737054477766392	supp
ARREST_shrunk	Edinburgh 2	463	7500	D	0.07849740379467396	supp
ARREST_shrunk	Edinburgh 2	463	7600	D	0.07962921355680397	supp
ARREST_shrunk	Edinburgh 2	463	7700	D	0.08076594083986066	supp
ARREST_shrunk	Edinburgh 2	463	7800	D	0.08190755240655534	supp
ARREST_shrunk	Edinburgh 2	463	7900	D	0.08305401500815723	supp
ARREST_shrunk	Edinburgh 2	463	8000	D	0.08420529538613042	supp
ARREST_shrunk	Edinburgh 2	463	8100	D	0.08536136027375596	supp
ARREST_shrunk	Edinburgh 2	463	8200	D	0.08652217639774051	supp
ARREST_shrunk	Edinburgh 2	463	8300	D	0.08768771047980828	supp
ARREST_shrunk	Edinburgh 2	463	8400	D	0.08885792923828029	supp
ARREST_shrunk	Edinburgh 2	463	8500	D	0.0900327993896376	supp
ARREST_shrunk	Edinburgh 2	463	8600	D	0.0912122876500705	supp
ARREST_shrunk	Edinburgh 2	463	8700	D	0.0923963607370133	supp
ARREST_shrunk	Edinburgh 2	463	8800	D	0.09358498537066429	supp
ARREST_shrunk	Edinburgh 2	463	8900	D	0.09477812827549259	supp
ARREST_shrunk	Edinburgh 2	463	9000	D	0.0959757561817286	supp
ARREST_shrunk	Edinburgh 2	463	9100	D	0.09717783582684247	supp
ARREST_shrunk	Edinburgh 2	463	9200	D	0.09838433395700696	supp
ARREST_shrunk	Edinburgh 2	463	9300	D	0.09959521732854693	supp
ARREST_shrunk	Edinburgh 2	463	9400	D	0.10081045270937394	supp
ARREST_shrunk	Edinburgh 2	463	9500	D	0.10203000688040897	supp
ARREST_shrunk	Edinburgh 2	463	9600	D	0.10325384663698844	supp
ARREST_shrunk	Edinburgh 2	463	9700	D	0.10448193879025824	supp
ARREST_shrunk	Edinburgh 2	463	9800	D	0.1057142501685544	supp
ARREST_shrunk	Edinburgh 2	463	9900	D	0.1069507476187681	supp
ARREST_shrunk	Edinburgh 2	463	10000	D	0.10819139800769939	supp
ARREST_shrunk	Edinburgh 2	463	10100	D	0.10943616822339552	supp
ARREST_shrunk	Edinburgh 2	463	10200	D	0.11068502517647705	supp
ARREST_shrunk	Edinburgh 2	463	10300	D	0.11193793580144973	supp
ARREST_shrunk	Edinburgh 2	463	10400	D	0.11319486705800363	supp
ARREST_shrunk	Edinburgh 2	463	10500	D	0.11445578593229855	supp
ARREST_shrunk	Edinburgh 2	463	10600	D	0.11572065943823695	supp
ARREST_shrunk	Edinburgh 2	463	10700	D	0.11698945461872223	supp
ARREST_shrunk	Edinburgh 2	463	10800	D	0.11826213854690593	supp
ARREST_shrunk	Edinburgh 2	463	10900	D	0.11953867832742082	supp
ARREST_shrunk	Edinburgh 2	463	11000	D	0.12081904109760055	supp
ARREST_shrunk	Edinburgh 2	463	11100	D	0.12210319402868786	supp
ARREST_shrunk	Edinburgh 2	463	11200	D	0.12339110432702871	supp
ARREST_shrunk	Edinburgh 2	463	11300	D	0.1246827392352543	supp
ARREST_shrunk	Edinburgh 2	463	11400	D	0.12597806603345074	supp
ARREST_shrunk	Edinburgh 2	463	11500	D	0.1272770520403148	supp
ARREST_shrunk	Edinburgh 2	463	11600	D	0.12857966461429904	supp
ARREST_shrunk	Edinburgh 2	463	11700	D	0.12988587115474304	supp
ARREST_shrunk	Edinburgh 2	463	11800	D	0.13119563910299248	supp
ARREST_shrunk	Edinburgh 2	463	11900	D	0.13250893594350643	supp
ARREST_shrunk	Edinburgh 2	463	12000	D	0.13382572920495184	supp
ARREST_shrunk	Edinburgh 2	463	12100	D	0.1351459864612865	supp
ARREST_shrunk	Edinburgh 2	463	12200	D	0.1364696753328284	supp
ARREST_shrunk	Edinburgh 2	463	12300	D	0.1377967634873154	supp
ARREST_shrunk	Edinburgh 2	463	12400	D	0.13912721864095057	supp
ARREST_shrunk	Edinburgh 2	463	12500	D	0.14046100855943733	supp
ARREST_shrunk	Edinburgh 2	463	12600	D	0.14179810105900115	supp
ARREST_shrunk	Edinburgh 2	463	12700	D	0.14313846400740093	supp
ARREST_shrunk	Edinburgh 2	463	12800	D	0.14448206532492847	supp
ARREST_shrunk	Edinburgh 2	463	12900	D	0.14582887298539482	supp
ARREST_shrunk	Edinburgh 2	463	13000	D	0.1471788550171068	supp
ARREST_shrunk	Edinburgh 2	463	13100	D	0.14853197950383135	supp
ARREST_shrunk	Edinburgh 2	463	13200	D	0.14988821458574775	supp
ARREST_shrunk	Edinburgh 2	463	13300	D	0.1512475284603899	supp
ARREST_shrunk	Edinburgh 2	463	13400	D	0.1526098893835759	supp
ARREST_shrunk	Edinburgh 2	463	13500	D	0.1539752656703267	supp
ARREST_shrunk	Edinburgh 2	463	13600	D	0.15534362569577476	supp
ARREST_shrunk	Edinburgh 2	463	13700	D	0.15671493789605961	supp
ARREST_shrunk	Edinburgh 2	463	13800	D	0.15808917076921336	supp
ARREST_shrunk	Edinburgh 2	463	13900	D	0.1594662928760363	supp
ARREST_shrunk	Edinburgh 2	463	14000	D	0.1608462728409591	supp
ARREST_shrunk	Edinburgh 2	463	14100	D	0.16222907935289643	supp
ARREST_shrunk	Edinburgh 2	463	14200	D	0.1636146811660888	supp
ARREST_shrunk	Edinburgh 2	463	14300	D	0.16500304710093294	supp
ARREST_shrunk	Edinburgh 2	463	14400	D	0.1663941460448033	supp
ARREST_shrunk	Edinburgh 2	463	14500	D	0.16778794695286192	supp
ARREST_shrunk	Edinburgh 2	463	14600	D	0.1691844188488566	supp
ARREST_shrunk	Edinburgh 2	463	14700	D	0.1705835308259116	supp
ARREST_shrunk	Edinburgh 2	463	14800	D	0.17198525204730464	supp
ARREST_shrunk	Edinburgh 2	463	14900	D	0.17338955174723603	supp
ARREST_shrunk	Edinburgh 2	463	15000	D	0.17479639923158563	supp
ARREST_shrunk	Edinburgh 2	463	15100	D	0.17620576387866194	supp
ARREST_shrunk	Edinburgh 2	463	15200	D	0.177617615139938	supp
ARREST_shrunk	Edinburgh 2	463	15300	D	0.1790319225407797	supp
ARREST_shrunk	Edinburgh 2	463	15400	D	0.18044865568116364	supp
ARREST_shrunk	Edinburgh 2	463	15500	D	0.1818677842363834	supp
ARREST_shrunk	Edinburgh 2	463	15600	D	0.18328927795774796	supp
ARREST_shrunk	Edinburgh 2	463	15700	D	0.18471310667326946	supp
ARREST_shrunk	Edinburgh 2	463	15800	D	0.1861392402883405	supp
ARREST_shrunk	Edinburgh 2	463	15900	D	0.1875676487864032	supp
ARREST_shrunk	Edinburgh 2	463	16000	D	0.18899830222960712	supp
ARREST_shrunk	Edinburgh 2	463	16100	D	0.19043117075945926	supp
ARREST_shrunk	Edinburgh 2	463	16200	D	0.19186622459746216	supp
ARREST_shrunk	Edinburgh 2	463	16300	D	0.19330343404574546	supp
ARREST_shrunk	Edinburgh 2	463	16400	D	0.19474276948768598	supp
ARREST_shrunk	Edinburgh 2	463	16500	D	0.19618420138851822	supp
ARREST_shrunk	Edinburgh 2	463	16600	D	0.19762770029593824	supp
ARREST_shrunk	Edinburgh 2	463	16700	D	0.19907323684069533	supp
ARREST_shrunk	Edinburgh 2	463	16800	D	0.20052078173717558	supp
ARREST_shrunk	Edinburgh 2	463	16900	D	0.20197030578397768	supp
ARREST_shrunk	Edinburgh 2	463	17000	D	0.20342177986447751	supp
ARREST_shrunk	Edinburgh 2	463	17100	D	0.20487517494738527	supp
ARREST_shrunk	Edinburgh 2	463	17200	D	0.20633046208729344	supp
ARREST_shrunk	Edinburgh 2	463	17300	D	0.20778761242521515	supp
ARREST_shrunk	Edinburgh 2	463	17400	D	0.2092465971891152	supp
ARREST_shrunk	Edinburgh 2	463	17500	D	0.21070738769443087	supp
ARREST_shrunk	Edinburgh 2	463	17600	D	0.21216995534458505	supp
ARREST_shrunk	Edinburgh 2	463	17700	D	0.2136342716314903	supp
ARREST_shrunk	Edinburgh 2	463	17800	D	0.21510030813604486	supp
ARREST_shrunk	Edinburgh 2	463	17900	D	0.21656803652861922	supp
ARREST_shrunk	Edinburgh 2	463	18000	D	0.21803742856953612	supp
ARREST_shrunk	Edinburgh 2	463	18100	D	0.21950845610953928	supp
ARREST_shrunk	Edinburgh 2	463	18200	D	0.22098109109025688	supp
ARREST_shrunk	Edinburgh 2	463	18300	D	0.22245530554465576	supp
ARREST_shrunk	Edinburgh 2	463	18400	D	0.2239310715974855	supp
ARREST_shrunk	Edinburgh 2	463	18500	D	0.22540836146571763	supp
ARREST_shrunk	Edinburgh 2	463	18600	D	0.22688714745897476	supp
ARREST_shrunk	Edinburgh 2	463	18700	D	0.22836740197995098	supp
ARREST_shrunk	Edinburgh 2	463	18800	D	0.22984909752482796	supp
ARREST_shrunk	Edinburgh 2	463	18900	D	0.23133220668367827	supp
ARREST_shrunk	Edinburgh 2	463	19000	D	0.23281670214086425	supp
ARREST_shrunk	Edinburgh 2	463	19100	D	0.23430255667542832	supp
ARREST_shrunk	Edinburgh 2	463	19200	D	0.23578974316147527	supp
ARREST_shrunk	Edinburgh 2	463	19300	D	0.2372782345685468	supp
ARREST_shrunk	Edinburgh 2	463	19400	D	0.2387680039619885	supp
ARREST_shrunk	Edinburgh 2	463	19500	D	0.24025902450331027	supp
ARREST_shrunk	Edinburgh 2	463	19600	D	0.24175126945053782	supp
ARREST_shrunk	Edinburgh 2	463	19700	D	0.24324471215855736	supp
ARREST_shrunk	Edinburgh 2	463	19800	D	0.24473932607945348	supp
ARREST_shrunk	Edinburgh 2	463	19900	D	0.24623508476283795	supp
ARREST_shrunk	Edinburgh 2	463	20000	D	0.24773196185617408	supp
ARREST_shrunk	IDISA	490	100	D	0.011153706584435596	supp
ARREST_shrunk	IDISA	490	200	D	0.012328534380295353	supp
ARREST_shrunk	IDISA	490	300	D	0.013524349552614057	supp
ARREST_shrunk	IDISA	490	400	D	0.01474101675069428	supp
ARREST_shrunk	IDISA	490	500	D	0.015978399150407774	supp
ARREST_shrunk	IDISA	490	600	D	0.01723635849602434	supp
ARREST_shrunk	IDISA	490	700	D	0.01851475514157208	supp
ARREST_shrunk	IDISA	490	800	D	0.019813448091727803	supp
ARREST_shrunk	IDISA	490	900	D	0.021132295042241234	supp
ARREST_shrunk	IDISA	490	1000	D	0.022471152419894058	supp
ARREST_shrunk	IDISA	490	1100	D	0.02382987542199555	supp
ARREST_shrunk	IDISA	490	1200	D	0.02520831805541557	supp
ARREST_shrunk	IDISA	490	1300	D	0.026606333175160035	supp
ARREST_shrunk	IDISA	490	1400	D	0.028023772522485446	supp
ARREST_shrunk	IDISA	490	1500	D	0.0294604867625603	supp
ARREST_shrunk	IDISA	490	1600	D	0.03091632552167023	supp
ARREST_shrunk	IDISA	490	1700	D	0.032391137423972705	supp
ARREST_shrunk	IDISA	490	1800	D	0.033884770127800556	supp
ARREST_shrunk	IDISA	490	1900	D	0.035397070361518734	supp
ARREST_shrunk	IDISA	490	2000	D	0.03692788395893487	supp
ARREST_shrunk	IDISA	490	2100	D	0.03847705589426542	supp
ARREST_shrunk	IDISA	490	2200	D	0.040044430316662605	supp
ARREST_shrunk	IDISA	490	2300	D	0.04162985058430024	supp
ARREST_shrunk	IDISA	490	2400	D	0.043233159298023516	supp
ARREST_shrunk	IDISA	490	2500	D	0.04485419833456472	supp
ARREST_shrunk	IDISA	490	2600	D	0.04649280887932605	supp
ARREST_shrunk	IDISA	490	2700	D	0.048148831458733166	supp
ARREST_shrunk	IDISA	490	2800	D	0.049822105972161856	supp
ARREST_shrunk	IDISA	490	2900	D	0.0515124717234382	supp
ARREST_shrunk	IDISA	490	3000	D	0.053219767451918254	supp
ARREST_shrunk	IDISA	490	3100	D	0.05494383136314629	supp
ARREST_shrunk	IDISA	490	3200	D	0.05668450115909651	supp
ARREST_shrunk	IDISA	490	3300	D	0.05844161406799964	supp
ARREST_shrunk	IDISA	490	3400	D	0.06021500687375658	supp
ARREST_shrunk	IDISA	490	3500	D	0.06200451594494383	supp
ARREST_shrunk	IDISA	490	3600	D	0.06380997726340976	supp
ARREST_shrunk	IDISA	490	3700	D	0.06563122645246788	supp
ARREST_shrunk	IDISA	490	3800	D	0.06746809880468874	supp
ARREST_shrunk	IDISA	490	3900	D	0.06932042930929005	supp
ARREST_shrunk	IDISA	490	4000	D	0.07118805267913353	supp
ARREST_shrunk	IDISA	490	4100	D	0.07307080337732597	supp
ARREST_shrunk	IDISA	490	4200	D	0.07496851564342943	supp
ARREST_shrunk	IDISA	490	4300	D	0.07688102351928428	supp
ARREST_shrunk	IDISA	490	4400	D	0.07880816087444509	supp
ARREST_shrunk	IDISA	490	4500	D	0.08074976143123502	supp
ARREST_shrunk	IDISA	490	4600	D	0.08270565878941905	supp
ARREST_shrunk	IDISA	490	4700	D	0.0846756864505015	supp
ARREST_shrunk	IDISA	490	4800	D	0.08665967784164696	supp
ARREST_shrunk	IDISA	490	4900	D	0.08865746633923233	supp
ARREST_shrunk	IDISA	490	5000	D	0.0906688852920271	supp
ARREST_shrunk	IDISA	490	5100	D	0.09269376804401008	supp
ARREST_shrunk	IDISA	490	5200	D	0.0947319479568215	supp
ARREST_shrunk	IDISA	490	5300	D	0.09678325843185598	supp
ARREST_shrunk	IDISA	490	5400	D	0.09884753293199677	supp
ARREST_shrunk	IDISA	490	5500	D	0.10092460500299649	supp
ARREST_shrunk	IDISA	490	5600	D	0.10301430829450564	supp
ARREST_shrunk	IDISA	490	5700	D	0.10511647658075274	supp
ARREST_shrunk	IDISA	490	5800	D	0.10723094378087761	supp
ARREST_shrunk	IDISA	490	5900	D	0.10935754397892283	supp
ARREST_shrunk	IDISA	490	6000	D	0.11149611144348393	supp
ARREST_shrunk	IDISA	490	6100	D	0.11364648064702254	supp
ARREST_shrunk	IDISA	490	6200	D	0.11580848628484586	supp
ARREST_shrunk	IDISA	490	6300	D	0.11798196329375354	supp
ARREST_shrunk	IDISA	490	6400	D	0.12016674687035622	supp
ARREST_shrunk	IDISA	490	6500	D	0.12236267248906907	supp
ARREST_shrunk	IDISA	490	6600	D	0.12456957591978135	supp
ARREST_shrunk	IDISA	490	6700	D	0.126787293245207	supp
ARREST_shrunk	IDISA	490	6800	D	0.12901566087791694	supp
ARREST_shrunk	IDISA	490	6900	D	0.13125451557705903	supp
ARREST_shrunk	IDISA	490	7000	D	0.1335036944647645	supp
ARREST_shrunk	IDISA	490	7100	D	0.13576303504224785	supp
ARREST_shrunk	IDISA	490	7200	D	0.13803237520559986	supp
ARREST_shrunk	IDISA	490	7300	D	0.14031155326127887	supp
ARREST_shrunk	IDISA	490	7400	D	0.1426004079413018	supp
ARREST_shrunk	IDISA	490	7500	D	0.14489877841813814	supp
ARREST_shrunk	IDISA	490	7600	D	0.14720650431931015	supp
ARREST_shrunk	IDISA	490	7700	D	0.14952342574170163	supp
ARREST_shrunk	IDISA	490	7800	D	0.15184938326557895	supp
ARREST_shrunk	IDISA	490	7900	D	0.15418421796832538	supp
ARREST_shrunk	IDISA	490	8000	D	0.15652777143789343	supp
ARREST_shrunk	IDISA	490	8100	D	0.158879885785978	supp
ARREST_shrunk	IDISA	490	8200	D	0.1612404036609112	supp
ARREST_shrunk	IDISA	490	8300	D	0.16360916826028404	supp
ARREST_shrunk	IDISA	490	8400	D	0.16598602334329593	supp
ARREST_shrunk	IDISA	490	8500	D	0.1683708132428362	supp
ARREST_shrunk	IDISA	490	8600	D	0.1707633828772993	supp
ARREST_shrunk	IDISA	490	8700	D	0.1731635777621382	supp
ARREST_shrunk	IDISA	490	8800	D	0.1755712440211552	supp
ARREST_shrunk	IDISA	490	8900	D	0.17798622839753764	supp
ARREST_shrunk	IDISA	490	9000	D	0.1804083782646383	supp
ARREST_shrunk	IDISA	490	9100	D	0.18283754163650234	supp
ARREST_shrunk	IDISA	490	9200	D	0.18527356717814714	supp
ARREST_shrunk	IDISA	490	9300	D	0.1877163042155945	supp
ARREST_shrunk	IDISA	490	9400	D	0.19016560274565852	supp
ARREST_shrunk	IDISA	490	9500	D	0.19262131344549427	supp
ARREST_shrunk	IDISA	490	9600	D	0.19508328768190597	supp
ARREST_shrunk	IDISA	490	9700	D	0.19755137752042007	supp
ARREST_shrunk	IDISA	490	9800	D	0.20002543573412757	supp
ARREST_shrunk	IDISA	490	9900	D	0.20250531581229125	supp
ARREST_shrunk	IDISA	490	10000	D	0.20499087196872978	supp
ARREST_shrunk	IDISA	490	10100	D	0.20748195914997403	supp
ARREST_shrunk	IDISA	490	10200	D	0.2099784330432023	supp
ARREST_shrunk	IDISA	490	10300	D	0.21248015008395404	supp
ARREST_shrunk	IDISA	490	10400	D	0.2149869674636281	supp
ARREST_shrunk	IDISA	490	10500	D	0.2174987431367652	supp
ARREST_shrunk	IDISA	490	10600	D	0.2200153358281185	supp
ARREST_shrunk	IDISA	490	10700	D	0.22253660503951456	supp
ARREST_shrunk	IDISA	490	10800	D	0.22506241105650737	supp
ARREST_shrunk	IDISA	490	10900	D	0.22759261495482752	supp
ARREST_shrunk	IDISA	490	11000	D	0.23012707860662962	supp
ARREST_shrunk	IDISA	490	11100	D	0.23266566468654049	supp
ARREST_shrunk	IDISA	490	11200	D	0.23520823667750967	supp
ARREST_shrunk	IDISA	490	11300	D	0.2377546588764663	supp
ARREST_shrunk	IDISA	490	11400	D	0.24030479639978175	supp
ARREST_shrunk	IDISA	490	11500	D	0.24285851518854584	supp
ARREST_shrunk	IDISA	490	11600	D	0.2454156820136535	supp
ARREST_shrunk	IDISA	490	11700	D	0.24797616448070658	supp
ARREST_shrunk	IDISA	490	11800	D	0.25053983103473454	supp
ARREST_shrunk	IDISA	490	11900	D	0.25310655096473356	supp
ARREST_shrunk	IDISA	490	12000	D	0.25567619440803036	supp
ARREST_shrunk	IDISA	490	12100	D	0.2582486323544666	supp
ARREST_shrunk	IDISA	490	12200	D	0.26082373665041436	supp
ARREST_shrunk	IDISA	490	12300	D	0.2634013800026195	supp
ARREST_shrunk	IDISA	490	12400	D	0.2659814359818745	supp
ARREST_shrunk	IDISA	490	12500	D	0.2685637790265293	supp
ARREST_shrunk	IDISA	490	12600	D	0.27114828444583416	supp
ARREST_shrunk	IDISA	490	12700	D	0.2737348284231239	supp
ARREST_shrunk	IDISA	490	12800	D	0.27632328801884176	supp
ARREST_shrunk	IDISA	490	12900	D	0.2789135411734047	supp
ARREST_shrunk	IDISA	490	13000	D	0.28150546670991683	supp
ARREST_shrunk	IDISA	490	13100	D	0.284098944336727	supp
ARREST_shrunk	IDISA	490	13200	D	0.28669385464983854	supp
ARREST_shrunk	IDISA	490	13300	D	0.28929007913516736	supp
ARREST_shrunk	IDISA	490	13400	D	0.2918875001706579	supp
ARREST_shrunk	IDISA	490	13500	D	0.29448600102825084	supp
ARREST_shrunk	IDISA	490	13600	D	0.29708546587571183	supp
ARREST_shrunk	IDISA	490	13700	D	0.2996857797783189	supp
ARREST_shrunk	IDISA	490	13800	D	0.30228682870041135	supp
ARREST_shrunk	IDISA	490	13900	D	0.30488849950680486	supp
ARREST_shrunk	IDISA	490	14000	D	0.30749067996407053	supp
ARREST_shrunk	IDISA	490	14100	D	0.3100932587416845	supp
ARREST_shrunk	IDISA	490	14200	D	0.3126961254130459	supp
ARREST_shrunk	IDISA	490	14300	D	0.31529917045636735	supp
ARREST_shrunk	IDISA	490	14400	D	0.3179022852554413	supp
ARREST_shrunk	IDISA	490	14500	D	0.3205053621002809	supp
ARREST_shrunk	IDISA	490	14600	D	0.3231082941876394	supp
ARREST_shrunk	IDISA	490	14700	D	0.3257109756214095	supp
ARREST_shrunk	IDISA	490	14800	D	0.32831330141290593	supp
ARREST_shrunk	IDISA	490	14900	D	0.33091516748103	supp
ARREST_shrunk	IDISA	490	15000	D	0.3335164706523216	supp
ARREST_shrunk	IDISA	490	15100	D	0.3361171086608967	supp
ARREST_shrunk	IDISA	490	15200	D	0.338716980148278	supp
ARREST_shrunk	IDISA	490	15300	D	0.34131598466311164	supp
ARREST_shrunk	IDISA	490	15400	D	0.3439140226607831	supp
ARREST_shrunk	IDISA	490	15500	D	0.3465109955029214	supp
ARREST_shrunk	IDISA	490	15600	D	0.3491068054568067	supp
ARREST_shrunk	IDISA	490	15700	D	0.35170135569467054	supp
ARREST_shrunk	IDISA	490	15800	D	0.3542945502928999	supp
ARREST_shrunk	IDISA	490	15900	D	0.35688629423114204	supp
ARREST_shrunk	IDISA	490	16000	D	0.35947649339131327	supp
ARREST_shrunk	IDISA	490	16100	D	0.3620650545565115	supp
ARREST_shrunk	IDISA	490	16200	D	0.3646518854098384	supp
ARREST_shrunk	IDISA	490	16300	D	0.3672368945331286	supp
ARREST_shrunk	IDISA	490	16400	D	0.36981999140558863	supp
ARREST_shrunk	IDISA	490	16500	D	0.3724010864023508	supp
ARREST_shrunk	IDISA	490	16600	D	0.37498009079293615	supp
ARREST_shrunk	IDISA	490	16700	D	0.3775569167396371	supp
ARREST_shrunk	IDISA	490	16800	D	0.3801314772958131	supp
ARREST_shrunk	IDISA	490	16900	D	0.382703686404108	supp
ARREST_shrunk	IDISA	490	17000	D	0.3852734588945844	supp
ARREST_shrunk	IDISA	490	17100	D	0.38784071048278135	supp
ARREST_shrunk	IDISA	490	17200	D	0.3904053577676938	supp
ARREST_shrunk	IDISA	490	17300	D	0.39296731822967845	supp
ARREST_shrunk	IDISA	490	17400	D	0.3955265102282819	supp
ARREST_shrunk	IDISA	490	17500	D	0.3980828530000007	supp
ARREST_shrunk	IDISA	490	17600	D	0.40063626665596663	supp
ARREST_shrunk	IDISA	490	17700	D	0.4031866721795654	supp
ARREST_shrunk	IDISA	490	17800	D	0.40573399142398336	supp
ARREST_shrunk	IDISA	490	17900	D	0.4082781471096921	supp
ARREST_shrunk	IDISA	490	18000	D	0.41081906282186265	supp
ARREST_shrunk	IDISA	490	18100	D	0.41335666300772	supp
ARREST_shrunk	IDISA	490	18200	D	0.4158908729738323	supp
ARREST_shrunk	IDISA	490	18300	D	0.4184216188833393	supp
ARREST_shrunk	IDISA	490	18400	D	0.42094882775312226	supp
ARREST_shrunk	IDISA	490	18500	D	0.4234724274509123	supp
ARREST_shrunk	IDISA	490	18600	D	0.42599234669234465	supp
ARREST_shrunk	IDISA	490	18700	D	0.42850851503795473	supp
ARREST_shrunk	IDISA	490	18800	D	0.4310208628901204	supp
ARREST_shrunk	IDISA	490	18900	D	0.43352932148995005	supp
ARREST_shrunk	IDISA	490	19000	D	0.43603382291411974	supp
ARREST_shrunk	IDISA	490	19100	D	0.43853430007165717	supp
ARREST_shrunk	IDISA	490	19200	D	0.4410306867006787	supp
ARREST_shrunk	IDISA	490	19300	D	0.4435229173650753	supp
ARREST_shrunk	IDISA	490	19400	D	0.44601092745115245	supp
ARREST_shrunk	IDISA	490	19500	D	0.4484946531642239	supp
ARREST_shrunk	IDISA	490	19600	D	0.4509740315251597	supp
ARREST_shrunk	IDISA	490	19700	D	0.4534490003668906	supp
ARREST_shrunk	IDISA	490	19800	D	0.45591949833087053	supp
ARREST_shrunk	IDISA	490	19900	D	0.4583854648634963	supp
ARREST_shrunk	IDISA	490	20000	D	0.46084684021248756	supp
ARREST_shrunk	SABG-PCS	755	100	D	0.010617635458019303	supp
ARREST_shrunk	SABG-PCS	755	200	D	0.011241393708367298	supp
ARREST_shrunk	SABG-PCS	755	300	D	0.011871254119639296	supp
ARREST_shrunk	SABG-PCS	755	400	D	0.012507195930494985	supp
ARREST_shrunk	SABG-PCS	755	500	D	0.013149198251583227	supp
ARREST_shrunk	SABG-PCS	755	600	D	0.013797240067454863	supp
ARREST_shrunk	SABG-PCS	755	700	D	0.01445130023846486	supp
ARREST_shrunk	SABG-PCS	755	800	D	0.015111357502662792	supp
ARREST_shrunk	SABG-PCS	755	900	D	0.01577739047767157	supp
ARREST_shrunk	SABG-PCS	755	1000	D	0.01644937766255483	supp
ARREST_shrunk	SABG-PCS	755	1100	D	0.017127297439674338	supp
ARREST_shrunk	SABG-PCS	755	1200	D	0.0178111280765334	supp
ARREST_shrunk	SABG-PCS	755	1300	D	0.01850084772761207	supp
ARREST_shrunk	SABG-PCS	755	1400	D	0.019196434436188348	supp
ARREST_shrunk	SABG-PCS	755	1500	D	0.01989786613615041	supp
ARREST_shrunk	SABG-PCS	755	1600	D	0.020605120653795495	supp
ARREST_shrunk	SABG-PCS	755	1700	D	0.021318175709619358	supp
ARREST_shrunk	SABG-PCS	755	1800	D	0.022037008920093526	supp
ARREST_shrunk	SABG-PCS	755	1900	D	0.022761597799431543	supp
ARREST_shrunk	SABG-PCS	755	2000	D	0.02349191976134446	supp
ARREST_shrunk	SABG-PCS	755	2100	D	0.02422795212078488	supp
ARREST_shrunk	SABG-PCS	755	2200	D	0.02496967209567935	supp
ARREST_shrunk	SABG-PCS	755	2300	D	0.025717056808651106	supp
ARREST_shrunk	SABG-PCS	755	2400	D	0.026470083288730795	supp
ARREST_shrunk	SABG-PCS	755	2500	D	0.02722872847305602	supp
ARREST_shrunk	SABG-PCS	755	2600	D	0.027992969208560203	supp
ARREST_shrunk	SABG-PCS	755	2700	D	0.02876278225365092	supp
ARREST_shrunk	SABG-PCS	755	2800	D	0.029538144279876333	supp
ARREST_shrunk	SABG-PCS	755	2900	D	0.030319031873581537	supp
ARREST_shrunk	SABG-PCS	755	3000	D	0.0311054215375538	supp
ARREST_shrunk	SABG-PCS	755	3100	D	0.03189728969265648	supp
ARREST_shrunk	SABG-PCS	755	3200	D	0.03269461267945262	supp
ARREST_shrunk	SABG-PCS	755	3300	D	0.03349736675981807	supp
ARREST_shrunk	SABG-PCS	755	3400	D	0.03430552811854226	supp
ARREST_shrunk	SABG-PCS	755	3500	D	0.03511907286492055	supp
ARREST_shrunk	SABG-PCS	755	3600	D	0.03593797703433366	supp
ARREST_shrunk	SABG-PCS	755	3700	D	0.03676221658981793	supp
ARREST_shrunk	SABG-PCS	755	3800	D	0.0375917674236238	supp
ARREST_shrunk	SABG-PCS	755	3900	D	0.03842660535876474	supp
ARREST_shrunk	SABG-PCS	755	4000	D	0.03926670615055472	supp
ARREST_shrunk	SABG-PCS	755	4100	D	0.04011204548813552	supp
ARREST_shrunk	SABG-PCS	755	4200	D	0.04096259899599297	supp
ARREST_shrunk	SABG-PCS	755	4300	D	0.04181834223546388	supp
ARREST_shrunk	SABG-PCS	755	4400	D	0.0426792507062308	supp
ARREST_shrunk	SABG-PCS	755	4500	D	0.04354529984780764	supp
ARREST_shrunk	SABG-PCS	755	4600	D	0.04441646504101415	supp
ARREST_shrunk	SABG-PCS	755	4700	D	0.04529272160944098	supp
ARREST_shrunk	SABG-PCS	755	4800	D	0.04617404482090237	supp
ARREST_shrunk	SABG-PCS	755	4900	D	0.04706040988888105	supp
ARREST_shrunk	SABG-PCS	755	5000	D	0.04795179197396093	supp
ARREST_shrunk	SABG-PCS	755	5100	D	0.0488481661852499	supp
ARREST_shrunk	SABG-PCS	755	5200	D	0.04974950758179342	supp
ARREST_shrunk	SABG-PCS	755	5300	D	0.05065579117397667	supp
ARREST_shrunk	SABG-PCS	755	5400	D	0.05156699192491676	supp
ARREST_shrunk	SABG-PCS	755	5500	D	0.0524830847518456	supp
ARREST_shrunk	SABG-PCS	755	5600	D	0.0534040445274816	supp
ARREST_shrunk	SABG-PCS	755	5700	D	0.0543298460813918	supp
ARREST_shrunk	SABG-PCS	755	5800	D	0.05526046420134434	supp
ARREST_shrunk	SABG-PCS	755	5900	D	0.05619587363464984	supp
ARREST_shrunk	SABG-PCS	755	6000	D	0.05713604908949421	supp
ARREST_shrunk	SABG-PCS	755	6100	D	0.05808096523626016	supp
ARREST_shrunk	SABG-PCS	755	6200	D	0.05903059670883959	supp
ARREST_shrunk	SABG-PCS	755	6300	D	0.05998491810593598	supp
ARREST_shrunk	SABG-PCS	755	6400	D	0.06094390399235683	supp
ARREST_shrunk	SABG-PCS	755	6500	D	0.06190752890029638	supp
ARREST_shrunk	SABG-PCS	755	6600	D	0.06287576733060851	supp
ARREST_shrunk	SABG-PCS	755	6700	D	0.06384859375406948	supp
ARREST_shrunk	SABG-PCS	755	6800	D	0.06482598261263217	supp
ARREST_shrunk	SABG-PCS	755	6900	D	0.06580790832066885	supp
ARREST_shrunk	SABG-PCS	755	7000	D	0.06679434526620642	supp
ARREST_shrunk	SABG-PCS	755	7100	D	0.06778526781215	supp
ARREST_shrunk	SABG-PCS	755	7200	D	0.06878065029749814	supp
ARREST_shrunk	SABG-PCS	755	7300	D	0.06978046703854879	supp
ARREST_shrunk	SABG-PCS	755	7400	D	0.07078469233009443	supp
ARREST_shrunk	SABG-PCS	755	7500	D	0.07179330044660903	supp
ARREST_shrunk	SABG-PCS	755	7600	D	0.07280626564342474	supp
ARREST_shrunk	SABG-PCS	755	7700	D	0.07382356215790009	supp
ARREST_shrunk	SABG-PCS	755	7800	D	0.07484516421057763	supp
ARREST_shrunk	SABG-PCS	755	7900	D	0.07587104600633354	supp
ARREST_shrunk	SABG-PCS	755	8000	D	0.0769011817355163	supp
ARREST_shrunk	SABG-PCS	755	8100	D	0.07793554557507842	supp
ARREST_shrunk	SABG-PCS	755	8200	D	0.0789741116896967	supp
ARREST_shrunk	SABG-PCS	755	8300	D	0.08001685423288474	supp
ARREST_shrunk	SABG-PCS	755	8400	D	0.08106374734809552	supp
ARREST_shrunk	SABG-PCS	755	8500	D	0.08211476516981553	supp
ARREST_shrunk	SABG-PCS	755	8600	D	0.08316988182464913	supp
ARREST_shrunk	SABG-PCS	755	8700	D	0.08422907143239489	supp
ARREST_shrunk	SABG-PCS	755	8800	D	0.0852923081071113	supp
ARREST_shrunk	SABG-PCS	755	8900	D	0.0863595659581754	supp
ARREST_shrunk	SABG-PCS	755	9000	D	0.08743081909133132	supp
ARREST_shrunk	SABG-PCS	755	9100	D	0.08850604160972997	supp
ARREST_shrunk	SABG-PCS	755	9200	D	0.08958520761496058	supp
ARREST_shrunk	SABG-PCS	755	9300	D	0.0906682912080724	supp
ARREST_shrunk	SABG-PCS	755	9400	D	0.09175526649058885	supp
ARREST_shrunk	SABG-PCS	755	9500	D	0.09284610756551182	supp
ARREST_shrunk	SABG-PCS	755	9600	D	0.09394078853831789	supp
ARREST_shrunk	SABG-PCS	755	9700	D	0.09503928351794588	supp
ARREST_shrunk	SABG-PCS	755	9800	D	0.09614156661777518	supp
ARREST_shrunk	SABG-PCS	755	9900	D	0.09724761195659637	supp
ARREST_shrunk	SABG-PCS	755	10000	D	0.09835739365957297	supp
ARREST_shrunk	SABG-PCS	755	10100	D	0.09947088585919384	supp
ARREST_shrunk	SABG-PCS	755	10200	D	0.10058806269621856	supp
ARREST_shrunk	SABG-PCS	755	10300	D	0.10170889832061336	supp
ARREST_shrunk	SABG-PCS	755	10400	D	0.10283336689247868	supp
ARREST_shrunk	SABG-PCS	755	10500	D	0.10396144258296913	supp
ARREST_shrunk	SABG-PCS	755	10600	D	0.10509309957520407	supp
ARREST_shrunk	SABG-PCS	755	10700	D	0.1062283120651708	supp
ARREST_shrunk	SABG-PCS	755	10800	D	0.10736705426261872	supp
ARREST_shrunk	SABG-PCS	755	10900	D	0.10850930039194606	supp
ARREST_shrunk	SABG-PCS	755	11000	D	0.10965502469307797	supp
ARREST_shrunk	SABG-PCS	755	11100	D	0.11080420142233638	supp
ARREST_shrunk	SABG-PCS	755	11200	D	0.11195680485330184	supp
ARREST_shrunk	SABG-PCS	755	11300	D	0.11311280927766787	supp
ARREST_shrunk	SABG-PCS	755	11400	D	0.11427218900608604	supp
ARREST_shrunk	SABG-PCS	755	11500	D	0.11543491836900455	supp
ARREST_shrunk	SABG-PCS	755	11600	D	0.1166009717174975	supp
ARREST_shrunk	SABG-PCS	755	11700	D	0.11777032342408722	supp
ARREST_shrunk	SABG-PCS	755	11800	D	0.1189429478835583	supp
ARREST_shrunk	SABG-PCS	755	11900	D	0.12011881951376369	supp
ARREST_shrunk	SABG-PCS	755	12000	D	0.1212979127564231	supp
ARREST_shrunk	SABG-PCS	755	12100	D	0.1224802020779141	supp
ARREST_shrunk	SABG-PCS	755	12200	D	0.12366566197005446	supp
ARREST_shrunk	SABG-PCS	755	12300	D	0.12485426695087787	supp
ARREST_shrunk	SABG-PCS	755	12400	D	0.12604599156540097	supp
ARREST_shrunk	SABG-PCS	755	12500	D	0.12724081038638468	supp
ARREST_shrunk	SABG-PCS	755	12600	D	0.12843869801508434	supp
ARREST_shrunk	SABG-PCS	755	12700	D	0.1296396290819969	supp
ARREST_shrunk	SABG-PCS	755	12800	D	0.13084357824759674	supp
ARREST_shrunk	SABG-PCS	755	12900	D	0.1320505202030663	supp
ARREST_shrunk	SABG-PCS	755	13000	D	0.13326042967101825	supp
ARREST_shrunk	SABG-PCS	755	13100	D	0.1344732814062105	supp
ARREST_shrunk	SABG-PCS	755	13200	D	0.13568905019625432	supp
ARREST_shrunk	SABG-PCS	755	13300	D	0.136907710862314	supp
ARREST_shrunk	SABG-PCS	755	13400	D	0.13812923825980117	supp
ARREST_shrunk	SABG-PCS	755	13500	D	0.1393536072790592	supp
ARREST_shrunk	SABG-PCS	755	13600	D	0.14058079284604308	supp
ARREST_shrunk	SABG-PCS	755	13700	D	0.14181076992299024	supp
ARREST_shrunk	SABG-PCS	755	13800	D	0.14304351350908528	supp
ARREST_shrunk	SABG-PCS	755	13900	D	0.14427899864111715	supp
ARREST_shrunk	SABG-PCS	755	14000	D	0.14551720039412896	supp
ARREST_shrunk	SABG-PCS	755	14100	D	0.1467580938820623	supp
ARREST_shrunk	SABG-PCS	755	14200	D	0.14800165425839196	supp
ARREST_shrunk	SABG-PCS	755	14300	D	0.14924785671675644	supp
ARREST_shrunk	SABG-PCS	755	14400	D	0.15049667649157983	supp
ARREST_shrunk	SABG-PCS	755	14500	D	0.15174808885868718	supp
ARREST_shrunk	SABG-PCS	755	14600	D	0.15300206913591352	supp
ARREST_shrunk	SABG-PCS	755	14700	D	0.15425859268370534	supp
ARREST_shrunk	SABG-PCS	755	14800	D	0.15551763490571602	supp
ARREST_shrunk	SABG-PCS	755	14900	D	0.156779171249394	supp
ARREST_shrunk	SABG-PCS	755	15000	D	0.15804317720656458	supp
ARREST_shrunk	SABG-PCS	755	15100	D	0.15930962831400508	supp
ARREST_shrunk	SABG-PCS	755	15200	D	0.16057850015401287	supp
ARREST_shrunk	SABG-PCS	755	15300	D	0.16184976835496778	supp
ARREST_shrunk	SABG-PCS	755	15400	D	0.16312340859188657	supp
ARREST_shrunk	SABG-PCS	755	15500	D	0.1643993965869729	supp
ARREST_shrunk	SABG-PCS	755	15600	D	0.1656777081101587	supp
ARREST_shrunk	SABG-PCS	755	15700	D	0.1669583189796402	supp
ARREST_shrunk	SABG-PCS	755	15800	D	0.16824120506240825	supp
ARREST_shrunk	SABG-PCS	755	15900	D	0.16952634227477026	supp
ARREST_shrunk	SABG-PCS	755	16000	D	0.17081370658286799	supp
ARREST_shrunk	SABG-PCS	755	16100	D	0.17210327400318737	supp
ARREST_shrunk	SABG-PCS	755	16200	D	0.17339502060306333	supp
ARREST_shrunk	SABG-PCS	755	16300	D	0.17468892250117773	supp
ARREST_shrunk	SABG-PCS	755	16400	D	0.17598495586805096	supp
ARREST_shrunk	SABG-PCS	755	16500	D	0.1772830969265281	supp
ARREST_shrunk	SABG-PCS	755	16600	D	0.17858332195225812	supp
ARREST_shrunk	SABG-PCS	755	16700	D	0.1798856072741678	supp
ARREST_shrunk	SABG-PCS	755	16800	D	0.18118992927492905	supp
ARREST_shrunk	SABG-PCS	755	16900	D	0.18249626439142064	supp
ARREST_shrunk	SABG-PCS	755	17000	D	0.18380458911518327	supp
ARREST_shrunk	SABG-PCS	755	17100	D	0.18511487999286957	supp
ARREST_shrunk	SABG-PCS	755	17200	D	0.18642711362668818	supp
ARREST_shrunk	SABG-PCS	755	17300	D	0.1877412666748406	supp
ARREST_shrunk	SABG-PCS	755	17400	D	0.18905731585195418	supp
ARREST_shrunk	SABG-PCS	755	17500	D	0.19037523792950817	supp
ARREST_shrunk	SABG-PCS	755	17600	D	0.1916950097362533	supp
ARREST_shrunk	SABG-PCS	755	17700	D	0.1930166081586282	supp
ARREST_shrunk	SABG-PCS	755	17800	D	0.19434001014116675	supp
ARREST_shrunk	SABG-PCS	755	17900	D	0.19566519268690263	supp
ARREST_shrunk	SABG-PCS	755	18000	D	0.19699213285776718	supp
ARREST_shrunk	SABG-PCS	755	18100	D	0.19832080777498073	supp
ARREST_shrunk	SABG-PCS	755	18200	D	0.1996511946194397	supp
ARREST_shrunk	SABG-PCS	755	18300	D	0.20098327063209853	supp
ARREST_shrunk	SABG-PCS	755	18400	D	0.20231701311434414	supp
ARREST_shrunk	SABG-PCS	755	18500	D	0.20365239942836688	supp
ARREST_shrunk	SABG-PCS	755	18600	D	0.2049894069975251	supp
ARREST_shrunk	SABG-PCS	755	18700	D	0.20632801330670492	supp
ARREST_shrunk	SABG-PCS	755	18800	D	0.20766819590267382	supp
ARREST_shrunk	SABG-PCS	755	18900	D	0.20900993239443	supp
ARREST_shrunk	SABG-PCS	755	19000	D	0.21035320045354544	supp
ARREST_shrunk	SABG-PCS	755	19100	D	0.21169797781450428	supp
ARREST_shrunk	SABG-PCS	755	19200	D	0.21304424227503604	supp
ARREST_shrunk	SABG-PCS	755	19300	D	0.21439197169644364	supp
ARREST_shrunk	SABG-PCS	755	19400	D	0.21574114400392563	supp
ARREST_shrunk	SABG-PCS	755	19500	D	0.21709173718689423	supp
ARREST_shrunk	SABG-PCS	755	19600	D	0.21844372929928757	supp
ARREST_shrunk	SABG-PCS	755	19700	D	0.21979709845987772	supp
ARREST_shrunk	SABG-PCS	755	19800	D	0.22115182285257284	supp
ARREST_shrunk	SABG-PCS	755	19900	D	0.2225078807267149	supp
ARREST_shrunk	SABG-PCS	755	20000	D	0.22386525039737182	supp
ARREST_shrunk	ARREST	758	100	E	0.011267138650895459	supp
ARREST_shrunk	ARREST	758	200	E	0.012559694882208094	supp
ARREST_shrunk	ARREST	758	300	E	0.01387749155421647	supp
ARREST_shrunk	ARREST	758	400	E	0.015220349341374284	supp
ARREST_shrunk	ARREST	758	500	E	0.016588086799434354	supp
ARREST_shrunk	ARREST	758	600	E	0.01798052043174936	supp
ARREST_shrunk	ARREST	758	700	E	0.019397464754754123	supp
ARREST_shrunk	ARREST	758	800	E	0.02083873236263012	supp
ARREST_shrunk	ARREST	758	900	E	0.022304133991157493	supp
ARREST_shrunk	ARREST	758	1000	E	0.023793478580755978	supp
ARREST_shrunk	ARREST	758	1100	E	0.025306573338720106	supp
ARREST_shrunk	ARREST	758	1200	E	0.026843223800650295	supp
ARREST_shrunk	ARREST	758	1300	E	0.0284032338910849	supp
ARREST_shrunk	ARREST	758	1400	E	0.029986405983335906	supp
ARREST_shrunk	ARREST	758	1500	E	0.0315925409585327	supp
ARREST_shrunk	ARREST	758	1600	E	0.03322143826387769	supp
ARREST_shrunk	ARREST	758	1700	E	0.03487289597011767	supp
ARREST_shrunk	ARREST	758	1800	E	0.03654671082823413	supp
ARREST_shrunk	ARREST	758	1900	E	0.03824267832535855	supp
ARREST_shrunk	ARREST	758	2000	E	0.03996059273991526	supp
ARREST_shrunk	ARREST	758	2100	E	0.041700247195996964	supp
ARREST_shrunk	ARREST	758	2200	E	0.043461433716976305	supp
ARREST_shrunk	ARREST	758	2300	E	0.045243943278359344	supp
ARREST_shrunk	ARREST	758	2400	E	0.0470475658598849	supp
ARREST_shrunk	ARREST	758	2500	E	0.048872090496873244	supp
ARREST_shrunk	ARREST	758	2600	E	0.050717305330829965	supp
ARREST_shrunk	ARREST	758	2700	E	0.052582997659310404	supp
ARREST_shrunk	ARREST	758	2800	E	0.05446895398504692	supp
ARREST_shrunk	ARREST	758	2900	E	0.05637496006434595	supp
ARREST_shrunk	ARREST	758	3000	E	0.0583008009547592	supp
ARREST_shrunk	ARREST	758	3100	E	0.060246261062033346	supp
ARREST_shrunk	ARREST	758	3200	E	0.06221112418634378	supp
ARREST_shrunk	ARREST	758	3300	E	0.0641951735678169	supp
ARREST_shrunk	ARREST	758	3400	E	0.06619819193134635	supp
ARREST_shrunk	ARREST	758	3500	E	0.06821996153070864	supp
ARREST_shrunk	ARREST	758	3600	E	0.07026026419198161	supp
ARREST_shrunk	ARREST	758	3700	E	0.07231888135627373	supp
ARREST_shrunk	ARREST	758	3800	E	0.0743955941217661	supp
ARREST_shrunk	ARREST	758	3900	E	0.07649018328507595	supp
ARREST_shrunk	ARREST	758	4000	E	0.07860242938194262	supp
ARREST_shrunk	ARREST	758	4100	E	0.08073211272724623	supp
ARREST_shrunk	ARREST	758	4200	E	0.08287901345436033	supp
ARREST_shrunk	ARREST	758	4300	E	0.08504291155384536	supp
ARREST_shrunk	ARREST	758	4400	E	0.08722358691148913	supp
ARREST_shrunk	ARREST	758	4500	E	0.08942081934569801	supp
ARREST_shrunk	ARREST	758	4600	E	0.09163438864424567	supp
ARREST_shrunk	ARREST	758	4700	E	0.09386407460038437	supp
ARREST_shrunk	ARREST	758	4800	E	0.09610965704832286	supp
ARREST_shrunk	ARREST	758	4900	E	0.09837091589807989	supp
ARREST_shrunk	ARREST	758	5000	E	0.10064763116971409	supp
ARREST_shrunk	ARREST	758	5100	E	0.10293958302693951	supp
ARREST_shrunk	ARREST	758	5200	E	0.10524655181013076	supp
ARREST_shrunk	ARREST	758	5300	E	0.10756831806872336	supp
ARREST_shrunk	ARREST	758	5400	E	0.10990466259301468	supp
ARREST_shrunk	ARREST	758	5500	E	0.11225536644537104	supp
ARREST_shrunk	ARREST	758	5600	E	0.11462021099084829	supp
ARREST_shrunk	ARREST	758	5700	E	0.1169989779272268	supp
ARREST_shrunk	ARREST	758	5800	E	0.11939144931447221	supp
ARREST_shrunk	ARREST	758	5900	E	0.12179740760362334	supp
ARREST_shrunk	ARREST	758	6000	E	0.1242166356651142	supp
ARREST_shrunk	ARREST	758	6100	E	0.126648916816535	supp
ARREST_shrunk	ARREST	758	6200	E	0.12909403484984028	supp
ARREST_shrunk	ARREST	758	6300	E	0.13155177405800467	supp
ARREST_shrunk	ARREST	758	6400	E	0.1340219192611375	supp
ARREST_shrunk	ARREST	758	6500	E	0.1365042558320574	supp
ARREST_shrunk	ARREST	758	6600	E	0.1389985697213345	supp
ARREST_shrunk	ARREST	758	6700	E	0.1415046474818057	supp
ARREST_shrunk	ARREST	758	6800	E	0.14402227629256759	supp
ARREST_shrunk	ARREST	758	6900	E	0.14655124398245367	supp
ARREST_shrunk	ARREST	758	7000	E	0.14909133905299954	supp
ARREST_shrunk	ARREST	758	7100	E	0.15164235070090437	supp
ARREST_shrunk	ARREST	758	7200	E	0.1542040688399915	supp
ARREST_shrunk	ARREST	758	7300	E	0.15677628412267353	supp
ARREST_shrunk	ARREST	758	7400	E	0.15935878796093117	supp
ARREST_shrunk	ARREST	758	7500	E	0.16195137254680547	supp
ARREST_shrunk	ARREST	758	7600	E	0.1645538308724135	supp
ARREST_shrunk	ARREST	758	7700	E	0.16716595674949108	supp
ARREST_shrunk	ARREST	758	7800	E	0.16978754482846714	supp
ARREST_shrunk	ARREST	758	7900	E	0.17241839061707698	supp
ARREST_shrunk	ARREST	758	8000	E	0.1750582904985184	supp
ARREST_shrunk	ARREST	758	8100	E	0.1777070417491553	supp
ARREST_shrunk	ARREST	758	8200	E	0.18036444255577677	supp
ARREST_shrunk	ARREST	758	8300	E	0.18303029203241372	supp
ARREST_shrunk	ARREST	758	8400	E	0.18570439023672136	supp
ARREST_shrunk	ARREST	758	8500	E	0.1883865381859291	supp
ARREST_shrunk	ARREST	758	8600	E	0.19107653787236767	supp
ARREST_shrunk	ARREST	758	8700	E	0.1937741922785735	supp
ARREST_shrunk	ARREST	758	8800	E	0.19647930539198033	supp
ARREST_shrunk	ARREST	758	8900	E	0.1991916822191998	supp
ARREST_shrunk	ARREST	758	9000	E	0.20191112879989748	supp
ARREST_shrunk	ARREST	758	9100	E	0.20463745222027008	supp
ARREST_shrunk	ARREST	758	9200	E	0.20737046062612663	supp
ARREST_shrunk	ARREST	758	9300	E	0.21010996323558107	supp
ARREST_shrunk	ARREST	758	9400	E	0.2128557703513605	supp
ARREST_shrunk	ARREST	758	9500	E	0.2156076933727321	supp
ARREST_shrunk	ARREST	758	9600	E	0.21836554480705905	supp
ARREST_shrunk	ARREST	758	9700	E	0.22112913828098157	supp
ARREST_shrunk	ARREST	758	9800	E	0.22389828855123783	supp
ARREST_shrunk	ARREST	758	9900	E	0.22667281151512242	supp
ARREST_shrunk	ARREST	758	10000	E	0.22945252422058982	supp
ARREST_shrunk	ARREST	758	10100	E	0.23223724487600816	supp
ARREST_shrunk	ARREST	758	10200	E	0.23502679285956674	supp
ARREST_shrunk	ARREST	758	10300	E	0.23782098872834367	supp
ARREST_shrunk	ARREST	758	10400	E	0.2406196542270358	supp
ARREST_shrunk	ARREST	758	10500	E	0.2434226122963593	supp
ARREST_shrunk	ARREST	758	10600	E	0.2462296870811207	supp
ARREST_shrunk	ARREST	758	10700	E	0.24904070393796796	supp
ARREST_shrunk	ARREST	758	10800	E	0.25185548944282354	supp
ARREST_shrunk	ARREST	758	10900	E	0.25467387139800335	supp
ARREST_shrunk	ARREST	758	11000	E	0.25749567883902824	supp
ARREST_shrunk	ARREST	758	11100	E	0.2603207420411302	supp
ARREST_shrunk	ARREST	758	11200	E	0.26314889252546025	supp
ARREST_shrunk	ARREST	758	11300	E	0.26597996306500116	supp
ARREST_shrunk	ARREST	758	11400	E	0.26881378769018704	supp
ARREST_shrunk	ARREST	758	11500	E	0.2716502016942395	supp
ARREST_shrunk	ARREST	758	11600	E	0.2744890416382204	supp
ARREST_shrunk	ARREST	758	11700	E	0.27733014535580514	supp
ARREST_shrunk	ARREST	758	11800	E	0.2801733519577859	supp
ARREST_shrunk	ARREST	758	11900	E	0.2830185018363016	supp
ARREST_shrunk	ARREST	758	12000	E	0.28586543666880593	supp
ARREST_shrunk	ARREST	758	12100	E	0.28871399942177134	supp
ARREST_shrunk	ARREST	758	12200	E	0.29156403435413925	supp
ARREST_shrunk	ARREST	758	12300	E	0.2944153870205146	supp
ARREST_shrunk	ARREST	758	12400	E	0.2972679042741132	supp
ARREST_shrunk	ARREST	758	12500	E	0.300121434269464	supp
ARREST_shrunk	ARREST	758	12600	E	0.30297582646486954	supp
ARREST_shrunk	ARREST	758	12700	E	0.30583093162463204	supp
ARREST_shrunk	ARREST	758	12800	E	0.3086866018210429	supp
ARREST_shrunk	ARREST	758	12900	E	0.31154269043614646	supp
ARREST_shrunk	ARREST	758	13000	E	0.31439905216327624	supp
ARREST_shrunk	ARREST	758	13100	E	0.3172555430083718	supp
ARREST_shrunk	ARREST	758	13200	E	0.3201120202910749	supp
ARREST_shrunk	ARREST	758	13300	E	0.3229683426456157	supp
ARREST_shrunk	ARREST	758	13400	E	0.32582437002148523	supp
ARREST_shrunk	ARREST	758	13500	E	0.32867996368390284	supp
ARREST_shrunk	ARREST	758	13600	E	0.33153498621408106	supp
ARREST_shrunk	ARREST	758	13700	E	0.33438930150929014	supp
ARREST_shrunk	ARREST	758	13800	E	0.3372427747827278	supp
ARREST_shrunk	ARREST	758	13900	E	0.3400952725631957	supp
ARREST_shrunk	ARREST	758	14000	E	0.3429466626945884	supp
ARREST_shrunk	ARREST	758	14100	E	0.3457968143351956	supp
ARREST_shrunk	ARREST	758	14200	E	0.3486455979568239	supp
ARREST_shrunk	ARREST	758	14300	E	0.35149288534373946	supp
ARREST_shrunk	ARREST	758	14400	E	0.3543385495914355	supp
ARREST_shrunk	ARREST	758	14500	E	0.35718246510522755	supp
ARREST_shrunk	ARREST	758	14600	E	0.36002450759868165	supp
ARREST_shrunk	ARREST	758	14700	E	0.3628645540918761	supp
ARREST_shrunk	ARREST	758	14800	E	0.365702482909501	supp
ARREST_shrunk	ARREST	758	14900	E	0.3685381736788005	supp
ARREST_shrunk	ARREST	758	15000	E	0.37137150732735735	supp
ARREST_shrunk	ARREST	758	15100	E	0.3742023660807263	supp
ARREST_shrunk	ARREST	758	15200	E	0.37703063345991805	supp
ARREST_shrunk	ARREST	758	15300	E	0.3798561942787356	supp
ARREST_shrunk	ARREST	758	15400	E	0.38267893464096836	supp
ARREST_shrunk	ARREST	758	15500	E	0.3854987419374454	supp
ARREST_shrunk	ARREST	758	15600	E	0.3883155048429514	supp
ARREST_shrunk	ARREST	758	15700	E	0.3911291133130075	supp
ARREST_shrunk	ARREST	758	15800	E	0.3939394585805214	supp
ARREST_shrunk	ARREST	758	15900	E	0.39674643315230884	supp
ARREST_shrunk	ARREST	758	16000	E	0.39954993080548606	supp
ARREST_shrunk	ARREST	758	16100	E	0.40234984658374473	supp
ARREST_shrunk	ARREST	758	16200	E	0.4051460767935009	supp
ARREST_shrunk	ARREST	758	16300	E	0.4079385189999296	supp
ARREST_shrunk	ARREST	758	16400	E	0.41072707202288206	supp
ARREST_shrunk	ARREST	758	16500	E	0.41351163593269447	supp
ARREST_shrunk	ARREST	758	16600	E	0.41629211204588223	supp
ARREST_shrunk	ARREST	758	16700	E	0.4190684029207299	supp
ARREST_shrunk	ARREST	758	16800	E	0.42184041235277625	supp
ARREST_shrunk	ARREST	758	16900	E	0.42460804537019736	supp
ARREST_shrunk	ARREST	758	17000	E	0.42737120822908903	supp
ARREST_shrunk	ARREST	758	17100	E	0.4301298084086541	supp
ARREST_shrunk	ARREST	758	17200	E	0.43288375460629336	supp
ARREST_shrunk	ARREST	758	17300	E	0.43563295673260527	supp
ARREST_shrunk	ARREST	758	17400	E	0.4383773259062955	supp
ARREST_shrunk	ARREST	758	17500	E	0.4411167744489999	supp
ARREST_shrunk	ARREST	758	17600	E	0.44385121588002086	supp
ARREST_shrunk	ARREST	758	17700	E	0.4465805649109814	supp
ARREST_shrunk	ARREST	758	17800	E	0.4493047374404008	supp
ARREST_shrunk	ARREST	758	17900	E	0.45202365054818694	supp
ARREST_shrunk	ARREST	758	18000	E	0.45473722249005866	supp
ARREST_shrunk	ARREST	758	18100	E	0.4574453726918891	supp
ARREST_shrunk	ARREST	758	18200	E	0.46014802174397995	supp
ARREST_shrunk	ARREST	758	18300	E	0.46284509139526575	supp
ARREST_shrunk	ARREST	758	18400	E	0.4655365045474492	supp
ARREST_shrunk	ARREST	758	18500	E	0.468222185249073	supp
ARREST_shrunk	ARREST	758	18600	E	0.47090205868952595	supp
ARREST_shrunk	ARREST	758	18700	E	0.47357605119299007	supp
ARREST_shrunk	ARREST	758	18800	E	0.4762440902123254	supp
ARREST_shrunk	ARREST	758	18900	E	0.47890610432290004	supp
ARREST_shrunk	ARREST	758	19000	E	0.4815620232163623	supp
ARREST_shrunk	ARREST	758	19100	E	0.48421177769436075	supp
ARREST_shrunk	ARREST	758	19200	E	0.48685529966221053	supp
ARREST_shrunk	ARREST	758	19300	E	0.48949252212251304	supp
ARREST_shrunk	ARREST	758	19400	E	0.4921233791687222	supp
ARREST_shrunk	ARREST	758	19500	E	0.4947478059786695	supp
ARREST_shrunk	ARREST	758	19600	E	0.4973657388080418	supp
ARREST_shrunk	ARREST	758	19700	E	0.49997711498381625	supp
ARREST_shrunk	ARREST	758	19800	E	0.502581872897654	supp
ARREST_shrunk	ARREST	758	19900	E	0.50517995199925525	supp
ARREST_shrunk	ARREST	758	20000	E	0.5077712927896765	supp
ARREST_shrunk	Edinburgh	458	100	E	0.011007064370680664	supp
ARREST_shrunk	Edinburgh	458	200	E	0.012030272077064197	supp
ARREST_shrunk	Edinburgh	458	300	E	0.013069533989822246	supp
ARREST_shrunk	Edinburgh	458	400	E	0.014124760089313626	supp
ARREST_shrunk	Edinburgh	458	500	E	0.015195859487220686	supp
ARREST_shrunk	Edinburgh	458	600	E	0.01628274044797784	supp
ARREST_shrunk	Edinburgh	458	700	E	0.01738531040998692	supp
ARREST_shrunk	Edinburgh	458	800	E	0.018503476006626052	supp
ARREST_shrunk	Edinburgh	458	900	E	0.019637143087049225	supp
ARREST_shrunk	Edinburgh	458	1000	E	0.02078621673677772	supp
ARREST_shrunk	Edinburgh	458	1100	E	0.021950601298084682	supp
ARREST_shrunk	Edinburgh	458	1200	E	0.02313020039017233	supp
ARREST_shrunk	Edinburgh	458	1300	E	0.024324916929144846	supp
ARREST_shrunk	Edinburgh	458	1400	E	0.025534653147775144	supp
ARREST_shrunk	Edinburgh	458	1500	E	0.026759310615066534	supp
ARREST_shrunk	Edinburgh	458	1600	E	0.02799879025561236	supp
ARREST_shrunk	Edinburgh	458	1700	E	0.029252992368751785	supp
ARREST_shrunk	Edinburgh	458	1800	E	0.03052181664752296	supp
ARREST_shrunk	Edinburgh	458	1900	E	0.03180516219741614	supp
ARREST_shrunk	Edinburgh	458	2000	E	0.03310292755492472	supp
ARREST_shrunk	Edinburgh	458	2100	E	0.03441501070589836	supp
ARREST_shrunk	Edinburgh	458	2200	E	0.035741309103694996	supp
ARREST_shrunk	Edinburgh	458	2300	E	0.03708171968713647	supp
ARREST_shrunk	Edinburgh	458	2400	E	0.03843613889826647	supp
ARREST_shrunk	Edinburgh	458	2500	E	0.03980446269991211	supp
ARREST_shrunk	Edinburgh	458	2600	E	0.04118658659304919	supp
ARREST_shrunk	Edinburgh	458	2700	E	0.04258240563397453	supp
ARREST_shrunk	Edinburgh	458	2800	E	0.043991814451283195	supp
ARREST_shrunk	Edinburgh	458	2900	E	0.04541470726265351	supp
ARREST_shrunk	Edinburgh	458	3000	E	0.046850977891440104	supp
ARREST_shrunk	Edinburgh	458	3100	E	0.04830051978307648	supp
ARREST_shrunk	Edinburgh	458	3200	E	0.049763226021286466	supp
ARREST_shrunk	Edinburgh	458	3300	E	0.051238989344107866	supp
ARREST_shrunk	Edinburgh	458	3400	E	0.05272770215972766	supp
ARREST_shrunk	Edinburgh	458	3500	E	0.054229256562129624	supp
ARREST_shrunk	Edinburgh	458	3600	E	0.05574354434655582	supp
ARREST_shrunk	Edinburgh	458	3700	E	0.057270457024784616	supp
ARREST_shrunk	Edinburgh	458	3800	E	0.058809885840221954	supp
ARREST_shrunk	Edinburgh	458	3900	E	0.060361721782811406	supp
ARREST_shrunk	Edinburgh	458	4000	E	0.061925855603761404	supp
ARREST_shrunk	Edinburgh	458	4100	E	0.0635021778300916	supp
ARREST_shrunk	Edinburgh	458	4200	E	0.06509057877899871	supp
ARREST_shrunk	Edinburgh	458	4300	E	0.06669094857204394	supp
ARREST_shrunk	Edinburgh	458	4400	E	0.0683031771491619	supp
ARREST_shrunk	Edinburgh	458	4500	E	0.06992715428249274	supp
ARREST_shrunk	Edinburgh	458	4600	E	0.07156276959003849	supp
ARREST_shrunk	Edinburgh	458	4700	E	0.07320991254914433	supp
ARREST_shrunk	Edinburgh	458	4800	E	0.0748684725098061	supp
ARREST_shrunk	Edinburgh	458	4900	E	0.07653833870780546	supp
ARREST_shrunk	Edinburgh	458	5000	E	0.07821940027767238	supp
ARREST_shrunk	Edinburgh	458	5100	E	0.0799115462654787	supp
ARREST_shrunk	Edinburgh	458	5200	E	0.08161466564146036	supp
ARREST_shrunk	Edinburgh	458	5300	E	0.0833286473124728	supp
ARREST_shrunk	Edinburgh	458	5400	E	0.08505338013427766	supp
ARREST_shrunk	Edinburgh	458	5500	E	0.08678875292366461	supp
ARREST_shrunk	Edinburgh	458	5600	E	0.08853465447040654	supp
ARREST_shrunk	Edinburgh	458	5700	E	0.09029097354905247	supp
ARREST_shrunk	Edinburgh	458	5800	E	0.09205759893055565	supp
ARREST_shrunk	Edinburgh	458	5900	E	0.0938344193937416	supp
ARREST_shrunk	Edinburgh	458	6000	E	0.09562132373661358	supp
ARREST_shrunk	Edinburgh	458	6100	E	0.09741820078750063	supp
ARREST_shrunk	Edinburgh	458	6200	E	0.09922493941604482	supp
ARREST_shrunk	Edinburgh	458	6300	E	0.10104142854403309	supp
ARREST_shrunk	Edinburgh	458	6400	E	0.10286755715607143	supp
ARREST_shrunk	Edinburgh	458	6500	E	0.10470321431010465	supp
ARREST_shrunk	Edinburgh	458	6600	E	0.1065482891477818	supp
ARREST_shrunk	Edinburgh	458	6700	E	0.10840267090466893	supp
ARREST_shrunk	Edinburgh	458	6800	E	0.11026624892030978	supp
ARREST_shrunk	Edinburgh	458	6900	E	0.11213891264813602	supp
ARREST_shrunk	Edinburgh	458	7000	E	0.11402055166522795	supp
ARREST_shrunk	Edinburgh	458	7100	E	0.1159110556819265	supp
ARREST_shrunk	Edinburgh	458	7200	E	0.11781031455129853	supp
ARREST_shrunk	Edinburgh	458	7300	E	0.11971821827845497	supp
ARREST_shrunk	Edinburgh	458	7400	E	0.1216346570297252	supp
ARREST_shrunk	Edinburgh	458	7500	E	0.12355952114168633	supp
ARREST_shrunk	Edinburgh	458	7600	E	0.12549270113005073	supp
ARREST_shrunk	Edinburgh	458	7700	E	0.1274340876984108	supp
ARREST_shrunk	Edinburgh	458	7800	E	0.12938357174684412	supp
ARREST_shrunk	Edinburgh	458	7900	E	0.13134104438037886	supp
ARREST_shrunk	Edinburgh	458	8000	E	0.13330639691732038	supp
ARREST_shrunk	Edinburgh	458	8100	E	0.1352795208974421	supp
ARREST_shrunk	Edinburgh	458	8200	E	0.1372603080900383	supp
ARREST_shrunk	Edinburgh	458	8300	E	0.13924865050184398	supp
ARREST_shrunk	Edinburgh	458	8400	E	0.1412444403848192	supp
ARREST_shrunk	Edinburgh	458	8500	E	0.14324757024380175	supp
ARREST_shrunk	Edinburgh	458	8600	E	0.1452579328440281	supp
ARREST_shrunk	Edinburgh	458	8700	E	0.14727542121852433	supp
ARREST_shrunk	Edinburgh	458	8800	E	0.14929992867536546	supp
ARREST_shrunk	Edinburgh	458	8900	E	0.15133134880481003	supp
ARREST_shrunk	Edinburgh	458	9000	E	0.15336957548630448	supp
ARREST_shrunk	Edinburgh	458	9100	E	0.15541450289536363	supp
ARREST_shrunk	Edinburgh	458	9200	E	0.15746602551032451	supp
ARREST_shrunk	Edinburgh	458	9300	E	0.15952403811897742	supp
ARREST_shrunk	Edinburgh	458	9400	E	0.16158843582507443	supp
ARREST_shrunk	Edinburgh	458	9500	E	0.16365911405471523	supp
ARREST_shrunk	Edinburgh	458	9600	E	0.16573596856261352	supp
ARREST_shrunk	Edinburgh	458	9700	E	0.1678188954382428	supp
ARREST_shrunk	Edinburgh	458	9800	E	0.1699077911118655	supp
ARREST_shrunk	Edinburgh	458	9900	E	0.17200255236044215	supp
ARREST_shrunk	Edinburgh	458	10000	E	0.17410307631342792	supp
ARREST_shrunk	Edinburgh	458	10100	E	0.1762092604584503	supp
ARREST_shrunk	Edinburgh	458	10200	E	0.17832100264687556	supp
ARREST_shrunk	Edinburgh	458	10300	E	0.18043820109926068	supp
ARREST_shrunk	Edinburgh	458	10400	E	0.1825607544106943	supp
ARREST_shrunk	Edinburgh	458	10500	E	0.1846885615560261	supp
ARREST_shrunk	Edinburgh	458	10600	E	0.18682152189498635	supp
ARREST_shrunk	Edinburgh	458	10700	E	0.18895953517719744	supp
ARREST_shrunk	Edinburgh	458	10800	E	0.19110250154707764	supp
ARREST_shrunk	Edinburgh	458	10900	E	0.1932503215486373	supp
ARREST_shrunk	Edinburgh	458	11000	E	0.19540289613017048	supp
ARREST_shrunk	Edinburgh	458	11100	E	0.1975601266488416	supp
ARREST_shrunk	Edinburgh	458	11200	E	0.19972191487516844	supp
ARREST_shrunk	Edinburgh	458	11300	E	0.2018881629974032	supp
ARREST_shrunk	Edinburgh	458	11400	E	0.20405877362581148	supp
ARREST_shrunk	Edinburgh	458	11500	E	0.20623364979685188	supp
ARREST_shrunk	Edinburgh	458	11600	E	0.20841269497725412	supp
ARREST_shrunk	Edinburgh	458	11700	E	0.21059581306800157	supp
ARREST_shrunk	Edinburgh	458	11800	E	0.21278290840821434	supp
ARREST_shrunk	Edinburgh	458	11900	E	0.21497388577893617	supp
ARREST_shrunk	Edinburgh	458	12000	E	0.21716865040682765	supp
ARREST_shrunk	Edinburgh	458	12100	E	0.21936710796776282	supp
ARREST_shrunk	Edinburgh	458	12200	E	0.22156916459033393	supp
ARREST_shrunk	Edinburgh	458	12300	E	0.22377472685926358	supp
ARREST_shrunk	Edinburgh	458	12400	E	0.2259837018187244	supp
ARREST_shrunk	Edinburgh	458	12500	E	0.22819599697557014	supp
ARREST_shrunk	Edinburgh	458	12600	E	0.2304115203024757	supp
ARREST_shrunk	Edinburgh	458	12700	E	0.23263018024098991	supp
ARREST_shrunk	Edinburgh	458	12800	E	0.23485188570449944	supp
ARREST_shrunk	Edinburgh	458	12900	E	0.23707654608110762	supp
ARREST_shrunk	Edinburgh	458	13000	E	0.23930407123642672	supp
ARREST_shrunk	Edinburgh	458	13100	E	0.24153437151628643	supp
ARREST_shrunk	Edinburgh	458	13200	E	0.24376735774935687	supp
ARREST_shrunk	Edinburgh	458	13300	E	0.24600294124969113	supp
ARREST_shrunk	Edinburgh	458	13400	E	0.24824103381918494	supp
ARREST_shrunk	Edinburgh	458	13500	E	0.25048154774995424	supp
ARREST_shrunk	Edinburgh	458	13600	E	0.2527243958266365	supp
ARREST_shrunk	Edinburgh	458	13700	E	0.254969491328607	supp
ARREST_shrunk	Edinburgh	458	13800	E	0.257216748032124	supp
ARREST_shrunk	Edinburgh	458	13900	E	0.2594660802123899	supp
ARREST_shrunk	Edinburgh	458	14000	E	0.261717402645542	supp
ARREST_shrunk	Edinburgh	458	14100	E	0.2639706306105636	supp
ARREST_shrunk	Edinburgh	458	14200	E	0.26622567989112267	supp
ARREST_shrunk	Edinburgh	458	14300	E	0.2684824667773362	supp
ARREST_shrunk	Edinburgh	458	14400	E	0.270740908067462	supp
ARREST_shrunk	Edinburgh	458	14500	E	0.2730009210695181	supp
ARREST_shrunk	Edinburgh	458	14600	E	0.2752624236028325	supp
ARREST_shrunk	Edinburgh	458	14700	E	0.27752533399952106	supp
ARREST_shrunk	Edinburgh	458	14800	E	0.2797895711058971	supp
ARREST_shrunk	Edinburgh	458	14900	E	0.2820550542838123	supp
ARREST_shrunk	Edinburgh	458	15000	E	0.2843217034119302	supp
ARREST_shrunk	Edinburgh	458	15100	E	0.28658943888693267	supp
ARREST_shrunk	Edinburgh	458	15200	E	0.2888581816246609	supp
ARREST_shrunk	Edinburgh	458	15300	E	0.2911278530611905	supp
ARREST_shrunk	Edinburgh	458	15400	E	0.2933983751538436	supp
ARREST_shrunk	Edinburgh	458	15500	E	0.2956696703821362	supp
ARREST_shrunk	Edinburgh	458	15600	E	0.29794166174866377	supp
ARREST_shrunk	Edinburgh	458	15700	E	0.3002142727799253	supp
ARREST_shrunk	Edinburgh	458	15800	E	0.3024874275270848	supp
ARREST_shrunk	Edinburgh	458	15900	E	0.304761050566675	supp
ARREST_shrunk	Edinburgh	458	16000	E	0.30703506700123895	supp
ARREST_shrunk	Edinburgh	458	16100	E	0.30930940245991567	supp
ARREST_shrunk	Edinburgh	458	16200	E	0.31158398309896607	supp
ARREST_shrunk	Edinburgh	458	16300	E	0.3138587356022423	supp
ARREST_shrunk	Edinburgh	458	16400	E	0.3161335871816011	supp
ARREST_shrunk	Edinburgh	458	16500	E	0.31840846557726166	supp
ARREST_shrunk	Edinburgh	458	16600	E	0.3206832990581089	supp
ARREST_shrunk	Edinburgh	458	16700	E	0.3229580164219412	supp
ARREST_shrunk	Edinburgh	458	16800	E	0.3252325469956675	supp
ARREST_shrunk	Edinburgh	458	16900	E	0.32750682063544945	supp
ARREST_shrunk	Edinburgh	458	17000	E	0.3297807677267931	supp
ARREST_shrunk	Edinburgh	458	17100	E	0.33205431918458994	supp
ARREST_shrunk	Edinburgh	458	17200	E	0.33432740645310544	supp
ARREST_shrunk	Edinburgh	458	17300	E	0.3365999615059213	supp
ARREST_shrunk	Edinburgh	458	17400	E	0.33887191684582574	supp
ARREST_shrunk	Edinburgh	458	17500	E	0.3411432055046568	supp
ARREST_shrunk	Edinburgh	458	17600	E	0.3434137610430996	supp
ARREST_shrunk	Edinburgh	458	17700	E	0.3456835175504346	supp
ARREST_shrunk	Edinburgh	458	17800	E	0.34795240964423957	supp
ARREST_shrunk	Edinburgh	458	17900	E	0.3502203724700498	supp
ARREST_shrunk	Edinburgh	458	18000	E	0.3524873417009696	supp
ARREST_shrunk	Edinburgh	458	18100	E	0.35475325353724096	supp
ARREST_shrunk	Edinburgh	458	18200	E	0.3570180447057697	supp
ARREST_shrunk	Edinburgh	458	18300	E	0.35928165245960886	supp
ARREST_shrunk	Edinburgh	458	18400	E	0.36154401457739804	supp
ARREST_shrunk	Edinburgh	458	18500	E	0.36380506936276535	supp
ARREST_shrunk	Edinburgh	458	18600	E	0.36606475564368357	supp
ARREST_shrunk	Edinburgh	458	18700	E	0.3683230127717908	supp
ARREST_shrunk	Edinburgh	458	18800	E	0.3705797806216681	supp
ARREST_shrunk	Edinburgh	458	18900	E	0.3728349995900816	supp
ARREST_shrunk	Edinburgh	458	19000	E	0.3750886105951834	supp
ARREST_shrunk	Edinburgh	458	19100	E	0.377340555075676	supp
ARREST_shrunk	Edinburgh	458	19200	E	0.3795907749899422	supp
ARREST_shrunk	Edinburgh	458	19300	E	0.381839212815134	supp
ARREST_shrunk	Edinburgh	458	19400	E	0.3840858115462287	supp
ARREST_shrunk	Edinburgh	458	19500	E	0.38633051469505064	supp
ARREST_shrunk	Edinburgh	458	19600	E	0.38857326628925637	supp
ARREST_shrunk	Edinburgh	458	19700	E	0.39081401087128564	supp
ARREST_shrunk	Edinburgh	458	19800	E	0.3930526934972819	supp
ARREST_shrunk	Edinburgh	458	19900	E	0.39528925973597695	supp
ARREST_shrunk	Edinburgh	458	20000	E	0.39752365566754444	supp
ARREST_shrunk	Edinburgh 2	463	100	E	0.010693301745251182	supp
ARREST_shrunk	Edinburgh 2	463	200	E	0.011394305902949542	supp
ARREST_shrunk	Edinburgh 2	463	300	E	0.012102983311386262	supp
ARREST_shrunk	Edinburgh 2	463	400	E	0.012819304603798543	supp
ARREST_shrunk	Edinburgh 2	463	500	E	0.013543240211784102	supp
ARREST_shrunk	Edinburgh 2	463	600	E	0.014274760368691686	supp
ARREST_shrunk	Edinburgh 2	463	700	E	0.015013835112989149	supp
ARREST_shrunk	Edinburgh 2	463	800	E	0.01576043429160867	supp
ARREST_shrunk	Edinburgh 2	463	900	E	0.01651452756326932	supp
ARREST_shrunk	Edinburgh 2	463	1000	E	0.01727608440177708	supp
ARREST_shrunk	Edinburgh 2	463	1100	E	0.01804507409930256	supp
ARREST_shrunk	Edinburgh 2	463	1200	E	0.018821465769635837	supp
ARREST_shrunk	Edinburgh 2	463	1300	E	0.019605228351418424	supp
ARREST_shrunk	Edinburgh 2	463	1400	E	0.020396330611354152	supp
ARREST_shrunk	Edinburgh 2	463	1500	E	0.02119474114739628	supp
ARREST_shrunk	Edinburgh 2	463	1600	E	0.022000428391912963	supp
ARREST_shrunk	Edinburgh 2	463	1700	E	0.022813360614830636	supp
ARREST_shrunk	Edinburgh 2	463	1800	E	0.023633505926754395	supp
ARREST_shrunk	Edinburgh 2	463	1900	E	0.024460832282066747	supp
ARREST_shrunk	Edinburgh 2	463	2000	E	0.025295307482004925	supp
ARREST_shrunk	Edinburgh 2	463	2100	E	0.026136899177714557	supp
ARREST_shrunk	Edinburgh 2	463	2200	E	0.02698557487328246	supp
ARREST_shrunk	Edinburgh 2	463	2300	E	0.027841301928747342	supp
ARREST_shrunk	Edinburgh 2	463	2400	E	0.02870404756308853	supp
ARREST_shrunk	Edinburgh 2	463	2500	E	0.0295737788571927	supp
ARREST_shrunk	Edinburgh 2	463	2600	E	0.0304504627567993	supp
ARREST_shrunk	Edinburgh 2	463	2700	E	0.031334066075423106	supp
ARREST_shrunk	Edinburgh 2	463	2800	E	0.032224555497257223	supp
ARREST_shrunk	Edinburgh 2	463	2900	E	0.033121897580051796	supp
ARREST_shrunk	Edinburgh 2	463	3000	E	0.034026058757974154	supp
ARREST_shrunk	Edinburgh 2	463	3100	E	0.03493700534444444	supp
ARREST_shrunk	Edinburgh 2	463	3200	E	0.03585470353495257	supp
ARREST_shrunk	Edinburgh 2	463	3300	E	0.036779119409852123	supp
ARREST_shrunk	Edinburgh 2	463	3400	E	0.037710218937133444	supp
ARREST_shrunk	Edinburgh 2	463	3500	E	0.038647967975175224	supp
ARREST_shrunk	Edinburgh 2	463	3600	E	0.03959233227547654	supp
ARREST_shrunk	Edinburgh 2	463	3700	E	0.04054327748536468	supp
ARREST_shrunk	Edinburgh 2	463	3800	E	0.04150076915068579	supp
ARREST_shrunk	Edinburgh 2	463	3900	E	0.04246477271847082	supp
ARREST_shrunk	Edinburgh 2	463	4000	E	0.04343525353958355	supp
ARREST_shrunk	Edinburgh 2	463	4100	E	0.044412176871346354	supp
ARREST_shrunk	Edinburgh 2	463	4200	E	0.045395507880145236	supp
ARREST_shrunk	Edinburgh 2	463	4300	E	0.046385211644014546	supp
ARREST_shrunk	Edinburgh 2	463	4400	E	0.047381253155201475	supp
ARREST_shrunk	Edinburgh 2	463	4500	E	0.048383597322708694	supp
ARREST_shrunk	Edinburgh 2	463	4600	E	0.04939220897481811	supp
ARREST_shrunk	Edinburgh 2	463	4700	E	0.05040705286159319	supp
ARREST_shrunk	Edinburgh 2	463	4800	E	0.05142809365736145	supp
ARREST_shrunk	Edinburgh 2	463	4900	E	0.05245529596317633	supp
ARREST_shrunk	Edinburgh 2	463	5000	E	0.053488624309258936	supp
ARREST_shrunk	Edinburgh 2	463	5100	E	0.05452804315742066	supp
ARREST_shrunk	Edinburgh 2	463	5200	E	0.055573516903463904	supp
ARREST_shrunk	Edinburgh 2	463	5300	E	0.05662500987956465	supp
ARREST_shrunk	Edinburgh 2	463	5400	E	0.05768248635663431	supp
ARREST_shrunk	Edinburgh 2	463	5500	E	0.05874591054666112	supp
ARREST_shrunk	Edinburgh 2	463	5600	E	0.0598152466050339	supp
ARREST_shrunk	Edinburgh 2	463	5700	E	0.06089045863284359	supp
ARREST_shrunk	Edinburgh 2	463	5800	E	0.061971510679167174	supp
ARREST_shrunk	Edinburgh 2	463	5900	E	0.0630583667433311	supp
ARREST_shrunk	Edinburgh 2	463	6000	E	0.06415099077715547	supp
ARREST_shrunk	Edinburgh 2	463	6100	E	0.0652493466871793	supp
ARREST_shrunk	Edinburgh 2	463	6200	E	0.06635339833686582	supp
ARREST_shrunk	Edinburgh 2	463	6300	E	0.06746310954878909	supp
ARREST_shrunk	Edinburgh 2	463	6400	E	0.06857844410680136	supp
ARREST_shrunk	Edinburgh 2	463	6500	E	0.06969936575818125	supp
ARREST_shrunk	Edinburgh 2	463	6600	E	0.0708258382157636	supp
ARREST_shrunk	Edinburgh 2	463	6700	E	0.07195782516004945	supp
ARREST_shrunk	Edinburgh 2	463	6800	E	0.07309529024129746	supp
ARREST_shrunk	Edinburgh 2	463	6900	E	0.07423819708159796	supp
ARREST_shrunk	Edinburgh 2	463	7000	E	0.07538650927692625	supp
ARREST_shrunk	Edinburgh 2	463	7100	E	0.07654019039917892	supp
ARREST_shrunk	Edinburgh 2	463	7200	E	0.07769920399819086	supp
ARREST_shrunk	Edinburgh 2	463	7300	E	0.07886351360373423	supp
ARREST_shrunk	Edinburgh 2	463	7400	E	0.08003308272749943	supp
ARREST_shrunk	Edinburgh 2	463	7500	E	0.08120787486505676	supp
ARREST_shrunk	Edinburgh 2	463	7600	E	0.08238785349780131	supp
ARREST_shrunk	Edinburgh 2	463	7700	E	0.0835729820948784	supp
ARREST_shrunk	Edinburgh 2	463	7800	E	0.0847632241150924	supp
ARREST_shrunk	Edinburgh 2	463	7900	E	0.08595854300879635	supp
ARREST_shrunk	Edinburgh 2	463	8000	E	0.08715890221976463	supp
ARREST_shrunk	Edinburgh 2	463	8100	E	0.08836426518704787	supp
ARREST_shrunk	Edinburgh 2	463	8200	E	0.08957459534680923	supp
ARREST_shrunk	Edinburgh 2	463	8300	E	0.09078985613414425	supp
ARREST_shrunk	Edinburgh 2	463	8400	E	0.09201001098488326	supp
ARREST_shrunk	Edinburgh 2	463	8500	E	0.09323502333737455	supp
ARREST_shrunk	Edinburgh 2	463	8600	E	0.09446485663425253	supp
ARREST_shrunk	Edinburgh 2	463	8700	E	0.09569947432418735	supp
ARREST_shrunk	Edinburgh 2	463	8800	E	0.09693883986361795	supp
ARREST_shrunk	Edinburgh 2	463	8900	E	0.09818291671846668	supp
ARREST_shrunk	Edinburgh 2	463	9000	E	0.09943166836583928	supp
ARREST_shrunk	Edinburgh 2	463	9100	E	0.10068505829570562	supp
ARREST_shrunk	Edinburgh 2	463	9200	E	0.10194305001256476	supp
ARREST_shrunk	Edinburgh 2	463	9300	E	0.1032056070370937	supp
ARREST_shrunk	Edinburgh 2	463	9400	E	0.10447269290777794	supp
ARREST_shrunk	Edinburgh 2	463	9500	E	0.10574427118252672	supp
ARREST_shrunk	Edinburgh 2	463	9600	E	0.10702030544027186	supp
ARREST_shrunk	Edinburgh 2	463	9700	E	0.10830075928254879	supp
ARREST_shrunk	Edinburgh 2	463	9800	E	0.10958559633506304	supp
ARREST_shrunk	Edinburgh 2	463	9900	E	0.11087478024923914	supp
ARREST_shrunk	Edinburgh 2	463	10000	E	0.11216827470375379	supp
ARREST_shrunk	Edinburgh 2	463	10100	E	0.11346604340605326	supp
ARREST_shrunk	Edinburgh 2	463	10200	E	0.11476805009385438	supp
ARREST_shrunk	Edinburgh 2	463	10300	E	0.11607425853662945	supp
ARREST_shrunk	Edinburgh 2	463	10400	E	0.11738463253707632	supp
ARREST_shrunk	Edinburgh 2	463	10500	E	0.11869913593257109	supp
ARREST_shrunk	Edinburgh 2	463	10600	E	0.12001773259660686	supp
ARREST_shrunk	Edinburgh 2	463	10700	E	0.12134038644021583	supp
ARREST_shrunk	Edinburgh 2	463	10800	E	0.12266706141337602	supp
ARREST_shrunk	Edinburgh 2	463	10900	E	0.1239977215064032	supp
ARREST_shrunk	Edinburgh 2	463	11000	E	0.12533233075132633	supp
ARREST_shrunk	Edinburgh 2	463	11100	E	0.126670853223249	supp
ARREST_shrunk	Edinburgh 2	463	11200	E	0.1280132530416953	supp
ARREST_shrunk	Edinburgh 2	463	11300	E	0.12935949437193983	supp
ARREST_shrunk	Edinburgh 2	463	11400	E	0.13070954142632407	supp
ARREST_shrunk	Edinburgh 2	463	11500	E	0.13206335846555695	supp
ARREST_shrunk	Edinburgh 2	463	11600	E	0.13342090980000032	supp
ARREST_shrunk	Edinburgh 2	463	11700	E	0.134782159790941	supp
ARREST_shrunk	Edinburgh 2	463	11800	E	0.13614707285184613	supp
ARREST_shrunk	Edinburgh 2	463	11900	E	0.13751561344960672	supp
ARREST_shrunk	Edinburgh 2	463	12000	E	0.1388877461057635	supp
ARREST_shrunk	Edinburgh 2	463	12100	E	0.14026343539772135	supp
ARREST_shrunk	Edinburgh 2	463	12200	E	0.14164264595994724	supp
ARREST_shrunk	Edinburgh 2	463	12300	E	0.14302534248515475	supp
ARREST_shrunk	Edinburgh 2	463	12400	E	0.1444114897254748	supp
ARREST_shrunk	Edinburgh 2	463	12500	E	0.14580105249361164	supp
ARREST_shrunk	Edinburgh 2	463	12600	E	0.1471939956639854	supp
ARREST_shrunk	Edinburgh 2	463	12700	E	0.14859028417385967	supp
ARREST_shrunk	Edinburgh 2	463	12800	E	0.1499898830244577	supp
ARREST_shrunk	Edinburgh 2	463	12900	E	0.15139275728206103	supp
ARREST_shrunk	Edinburgh 2	463	13000	E	0.15279887207909815	supp
ARREST_shrunk	Edinburgh 2	463	13100	E	0.154208192615218	supp
ARREST_shrunk	Edinburgh 2	463	13200	E	0.15562068415834907	supp
ARREST_shrunk	Edinburgh 2	463	13300	E	0.15703631204574686	supp
ARREST_shrunk	Edinburgh 2	463	13400	E	0.15845504168502722	supp
ARREST_shrunk	Edinburgh 2	463	13500	E	0.15987683855518575	supp
ARREST_shrunk	Edinburgh 2	463	13600	E	0.16130166820760505	supp
ARREST_shrunk	Edinburgh 2	463	13700	E	0.1627294962670488	supp
ARREST_shrunk	Edinburgh 2	463	13800	E	0.16416028843264252	supp
ARREST_shrunk	Edinburgh 2	463	13900	E	0.1655940104788406	supp
ARREST_shrunk	Edinburgh 2	463	14000	E	0.16703062825638226	supp
ARREST_shrunk	Edinburgh 2	463	14100	E	0.16847010769323356	supp
ARREST_shrunk	Edinburgh 2	463	14200	E	0.169912414795517	supp
ARREST_shrunk	Edinburgh 2	463	14300	E	0.17135751564842794	supp
ARREST_shrunk	Edinburgh 2	463	14400	E	0.1728053764171401	supp
ARREST_shrunk	Edinburgh 2	463	14500	E	0.17425596334769677	supp
ARREST_shrunk	Edinburgh 2	463	14600	E	0.17570924276789057	supp
ARREST_shrunk	Edinburgh 2	463	14700	E	0.17716518108813095	supp
ARREST_shrunk	Edinburgh 2	463	14800	E	0.17862374480229937	supp
ARREST_shrunk	Edinburgh 2	463	14900	E	0.18008490048859283	supp
ARREST_shrunk	Edinburgh 2	463	15000	E	0.18154861481035345	supp
ARREST_shrunk	Edinburgh 2	463	15100	E	0.18301485451688937	supp
ARREST_shrunk	Edinburgh 2	463	15200	E	0.18448358644428053	supp
ARREST_shrunk	Edinburgh 2	463	15300	E	0.1859547775161745	supp
ARREST_shrunk	Edinburgh 2	463	15400	E	0.1874283947445703	supp
ARREST_shrunk	Edinburgh 2	463	15500	E	0.18890440523058993	supp
ARREST_shrunk	Edinburgh 2	463	15600	E	0.19038277616523946	supp
ARREST_shrunk	Edinburgh 2	463	15700	E	0.1918634748301573	supp
ARREST_shrunk	Edinburgh 2	463	15800	E	0.19334646859835203	supp
ARREST_shrunk	Edinburgh 2	463	15900	E	0.1948317249349284	supp
ARREST_shrunk	Edinburgh 2	463	16000	E	0.19631921139780273	supp
ARREST_shrunk	Edinburgh 2	463	16100	E	0.19780889563840587	supp
ARREST_shrunk	Edinburgh 2	463	16200	E	0.19930074540237652	supp
ARREST_shrunk	Edinburgh 2	463	16300	E	0.20079472853024283	supp
ARREST_shrunk	Edinburgh 2	463	16400	E	0.20229081295809226	supp
ARREST_shrunk	Edinburgh 2	463	16500	E	0.20378896671823243	supp
ARREST_shrunk	Edinburgh 2	463	16600	E	0.20528915793983948	supp
ARREST_shrunk	Edinburgh 2	463	16700	E	0.20679135484959654	supp
ARREST_shrunk	Edinburgh 2	463	16800	E	0.20829552577232113	supp
ARREST_shrunk	Edinburgh 2	463	16900	E	0.20980163913158256	supp
ARREST_shrunk	Edinburgh 2	463	17000	E	0.21130966345030833	supp
ARREST_shrunk	Edinburgh 2	463	17100	E	0.2128195673513804	supp
ARREST_shrunk	Edinburgh 2	463	17200	E	0.21433131955822093	supp
ARREST_shrunk	Edinburgh 2	463	17300	E	0.21584488889536713	supp
ARREST_shrunk	Edinburgh 2	463	17400	E	0.21736024428903822	supp
ARREST_shrunk	Edinburgh 2	463	17500	E	0.2188773547676891	supp
ARREST_shrunk	Edinburgh 2	463	17600	E	0.22039618946255568	supp
ARREST_shrunk	Edinburgh 2	463	17700	E	0.22191671760819176	supp
ARREST_shrunk	Edinburgh 2	463	17800	E	0.22343890854299153	supp
ARREST_shrunk	Edinburgh 2	463	17900	E	0.22496273170970782	supp
ARREST_shrunk	Edinburgh 2	463	18000	E	0.22648815665595579	supp
ARREST_shrunk	Edinburgh 2	463	18100	E	0.2280151530347102	supp
ARREST_shrunk	Edinburgh 2	463	18200	E	0.22954369060479074	supp
ARREST_shrunk	Edinburgh 2	463	18300	E	0.23107373923134034	supp
ARREST_shrunk	Edinburgh 2	463	18400	E	0.2326052688862914	supp
ARREST_shrunk	Edinburgh 2	463	18500	E	0.23413824964882435	supp
ARREST_shrunk	Edinburgh 2	463	18600	E	0.23567265170581597	supp
ARREST_shrunk	Edinburgh 2	463	18700	E	0.23720844535227958	supp
ARREST_shrunk	Edinburgh 2	463	18800	E	0.23874560099179432	supp
ARREST_shrunk	Edinburgh 2	463	18900	E	0.24028408913692756	supp
ARREST_shrunk	Edinburgh 2	463	19000	E	0.24182388040964575	supp
ARREST_shrunk	Edinburgh 2	463	19100	E	0.24336494554171872	supp
ARREST_shrunk	Edinburgh 2	463	19200	E	0.2449072553751127	supp
ARREST_shrunk	Edinburgh 2	463	19300	E	0.24645078086237704	supp
ARREST_shrunk	Edinburgh 2	463	19400	E	0.24799549306702073	supp
ARREST_shrunk	Edinburgh 2	463	19500	E	0.24954136316387876	supp
ARREST_shrunk	Edinburgh 2	463	19600	E	0.25108836243947386	supp
ARREST_shrunk	Edinburgh 2	463	19700	E	0.2526364622923657	supp
ARREST_shrunk	Edinburgh 2	463	19800	E	0.2541856342334934	supp
ARREST_shrunk	Edinburgh 2	463	19900	E	0.25573584988651044	supp
ARREST_shrunk	Edinburgh 2	463	20000	E	0.25728708098810915	supp
ARREST_shrunk	IDISA	490	100	E	0.014206586252859643	supp
ARREST_shrunk	IDISA	490	200	E	0.01867687185029865	supp
ARREST_shrunk	IDISA	490	300	E	0.023404553511212622	supp
ARREST_shrunk	IDISA	490	400	E	0.02838311770930757	supp
ARREST_shrunk	IDISA	490	500	E	0.0336058632417654	supp
ARREST_shrunk	IDISA	490	600	E	0.039065922860322844	supp
ARREST_shrunk	IDISA	490	700	E	0.04475628397910425	supp
ARREST_shrunk	IDISA	490	800	E	0.05066980847462288	supp
ARREST_shrunk	IDISA	490	900	E	0.056799251594337186	supp
ARREST_shrunk	IDISA	490	1000	E	0.06313727999099206	supp
ARREST_shrunk	IDISA	490	1100	E	0.06967648890073586	supp
ARREST_shrunk	IDISA	490	1200	E	0.07640941848364935	supp
ARREST_shrunk	IDISA	490	1300	E	0.08332856934588806	supp
ARREST_shrunk	IDISA	490	1400	E	0.09042641726311962	supp
ARREST_shrunk	IDISA	490	1500	E	0.09769542712532653	supp
ARREST_shrunk	IDISA	490	1600	E	0.10512806612337644	supp
ARREST_shrunk	IDISA	490	1700	E	0.11271681619800455	supp
ARREST_shrunk	IDISA	490	1800	E	0.12045418577205003	supp
ARREST_shrunk	IDISA	490	1900	E	0.1283327207869034	supp
ARREST_shrunk	IDISA	490	2000	E	0.13634501506420404	supp
ARREST_shrunk	IDISA	490	2100	E	0.14448372001383492	supp
ARREST_shrunk	IDISA	490	2200	E	0.15274155370923737	supp
ARREST_shrunk	IDISA	490	2300	E	0.16111130935099327	supp
ARREST_shrunk	IDISA	490	2400	E	0.16958586313950308	supp
ARREST_shrunk	IDISA	490	2500	E	0.17815818157744	supp
ARREST_shrunk	IDISA	490	2600	E	0.18682132822246666	supp
ARREST_shrunk	IDISA	490	2700	E	0.19556846991048693	supp
ARREST_shrunk	IDISA	490	2800	E	0.20439288246945386	supp
ARREST_shrunk	IDISA	490	2900	E	0.21328795594348127	supp
ARREST_shrunk	IDISA	490	3000	E	0.2222471993467109	supp
ARREST_shrunk	IDISA	490	3100	E	0.23126424496606823	supp
ARREST_shrunk	IDISA	490	3200	E	0.24033285223169853	supp
ARREST_shrunk	IDISA	490	3300	E	0.24944691117353046	supp
ARREST_shrunk	IDISA	490	3400	E	0.2586004454820353	supp
ARREST_shrunk	IDISA	490	3500	E	0.2677876151908789	supp
ARREST_shrunk	IDISA	490	3600	E	0.2770027189987634	supp
ARREST_shrunk	IDISA	490	3700	E	0.2862401962473595	supp
ARREST_shrunk	IDISA	490	3800	E	0.2954946285718222	supp
ARREST_shrunk	IDISA	490	3900	E	0.3047607412399622	supp
ARREST_shrunk	IDISA	490	4000	E	0.31403340419572956	supp
ARREST_shrunk	IDISA	490	4100	E	0.32330763282224406	supp
ARREST_shrunk	IDISA	490	4200	E	0.33257858843917654	supp
ARREST_shrunk	IDISA	490	4300	E	0.34184157854885877	supp
ARREST_shrunk	IDISA	490	4400	E	0.3510920568450757	supp
ARREST_shrunk	IDISA	490	4500	E	0.36032562299806314	supp
ARREST_shrunk	IDISA	490	4600	E	0.3695380222288077	supp
ARREST_shrunk	IDISA	490	4700	E	0.37872514468532514	supp
ARREST_shrunk	IDISA	490	4800	E	0.3878830246331755	supp
ARREST_shrunk	IDISA	490	4900	E	0.3970078394720451	supp
ARREST_shrunk	IDISA	490	5000	E	0.40609590858983025	supp
ARREST_shrunk	IDISA	490	5100	E	0.4151436920652347	supp
ARREST_shrunk	IDISA	490	5200	E	0.4241477892295019	supp
ARREST_shrunk	IDISA	490	5300	E	0.4331049370974973	supp
ARREST_shrunk	IDISA	490	5400	E	0.4420120086779751	supp
ARREST_shrunk	IDISA	490	5500	E	0.4508660111724777	supp
ARREST_shrunk	IDISA	490	5600	E	0.4596640840719286	supp
ARREST_shrunk	IDISA	490	5700	E	0.46840349715963436	supp
ARREST_shrunk	IDISA	490	5800	E	0.477081648429022	supp
ARREST_shrunk	IDISA	490	5900	E	0.4856960619241064	supp
ARREST_shrunk	IDISA	490	6000	E	0.4942443855103207	supp
ARREST_shrunk	IDISA	490	6100	E	0.5027243885830159	supp
ARREST_shrunk	IDISA	490	6200	E	0.5111339597205964	supp
ARREST_shrunk	IDISA	490	6300	E	0.5194711042889437	supp
ARREST_shrunk	IDISA	490	6400	E	0.5277339420034663	supp
ARREST_shrunk	IDISA	490	6500	E	0.5359207044547978	supp
ARREST_shrunk	IDISA	490	6600	E	0.5440297326038923	supp
ARREST_shrunk	IDISA	490	6700	E	0.5520594742519495	supp
ARREST_shrunk	IDISA	490	6800	E	0.5600084814903437	supp
ARREST_shrunk	IDISA	490	6900	E	0.5678754081354526	supp
ARREST_shrunk	IDISA	490	7000	E	0.5756590071530119	supp
ARREST_shrunk	IDISA	490	7100	E	0.5833581280763829	supp
ARREST_shrunk	IDISA	490	7200	E	0.5909717144228529	supp
ARREST_shrunk	IDISA	490	7300	E	0.5984988011118735	supp
ARREST_shrunk	IDISA	490	7400	E	0.6059385118888898	supp
ARREST_shrunk	IDISA	490	7500	E	0.6132900567582067	supp
ARREST_shrunk	IDISA	490	7600	E	0.6205527294281158	supp
ARREST_shrunk	IDISA	490	7700	E	0.6277259047713029	supp
ARREST_shrunk	IDISA	490	7800	E	0.6348090363033587	supp
ARREST_shrunk	IDISA	490	7900	E	0.6418016536820177	supp
ARREST_shrunk	IDISA	490	8000	E	0.6487033602295734	supp
ARREST_shrunk	IDISA	490	8100	E	0.6555138304807349	supp
ARREST_shrunk	IDISA	490	8200	E	0.6622328077580246	supp
ARREST_shrunk	IDISA	490	8300	E	0.6688601017766516	supp
ARREST_shrunk	IDISA	490	8400	E	0.6753955862806361	supp
ARREST_shrunk	IDISA	490	8500	E	0.6818391967118183	supp
ARREST_shrunk	IDISA	490	8600	E	0.6881909279132326	supp
ARREST_shrunk	IDISA	490	8700	E	0.6944508318681987	supp
ARREST_shrunk	IDISA	490	8800	E	0.7006190154763462	supp
ARREST_shrunk	IDISA	490	8900	E	0.7066956383676635	supp
ARREST_shrunk	IDISA	490	9000	E	0.7126809107555471	supp
ARREST_shrunk	IDISA	490	9100	E	0.7185750913297113	supp
ARREST_shrunk	IDISA	490	9200	E	0.7243784851897078	supp
ARREST_shrunk	IDISA	490	9300	E	0.7300914418197051	supp
ARREST_shrunk	IDISA	490	9400	E	0.7357143531050845	supp
ARREST_shrunk	IDISA	490	9500	E	0.7412476513913022	supp
ARREST_shrunk	IDISA	490	9600	E	0.7466918075853992	supp
ARREST_shrunk	IDISA	490	9700	E	0.7520473293004389	supp
ARREST_shrunk	IDISA	490	9800	E	0.7573147590430901	supp
ARREST_shrunk	IDISA	490	9900	E	0.7624946724444825	supp
ARREST_shrunk	IDISA	490	10000	E	0.7675876765344088	supp
ARREST_shrunk	IDISA	490	10100	E	0.7725944080588671	supp
ARREST_shrunk	IDISA	490	10200	E	0.7775155318408858	supp
ARREST_shrunk	IDISA	490	10300	E	0.7823517391845058	supp
ARREST_shrunk	IDISA	490	10400	E	0.7871037463217525	supp
ARREST_shrunk	IDISA	490	10500	E	0.7917722929023645	supp
ARREST_shrunk	IDISA	490	10600	E	0.7963581405260095	supp
ARREST_shrunk	IDISA	490	10700	E	0.8008620713166701	supp
ARREST_shrunk	IDISA	490	10800	E	0.8052848865388377	supp
ARREST_shrunk	IDISA	490	10900	E	0.8096274052551199	supp
ARREST_shrunk	IDISA	490	11000	E	0.8138904630248249	supp
ARREST_shrunk	IDISA	490	11100	E	0.8180749106430645	supp
ARREST_shrunk	IDISA	490	11200	E	0.8221816129198681	supp
ARREST_shrunk	IDISA	490	11300	E	0.8262114474987994	supp
ARREST_shrunk	IDISA	490	11400	E	0.830165303714514	supp
ARREST_shrunk	IDISA	490	11500	E	0.8340440814886947	supp
ARREST_shrunk	IDISA	490	11600	E	0.8378486902637702	supp
ARREST_shrunk	IDISA	490	11700	E	0.8415800479738051	supp
ARREST_shrunk	IDISA	490	11800	E	0.8452390800519384	supp
ARREST_shrunk	IDISA	490	11900	E	0.8488267184737216	supp
ARREST_shrunk	IDISA	490	12000	E	0.852343900835709	supp
ARREST_shrunk	IDISA	490	12100	E	0.8557915694686291	supp
ARREST_shrunk	IDISA	490	12200	E	0.8591706705844631	supp
ARREST_shrunk	IDISA	490	12300	E	0.8624821534567457	supp
ARREST_shrunk	IDISA	490	12400	E	0.8657269696334015	supp
ARREST_shrunk	IDISA	490	12500	E	0.8689060721814139	supp
ARREST_shrunk	IDISA	490	12600	E	0.8720204149626356	supp
ARREST_shrunk	IDISA	490	12700	E	0.875070951940031	supp
ARREST_shrunk	IDISA	490	12800	E	0.8780586365136523	supp
ARREST_shrunk	IDISA	490	12900	E	0.8809844208856406	supp
ARREST_shrunk	IDISA	490	13000	E	0.8838492554535494	supp
ARREST_shrunk	IDISA	490	13100	E	0.8866540882312922	supp
ARREST_shrunk	IDISA	490	13200	E	0.8893998642970067	supp
ARREST_shrunk	IDISA	490	13300	E	0.8920875252671445	supp
ARREST_shrunk	IDISA	490	13400	E	0.894718008796094	supp
ARREST_shrunk	IDISA	490	13500	E	0.8972922481006442	supp
ARREST_shrunk	IDISA	490	13600	E	0.8998111715086118	supp
ARREST_shrunk	IDISA	490	13700	E	0.9022757020309518	supp
ARREST_shrunk	IDISA	490	13800	E	0.9046867569566838	supp
ARREST_shrunk	IDISA	490	13900	E	0.9070452474699721	supp
ARREST_shrunk	IDISA	490	14000	E	0.9093520782887019	supp
ARREST_shrunk	IDISA	490	14100	E	0.9116081473239093	supp
ARREST_shrunk	IDISA	490	14200	E	0.9138143453594224	supp
ARREST_shrunk	IDISA	490	14300	E	0.9159715557510892	supp
ARREST_shrunk	IDISA	490	14400	E	0.9180806541449692	supp
ARREST_shrunk	IDISA	490	14500	E	0.9201425082138789	supp
ARREST_shrunk	IDISA	490	14600	E	0.922157977411693	supp
ARREST_shrunk	IDISA	490	14700	E	0.9241279127448094	supp
ARREST_shrunk	IDISA	490	14800	E	0.926053156560198	supp
ARREST_shrunk	IDISA	490	14900	E	0.9279345423494659	supp
ARREST_shrunk	IDISA	490	15000	E	0.9297728945683776	supp
ARREST_shrunk	IDISA	490	15100	E	0.9315690284712873	supp
ARREST_shrunk	IDISA	490	15200	E	0.9333237499599387	supp
ARREST_shrunk	IDISA	490	15300	E	0.9350378554461158	supp
ARREST_shrunk	IDISA	490	15400	E	0.936712131727623	supp
ARREST_shrunk	IDISA	490	15500	E	0.9383473558770936	supp
ARREST_shrunk	IDISA	490	15600	E	0.9399442951431363	supp
ARREST_shrunk	IDISA	490	15700	E	0.9415037068633342	supp
ARREST_shrunk	IDISA	490	15800	E	0.9430263383886305	supp
ARREST_shrunk	IDISA	490	15900	E	0.9445129270186404	supp
ARREST_shrunk	IDISA	490	16000	E	0.9459641999474417	supp
ARREST_shrunk	IDISA	490	16100	E	0.9473808742194076	supp
ARREST_shrunk	IDISA	490	16200	E	0.9487636566946575	supp
ARREST_shrunk	IDISA	490	16300	E	0.9501132440237084	supp
ARREST_shrunk	IDISA	490	16400	E	0.9514303226309286	supp
ARREST_shrunk	IDISA	490	16500	E	0.9527155687063936	supp
ARREST_shrunk	IDISA	490	16600	E	0.9539696482057709	supp
ARREST_shrunk	IDISA	490	16700	E	0.9551932168578525	supp
ARREST_shrunk	IDISA	490	16800	E	0.9563869201793843	supp
ARREST_shrunk	IDISA	490	16900	E	0.9575513934968325	supp
ARREST_shrunk	IDISA	490	17000	E	0.9586872619747533	supp
ARREST_shrunk	IDISA	490	17100	E	0.9597951406504315	supp
ARREST_shrunk	IDISA	490	17200	E	0.9608756344744699	supp
ARREST_shrunk	IDISA	490	17300	E	0.9619293383570168	supp
ARREST_shrunk	IDISA	490	17400	E	0.9629568372193327	supp
ARREST_shrunk	IDISA	490	17500	E	0.9639587060504029	supp
ARREST_shrunk	IDISA	490	17600	E	0.9649355099683143	supp
ARREST_shrunk	IDISA	490	17700	E	0.9658878042861238	supp
ARREST_shrunk	IDISA	490	17800	E	0.9668161345819524	supp
ARREST_shrunk	IDISA	490	17900	E	0.9677210367730524	supp
ARREST_shrunk	IDISA	490	18000	E	0.9686030371935984	supp
ARREST_shrunk	IDISA	490	18100	E	0.9694626526759647	supp
ARREST_shrunk	IDISA	490	18200	E	0.9703003906352592	supp
ARREST_shrunk	IDISA	490	18300	E	0.9711167491568927	supp
ARREST_shrunk	IDISA	490	18400	E	0.971912217086968	supp
ARREST_shrunk	IDISA	490	18500	E	0.9726872741252828	supp
ARREST_shrunk	IDISA	490	18600	E	0.9734423909207504	supp
ARREST_shrunk	IDISA	490	18700	E	0.9741780291690432	supp
ARREST_shrunk	IDISA	490	18800	E	0.9748946417122771	supp
ARREST_shrunk	IDISA	490	18900	E	0.975592672640561	supp
ARREST_shrunk	IDISA	490	19000	E	0.9762725573952376	supp
ARREST_shrunk	IDISA	490	19100	E	0.9769347228736568	supp
ARREST_shrunk	IDISA	490	19200	E	0.9775795875353215	supp
ARREST_shrunk	IDISA	490	19300	E	0.978207561509257	supp
ARREST_shrunk	IDISA	490	19400	E	0.9788190467024597	supp
ARREST_shrunk	IDISA	490	19500	E	0.9794144369092853	supp
ARREST_shrunk	IDISA	490	19600	E	0.9799941179216478	supp
ARREST_shrunk	IDISA	490	19700	E	0.9805584676398987	supp
ARREST_shrunk	IDISA	490	19800	E	0.981107856184268	supp
ARREST_shrunk	IDISA	490	19900	E	0.9816426460067507	supp
ARREST_shrunk	IDISA	490	20000	E	0.9821631920033276	supp
ARREST_shrunk	SABG-PCS	755	100	E	0.014236146166686114	supp
ARREST_shrunk	SABG-PCS	755	200	E	0.01873955272907213	supp
ARREST_shrunk	SABG-PCS	755	300	E	0.023503784471445965	supp
ARREST_shrunk	SABG-PCS	755	400	E	0.028522190466833908	supp
ARREST_shrunk	SABG-PCS	755	500	E	0.03378792740812697	supp
ARREST_shrunk	SABG-PCS	755	600	E	0.03929398196294964	supp
ARREST_shrunk	SABG-PCS	755	700	E	0.045033192167331815	supp
ARREST_shrunk	SABG-PCS	755	800	E	0.050998267874388215	supp
ARREST_shrunk	SABG-PCS	755	900	E	0.05718181027521452	supp
ARREST_shrunk	SABG-PCS	755	1000	E	0.06357633051011558	supp
ARREST_shrunk	SABG-PCS	755	1100	E	0.07017426738906096	supp
ARREST_shrunk	SABG-PCS	755	1200	E	0.07696800424095085	supp
ARREST_shrunk	SABG-PCS	755	1300	E	0.08394988491186273	supp
ARREST_shrunk	SABG-PCS	755	1400	E	0.09111222893294812	supp
ARREST_shrunk	SABG-PCS	755	1500	E	0.09844734587905823	supp
ARREST_shrunk	SABG-PCS	755	1600	E	0.10594754893951552	supp
ARREST_shrunk	SABG-PCS	755	1700	E	0.1136051677227028	supp
ARREST_shrunk	SABG-PCS	755	1800	E	0.12141256031634029	supp
ARREST_shrunk	SABG-PCS	755	1900	E	0.1293621246254396	supp
ARREST_shrunk	SABG-PCS	755	2000	E	0.13744630900999866	supp
ARREST_shrunk	SABG-PCS	755	2100	E	0.14565762224451007	supp
ARREST_shrunk	SABG-PCS	755	2200	E	0.1539886428213212	supp
ARREST_shrunk	SABG-PCS	755	2300	E	0.16243202761979725	supp
ARREST_shrunk	SABG-PCS	755	2400	E	0.17098051996310937	supp
ARREST_shrunk	SABG-PCS	755	2500	E	0.1796269570843082	supp
ARREST_shrunk	SABG-PCS	755	2600	E	0.18836427702313208	supp
ARREST_shrunk	SABG-PCS	755	2700	E	0.1971855249747697	supp
ARREST_shrunk	SABG-PCS	755	2800	E	0.20608385911152582	supp
ARREST_shrunk	SABG-PCS	755	2900	E	0.2150525558980455	supp
ARREST_shrunk	SABG-PCS	755	3000	E	0.22408501492043786	supp
ARREST_shrunk	SABG-PCS	755	3100	E	0.2331747632492961	supp
ARREST_shrunk	SABG-PCS	755	3200	E	0.24231545935625298	supp
ARREST_shrunk	SABG-PCS	755	3300	E	0.25150089660333463	supp
ARREST_shrunk	SABG-PCS	755	3400	E	0.260725006323985	supp
ARREST_shrunk	SABG-PCS	755	3500	E	0.2699818605142231	supp
ARREST_shrunk	SABG-PCS	755	3600	E	0.2792656741519889	supp
ARREST_shrunk	SABG-PCS	755	3700	E	0.2885708071622962	supp
ARREST_shrunk	SABG-PCS	755	3800	E	0.2978917660453899	supp
ARREST_shrunk	SABG-PCS	755	3900	E	0.3072232051846556	supp
ARREST_shrunk	SABG-PCS	755	4000	E	0.31655992785058784	supp
ARREST_shrunk	SABG-PCS	755	4100	E	0.3258968869166826	supp
ARREST_shrunk	SABG-PCS	755	4200	E	0.33522918530265566	supp
ARREST_shrunk	SABG-PCS	755	4300	E	0.3445520761599503	supp
ARREST_shrunk	SABG-PCS	755	4400	E	0.35386096281403556	supp
ARREST_shrunk	SABG-PCS	755	4500	E	0.3631513984775582	supp
ARREST_shrunk	SABG-PCS	755	4600	E	0.3724190857479458	supp
ARREST_shrunk	SABG-PCS	755	4700	E	0.3816598759026306	supp
ARREST_shrunk	SABG-PCS	755	4800	E	0.39086976800460715	supp
ARREST_shrunk	SABG-PCS	755	4900	E	0.4000449078306061	supp
ARREST_shrunk	SABG-PCS	755	5000	E	0.4091815866337286	supp
ARREST_shrunk	SABG-PCS	755	5100	E	0.4182762397519596	supp
ARREST_shrunk	SABG-PCS	755	5200	E	0.42732544507355563	supp
ARREST_shrunk	SABG-PCS	755	5300	E	0.4363259213698857	supp
ARREST_shrunk	SABG-PCS	755	5400	E	0.4452745265058935	supp
ARREST_shrunk	SABG-PCS	755	5500	E	0.45416825553795004	supp
ARREST_shrunk	SABG-PCS	755	5600	E	0.4630042387084704	supp
ARREST_shrunk	SABG-PCS	755	5700	E	0.4717797393462734	supp
ARREST_shrunk	SABG-PCS	755	5800	E	0.4804921516812991	supp
ARREST_shrunk	SABG-PCS	755	5900	E	0.4891389985819168	supp
ARREST_shrunk	SABG-PCS	755	6000	E	0.497717929222694	supp
ARREST_shrunk	SABG-PCS	755	6100	E	0.5062267166901502	supp
ARREST_shrunk	SABG-PCS	755	6200	E	0.5146632555336692	supp
ARREST_shrunk	SABG-PCS	755	6300	E	0.5230255592684099	supp
ARREST_shrunk	SABG-PCS	755	6400	E	0.5313117578367225	supp
ARREST_shrunk	SABG-PCS	755	6500	E	0.5395200950342705	supp
ARREST_shrunk	SABG-PCS	755	6600	E	0.5476489259067379	supp
ARREST_shrunk	SABG-PCS	755	6700	E	0.5556967141227037	supp
ARREST_shrunk	SABG-PCS	755	6800	E	0.5636620293279822	supp
ARREST_shrunk	SABG-PCS	755	6900	E	0.57154354448643	supp
ARREST_shrunk	SABG-PCS	755	7000	E	0.5793400332119623	supp
ARREST_shrunk	SABG-PCS	755	7100	E	0.5870503670962486	supp
ARREST_shrunk	SABG-PCS	755	7200	E	0.5946735130362955	supp
ARREST_shrunk	SABG-PCS	755	7300	E	0.6022085305658953	supp
ARREST_shrunk	SABG-PCS	755	7400	E	0.6096545691946587	supp
ARREST_shrunk	SABG-PCS	755	7500	E	0.6170108657581326	supp
ARREST_shrunk	SABG-PCS	755	7600	E	0.624276741782281	supp
ARREST_shrunk	SABG-PCS	755	7700	E	0.6314516008653837	supp
ARREST_shrunk	SABG-PCS	755	7800	E	0.6385349260802138	supp
ARREST_shrunk	SABG-PCS	755	7900	E	0.6455262773991463	supp
ARREST_shrunk	SABG-PCS	755	8000	E	0.6524252891446669	supp
ARREST_shrunk	SABG-PCS	755	8100	E	0.6592316674675613	supp
ARREST_shrunk	SABG-PCS	755	8200	E	0.6659451878548936	supp
ARREST_shrunk	SABG-PCS	755	8300	E	0.6725656926697144	supp
ARREST_shrunk	SABG-PCS	755	8400	E	0.6790930887242741	supp
ARREST_shrunk	SABG-PCS	755	8500	E	0.6855273448883671	supp
ARREST_shrunk	SABG-PCS	755	8600	E	0.6918684897342826	supp
ARREST_shrunk	SABG-PCS	755	8700	E	0.6981166092196959	supp
ARREST_shrunk	SABG-PCS	755	8800	E	0.7042718444097017	supp
ARREST_shrunk	SABG-PCS	755	8900	E	0.7103343892390646	supp
ARREST_shrunk	SABG-PCS	755	9000	E	0.7163044883156308	supp
ARREST_shrunk	SABG-PCS	755	9100	E	0.72218243476574	supp
ARREST_shrunk	SABG-PCS	755	9200	E	0.7279685681223593	supp
ARREST_shrunk	SABG-PCS	755	9300	E	0.7336632722565544	supp
ARREST_shrunk	SABG-PCS	755	9400	E	0.7392669733528199	supp
ARREST_shrunk	SABG-PCS	755	9500	E	0.7447801379286901	supp
ARREST_shrunk	SABG-PCS	755	9600	E	0.7502032708989661	supp
ARREST_shrunk	SABG-PCS	755	9700	E	0.7555369136848054	supp
ARREST_shrunk	SABG-PCS	755	9800	E	0.7607816423678475	supp
ARREST_shrunk	SABG-PCS	755	9900	E	0.7659380658894681	supp
ARREST_shrunk	SABG-PCS	755	10000	E	0.7710068242951835	supp
ARREST_shrunk	SABG-PCS	755	10100	E	0.7759885870241632	supp
ARREST_shrunk	SABG-PCS	755	10200	E	0.7808840512437437	supp
ARREST_shrunk	SABG-PCS	755	10300	E	0.7856939402287799	supp
ARREST_shrunk	SABG-PCS	755	10400	E	0.7904190017856101	supp
ARREST_shrunk	SABG-PCS	755	10500	E	0.7950600067203667	supp
ARREST_shrunk	SABG-PCS	755	10600	E	0.7996177473513114	supp
ARREST_shrunk	SABG-PCS	755	10700	E	0.8040930360648308	supp
ARREST_shrunk	SABG-PCS	755	10800	E	0.8084867039146884	supp
ARREST_shrunk	SABG-PCS	755	10900	E	0.8127995992640847	supp
ARREST_shrunk	SABG-PCS	755	11000	E	0.8170325864700547	supp
ARREST_shrunk	SABG-PCS	755	11100	E	0.8211865446096817	supp
ARREST_shrunk	SABG-PCS	755	11200	E	0.825262366247593	supp
ARREST_shrunk	SABG-PCS	755	11300	E	0.8292609562441661	supp
ARREST_shrunk	SABG-PCS	755	11400	E	0.8331832306038525	supp
ARREST_shrunk	SABG-PCS	755	11500	E	0.8370301153630029	supp
ARREST_shrunk	SABG-PCS	755	11600	E	0.8408025455165586	supp
ARREST_shrunk	SABG-PCS	755	11700	E	0.8445014639829553	supp
ARREST_shrunk	SABG-PCS	755	11800	E	0.8481278206065679	supp
ARREST_shrunk	SABG-PCS	755	11900	E	0.8516825711970154	supp
ARREST_shrunk	SABG-PCS	755	12000	E	0.8551666766046244	supp
ARREST_shrunk	SABG-PCS	755	12100	E	0.8585811018313521	supp
ARREST_shrunk	SABG-PCS	755	12200	E	0.8619268151764439	supp
ARREST_shrunk	SABG-PCS	755	12300	E	0.8652047874161125	supp
ARREST_shrunk	SABG-PCS	755	12400	E	0.8684159910165015	supp
ARREST_shrunk	SABG-PCS	755	12500	E	0.8715613993792061	supp
ARREST_shrunk	SABG-PCS	755	12600	E	0.8746419861186115	supp
ARREST_shrunk	SABG-PCS	755	12700	E	0.8776587243703142	supp
ARREST_shrunk	SABG-PCS	755	12800	E	0.8806125861298821	supp
ARREST_shrunk	SABG-PCS	755	12900	E	0.8835045416212233	supp
ARREST_shrunk	SABG-PCS	755	13000	E	0.8863355586938183	supp
ARREST_shrunk	SABG-PCS	755	13100	E	0.8891066022480874	supp
ARREST_shrunk	SABG-PCS	755	13200	E	0.8918186336881598	supp
ARREST_shrunk	SABG-PCS	755	13300	E	0.8944726104013171	supp
ARREST_shrunk	SABG-PCS	755	13400	E	0.89706948526339	supp
ARREST_shrunk	SABG-PCS	755	13500	E	0.899610206169394	supp
ARREST_shrunk	SABG-PCS	755	13600	E	0.9020957155886893	supp
ARREST_shrunk	SABG-PCS	755	13700	E	0.904526950143967	supp
ARREST_shrunk	SABG-PCS	755	13800	E	0.9069048402133638	supp
ARREST_shrunk	SABG-PCS	755	13900	E	0.909230309555018	supp
ARREST_shrunk	SABG-PCS	755	14000	E	0.9115042749533885	supp
ARREST_shrunk	SABG-PCS	755	14100	E	0.9137276458866689	supp
ARREST_shrunk	SABG-PCS	755	14200	E	0.9159013242146316	supp
ARREST_shrunk	SABG-PCS	755	14300	E	0.9180262038862581	supp
ARREST_shrunk	SABG-PCS	755	14400	E	0.9201031706665107	supp
ARREST_shrunk	SABG-PCS	755	14500	E	0.9221331018816156	supp
ARREST_shrunk	SABG-PCS	755	14600	E	0.9241168661822415	supp
ARREST_shrunk	SABG-PCS	755	14700	E	0.9260553233239641	supp
ARREST_shrunk	SABG-PCS	755	14800	E	0.9279493239644151	supp
ARREST_shrunk	SABG-PCS	755	14900	E	0.9297997094765382	supp
ARREST_shrunk	SABG-PCS	755	15000	E	0.9316073117773713	supp
ARREST_shrunk	SABG-PCS	755	15100	E	0.9333729531717924	supp
ARREST_shrunk	SABG-PCS	755	15200	E	0.935097446210682	supp
ARREST_shrunk	SABG-PCS	755	15300	E	0.936781593562959	supp
ARREST_shrunk	SABG-PCS	755	15400	E	0.9384261879009628	supp
ARREST_shrunk	SABG-PCS	755	15500	E	0.9400320117986679	supp
ARREST_shrunk	SABG-PCS	755	15600	E	0.9415998376422247	supp
ARREST_shrunk	SABG-PCS	755	15700	E	0.9431304275523343	supp
ARREST_shrunk	SABG-PCS	755	15800	E	0.9446245333179804	supp
ARREST_shrunk	SABG-PCS	755	15900	E	0.9460828963410425	supp
ARREST_shrunk	SABG-PCS	755	16000	E	0.9475062475913436	supp
ARREST_shrunk	SABG-PCS	755	16100	E	0.9488953075716762	supp
ARREST_shrunk	SABG-PCS	755	16200	E	0.950250786292381	supp
ARREST_shrunk	SABG-PCS	755	16300	E	0.9515733832550538	supp
ARREST_shrunk	SABG-PCS	755	16400	E	0.9528637874449666	supp
ARREST_shrunk	SABG-PCS	755	16500	E	0.9541226773318088	supp
ARREST_shrunk	SABG-PCS	755	16600	E	0.9553507208783558	supp
ARREST_shrunk	SABG-PCS	755	16700	E	0.9565485755566902	supp
ARREST_shrunk	SABG-PCS	755	16800	E	0.957716888371607	supp
ARREST_shrunk	SABG-PCS	755	16900	E	0.9588562958908499	supp
ARREST_shrunk	SABG-PCS	755	17000	E	0.9599674242818309	supp
ARREST_shrunk	SABG-PCS	755	17100	E	0.9610508893545003	supp
ARREST_shrunk	SABG-PCS	755	17200	E	0.9621072966100428	supp
ARREST_shrunk	SABG-PCS	755	17300	E	0.9631372412950833	supp
ARREST_shrunk	SABG-PCS	755	17400	E	0.9641413084611027	supp
ARREST_shrunk	SABG-PCS	755	17500	E	0.9651200730287639	supp
ARREST_shrunk	SABG-PCS	755	17600	E	0.9660740998568673	supp
ARREST_shrunk	SABG-PCS	755	17700	E	0.967003943815659	supp
ARREST_shrunk	SABG-PCS	755	17800	E	0.9679101498642246	supp
ARREST_shrunk	SABG-PCS	755	17900	E	0.9687932531317142	supp
ARREST_shrunk	SABG-PCS	755	18000	E	0.9696537790021468	supp
ARREST_shrunk	SABG-PCS	755	18100	E	0.9704922432025593	supp
ARREST_shrunk	SABG-PCS	755	18200	E	0.9713091518942647	supp
ARREST_shrunk	SABG-PCS	755	18300	E	0.9721050017669994	supp
ARREST_shrunk	SABG-PCS	755	18400	E	0.9728802801357458	supp
ARREST_shrunk	SABG-PCS	755	18500	E	0.9736354650400212	supp
ARREST_shrunk	SABG-PCS	755	18600	E	0.9743710253454375	supp
ARREST_shrunk	SABG-PCS	755	18700	E	0.9750874208473377	supp
ARREST_shrunk	SABG-PCS	755	18800	E	0.9757851023763273	supp
ARREST_shrunk	SABG-PCS	755	18900	E	0.9764645119055243	supp
ARREST_shrunk	SABG-PCS	755	19000	E	0.9771260826593574	supp
ARREST_shrunk	SABG-PCS	755	19100	E	0.97777023922375	supp
ARREST_shrunk	SABG-PCS	755	19200	E	0.9783973976575351	supp
ARREST_shrunk	SABG-PCS	755	19300	E	0.9790079656049513	supp
ARREST_shrunk	SABG-PCS	755	19400	E	0.9796023424090758	supp
ARREST_shrunk	SABG-PCS	755	19500	E	0.9801809192260594	supp
ARREST_shrunk	SABG-PCS	755	19600	E	0.9807440791400308	supp
ARREST_shrunk	SABG-PCS	755	19700	E	0.9812921972785473	supp
ARREST_shrunk	SABG-PCS	755	19800	E	0.9818256409284694	supp
ARREST_shrunk	SABG-PCS	755	19900	E	0.982344769652148	supp
ARREST_shrunk	SABG-PCS	755	20000	E	0.9828499354038156	supp
