scenario_name	cohort	n_cohort	n_total	group	power	scenario_set
ARREST_raw	ARREST	758	100	A	0.010000000000000009	main
ARREST_raw	ARREST	758	200	A	0.010000000000000009	main
ARREST_raw	ARREST	758	300	A	0.010000000000000009	main
ARREST_raw	ARREST	758	400	A	0.010000000000000009	main
ARREST_raw	ARREST	758	500	A	0.010000000000000009	main
ARREST_raw	ARREST	758	600	A	0.010000000000000009	main
ARREST_raw	ARREST	758	700	A	0.010000000000000009	main
ARREST_raw	ARREST	758	800	A	0.010000000000000009	main
ARREST_raw	ARREST	758	900	A	0.010000000000000009	main
ARREST_raw	ARREST	758	1000	A	0.010000000000000009	main
ARREST_raw	ARREST	758	1100	A	0.010000000000000009	main
ARREST_raw	ARREST	758	1200	A	0.010000000000000009	main
ARREST_raw	ARREST	758	1300	A	0.010000000000000009	main
ARREST_raw	ARREST	758	1400	A	0.010000000000000009	main
ARREST_raw	ARREST	758	1500	A	0.010000000000000009	main
ARREST_raw	ARREST	758	1600	A	0.010000000000000009	main
ARREST_raw	ARREST	758	1700	A	0.010000000000000009	main
ARREST_raw	ARREST	758	1800	A	0.010000000000000009	main
ARREST_raw	ARREST	758	1900	A	0.010000000000000009	main
ARREST_raw	ARREST	758	2000	A	0.010000000000000009	main
ARREST_raw	ARREST	758	2100	A	0.010000000000000009	main
ARREST_raw	ARREST	758	2200	A	0.010000000000000009	main
ARREST_raw	ARREST	758	2300	A	0.010000000000000009	main
ARREST_raw	ARREST	758	2400	A	0.010000000000000009	main
ARREST_raw	ARREST	758	2500	A	0.010000000000000009	main
ARREST_raw	ARREST	758	2600	A	0.010000000000000009	main
ARREST_raw	ARREST	758	2700	A	0.010000000000000009	main
ARREST_raw	ARREST	758	2800	A	0.010000000000000009	main
ARREST_raw	ARREST	758	2900	A	0.010000000000000009	main
ARREST_raw	ARREST	758	3000	A	0.010000000000000009	main
ARREST_raw	ARREST	758	3100	A	0.010000000000000009	main
ARREST_raw	ARREST	758	3200	A	0.010000000000000009	main
ARREST_raw	ARREST	758	3300	A	0.010000000000000009	main
ARREST_raw	ARREST	758	3400	A	0.010000000000000009	main
ARREST_raw	ARREST	758	3500	A	0.010000000000000009	main
ARREST_raw	ARREST	758	3600	A	0.010000000000000009	main
ARREST_raw	ARREST	758	3700	A	0.010000000000000009	main
ARREST_raw	ARREST	758	3800	A	0.010000000000000009	main
ARREST_raw	ARREST	758	3900	A	0.010000000000000009	main
ARREST_raw	ARREST	758	4000	A	0.010000000000000009	main
ARREST_raw	ARREST	758	4100	A	0.010000000000000009	main
ARREST_raw	ARREST	758	4200	A	0.010000000000000009	main
ARREST_raw	ARREST	758	4300	A	0.010000000000000009	main
ARREST_raw	ARREST	758	4400	A	0.010000000000000009	main
ARREST_raw	ARREST	758	4500	A	0.010000000000000009	main
ARREST_raw	ARREST	758	4600	A	0.010000000000000009	main
ARREST_raw	ARREST	758	4700	A	0.010000000000000009	main
ARREST_raw	ARREST	758	4800	A	0.010000000000000009	main
ARREST_raw	ARREST	758	4900	A	0.010000000000000009	main
ARREST_raw	ARREST	758	5000	A	0.010000000000000009	main
ARREST_raw	ARREST	758	5100	A	0.010000000000000009	main
ARREST_raw	ARREST	758	5200	A	0.010000000000000009	main
ARREST_raw	ARREST	758	5300	A	0.010000000000000009	main
ARREST_raw	ARREST	758	5400	A	0.010000000000000009	main
ARREST_raw	ARREST	758	5500	A	0.010000000000000009	main
ARREST_raw	ARREST	758	5600	A	0.010000000000000009	main
ARREST_raw	ARREST	758	5700	A	0.010000000000000009	main
ARREST_raw	ARREST	758	5800	A	0.010000000000000009	main
ARREST_raw	ARREST	758	5900	A	0.010000000000000009	main
ARREST_raw	ARREST	758	6000	A	0.010000000000000009	main
ARREST_raw	ARREST	758	6100	A	0.010000000000000009	main
ARREST_raw	ARREST	758	6200	A	0.010000000000000009	main
ARREST_raw	ARREST	758	6300	A	0.010000000000000009	main
ARREST_raw	ARREST	758	6400	A	0.010000000000000009	main
ARREST_raw	ARREST	758	6500	A	0.010000000000000009	main
ARREST_raw	ARREST	758	6600	A	0.010000000000000009	main
ARREST_raw	ARREST	758	6700	A	0.010000000000000009	main
ARREST_raw	ARREST	758	6800	A	0.010000000000000009	main
ARREST_raw	ARREST	758	6900	A	0.010000000000000009	main
ARREST_raw	ARREST	758	7000	A	0.010000000000000009	main
ARREST_raw	ARREST	758	7100	A	0.010000000000000009	main
ARREST_raw	ARREST	758	7200	A	0.010000000000000009	main
ARREST_raw	ARREST	758	7300	A	0.010000000000000009	main
ARREST_raw	ARREST	758	7400	A	0.010000000000000009	main
ARREST_raw	ARREST	758	7500	A	0.010000000000000009	main
ARREST_raw	ARREST	758	7600	A	0.010000000000000009	main
ARREST_raw	ARREST	758	7700	A	0.010000000000000009	main
ARREST_raw	ARREST	758	7800	A	0.010000000000000009	main
ARREST_raw	ARREST	758	7900	A	0.010000000000000009	main
ARREST_raw	ARREST	758	8000	A	0.010000000000000009	main
ARREST_raw	ARREST	758	8100	A	0.010000000000000009	main
ARREST_raw	ARREST	758	8200	A	0.010000000000000009	main
ARREST_raw	ARREST	758	8300	A	0.010000000000000009	main
ARREST_raw	ARREST	758	8400	A	0.010000000000000009	main
ARREST_raw	ARREST	758	8500	A	0.010000000000000009	main
ARREST_raw	ARREST	758	8600	A	0.010000000000000009	main
ARREST_raw	ARREST	758	8700	A	0.010000000000000009	main
ARREST_raw	ARREST	758	8800	A	0.010000000000000009	main
ARREST_raw	ARREST	758	8900	A	0.010000000000000009	main
ARREST_raw	ARREST	758	9000	A	0.010000000000000009	main
ARREST_raw	ARREST	758	9100	A	0.010000000000000009	main
ARREST_raw	ARREST	758	9200	A	0.010000000000000009	main
ARREST_raw	ARREST	758	9300	A	0.010000000000000009	main
ARREST_raw	ARREST	758	9400	A	0.010000000000000009	main
ARREST_raw	ARREST	758	9500	A	0.010000000000000009	main
ARREST_raw	ARREST	758	9600	A	0.010000000000000009	main
ARREST_raw	ARREST	758	9700	A	0.010000000000000009	main
ARREST_raw	ARREST	758	9800	A	0.010000000000000009	main
ARREST_raw	ARREST	758	9900	A	0.010000000000000009	main
ARREST_raw	ARREST	758	10000	A	0.010000000000000009	main
ARREST_raw	ARREST	758	10100	A	0.010000000000000009	main
ARREST_raw	ARREST	758	10200	A	0.010000000000000009	main
ARREST_raw	ARREST	758	10300	A	0.010000000000000009	main
ARREST_raw	ARREST	758	10400	A	0.010000000000000009	main
ARREST_raw	ARREST	758	10500	A	0.010000000000000009	main
ARREST_raw	ARREST	758	10600	A	0.010000000000000009	main
ARREST_raw	ARREST	758	10700	A	0.010000000000000009	main
ARREST_raw	ARREST	758	10800	A	0.010000000000000009	main
ARREST_raw	ARREST	758	10900	A	0.010000000000000009	main
ARREST_raw	ARREST	758	11000	A	0.010000000000000009	main
ARREST_raw	ARREST	758	11100	A	0.010000000000000009	main
ARREST_raw	ARREST	758	11200	A	0.010000000000000009	main
ARREST_raw	ARREST	758	11300	A	0.010000000000000009	main
ARREST_raw	ARREST	758	11400	A	0.010000000000000009	main
ARREST_raw	ARREST	758	11500	A	0.010000000000000009	main
ARREST_raw	ARREST	758	11600	A	0.010000000000000009	main
ARREST_raw	ARREST	758	11700	A	0.010000000000000009	main
ARREST_raw	ARREST	758	11800	A	0.010000000000000009	main
ARREST_raw	ARREST	758	11900	A	0.010000000000000009	main
ARREST_raw	ARREST	758	12000	A	0.010000000000000009	main
ARREST_raw	ARREST	758	12100	A	0.010000000000000009	main
ARREST_raw	ARREST	758	12200	A	0.010000000000000009	main
ARREST_raw	ARREST	758	12300	A	0.010000000000000009	main
ARREST_raw	ARREST	758	12400	A	0.010000000000000009	main
ARREST_raw	ARREST	758	12500	A	0.010000000000000009	main
ARREST_raw	ARREST	758	12600	A	0.010000000000000009	main
ARREST_raw	ARREST	758	12700	A	0.010000000000000009	main
ARREST_raw	ARREST	758	12800	A	0.010000000000000009	main
ARREST_raw	ARREST	758	12900	A	0.010000000000000009	main
ARREST_raw	ARREST	758	13000	A	0.010000000000000009	main
ARREST_raw	ARREST	758	13100	A	0.010000000000000009	main
ARREST_raw	ARREST	758	13200	A	0.010000000000000009	main
ARREST_raw	ARREST	758	13300	A	0.010000000000000009	main
ARREST_raw	ARREST	758	13400	A	0.010000000000000009	main
ARREST_raw	ARREST	758	13500	A	0.010000000000000009	main
ARREST_raw	ARREST	758	13600	A	0.010000000000000009	main
ARREST_raw	ARREST	758	13700	A	0.010000000000000009	main
ARREST_raw	ARREST	758	13800	A	0.010000000000000009	main
ARREST_raw	ARREST	758	13900	A	0.010000000000000009	main
ARREST_raw	ARREST	758	14000	A	0.010000000000000009	main
ARREST_raw	ARREST	758	14100	A	0.010000000000000009	main
ARREST_raw	ARREST	758	14200	A	0.010000000000000009	main
ARREST_raw	ARREST	758	14300	A	0.010000000000000009	main
ARREST_raw	ARREST	758	14400	A	0.010000000000000009	main
ARREST_raw	ARREST	758	14500	A	0.010000000000000009	main
ARREST_raw	ARREST	758	14600	A	0.010000000000000009	main
ARREST_raw	ARREST	758	14700	A	0.010000000000000009	main
ARREST_raw	ARREST	758	14800	A	0.010000000000000009	main
ARREST_raw	ARREST	758	14900	A	0.010000000000000009	main
ARREST_raw	ARREST	758	15000	A	0.010000000000000009	main
ARREST_raw	ARREST	758	15100	A	0.010000000000000009	main
ARREST_raw	ARREST	758	15200	A	0.010000000000000009	main
ARREST_raw	ARREST	758	15300	A	0.010000000000000009	main
ARREST_raw	ARREST	758	15400	A	0.010000000000000009	main
ARREST_raw	ARREST	758	15500	A	0.010000000000000009	main
ARREST_raw	ARREST	758	15600	A	0.010000000000000009	main
ARREST_raw	ARREST	758	15700	A	0.010000000000000009	main
ARREST_raw	ARREST	758	15800	A	0.010000000000000009	main
ARREST_raw	ARREST	758	15900	A	0.010000000000000009	main
ARREST_raw	ARREST	758	16000	A	0.010000000000000009	main
ARREST_raw	ARREST	758	16100	A	0.010000000000000009	main
ARREST_raw	ARREST	758	16200	A	0.010000000000000009	main
ARREST_raw	ARREST	758	16300	A	0.010000000000000009	main
ARREST_raw	ARREST	758	16400	A	0.010000000000000009	main
ARREST_raw	ARREST	758	16500	A	0.010000000000000009	main
ARREST_raw	ARREST	758	16600	A	0.010000000000000009	main
ARREST_raw	ARREST	758	16700	A	0.010000000000000009	main
ARREST_raw	ARREST	758	16800	A	0.010000000000000009	main
ARREST_raw	ARREST	758	16900	A	0.010000000000000009	main
ARREST_raw	ARREST	758	17000	A	0.010000000000000009	main
ARREST_raw	ARREST	758	17100	A	0.010000000000000009	main
ARREST_raw	ARREST	758	17200	A	0.010000000000000009	main
ARREST_raw	ARREST	758	17300	A	0.010000000000000009	main
ARREST_raw	ARREST	758	17400	A	0.010000000000000009	main
ARREST_raw	ARREST	758	17500	A	0.010000000000000009	main
ARREST_raw	ARREST	758	17600	A	0.010000000000000009	main
ARREST_raw	ARREST	758	17700	A	0.010000000000000009	main
ARREST_raw	ARREST	758	17800	A	0.010000000000000009	main
ARREST_raw	ARREST	758	17900	A	0.010000000000000009	main
ARREST_raw	ARREST	758	18000	A	0.010000000000000009	main
ARREST_raw	ARREST	758	18100	A	0.010000000000000009	main
ARREST_raw	ARREST	758	18200	A	0.010000000000000009	main
ARREST_raw	ARREST	758	18300	A	0.010000000000000009	main
ARREST_raw	ARREST	758	18400	A	0.010000000000000009	main
ARREST_raw	ARREST	758	18500	A	0.010000000000000009	main
ARREST_raw	ARREST	758	18600	A	0.010000000000000009	main
ARREST_raw	ARREST	758	18700	A	0.010000000000000009	main
ARREST_raw	ARREST	758	18800	A	0.010000000000000009	main
ARREST_raw	ARREST	758	18900	A	0.010000000000000009	main
ARREST_raw	ARREST	758	19000	A	0.010000000000000009	main
ARREST_raw	ARREST	758	19100	A	0.010000000000000009	main
ARREST_raw	ARREST	758	19200	A	0.010000000000000009	main
ARREST_raw	ARREST	758	19300	A	0.010000000000000009	main
ARREST_raw	ARREST	758	19400	A	0.010000000000000009	main
ARREST_raw	ARREST	758	19500	A	0.010000000000000009	main
ARREST_raw	ARREST	758	19600	A	0.010000000000000009	main
ARREST_raw	ARREST	758	19700	A	0.010000000000000009	main
ARREST_raw	ARREST	758	19800	A	0.010000000000000009	main
ARREST_raw	ARREST	758	19900	A	0.010000000000000009	main
ARREST_raw	ARREST	758	20000	A	0.010000000000000009	main
ARREST_raw	Edinburgh	458	100	A	0.010000000000000009	main
ARREST_raw	Edinburgh	458	200	A	0.010000000000000009	main
ARREST_raw	Edinburgh	458	300	A	0.010000000000000009	main
ARREST_raw	Edinburgh	458	400	A	0.010000000000000009	main
ARREST_raw	Edinburgh	458	500	A	0.010000000000000009	main
ARREST_raw	Edinburgh	458	600	A	0.010000000000000009	main
ARREST_raw	Edinburgh	458	700	A	0.010000000000000009	main
ARREST_raw	Edinburgh	458	800	A	0.010000000000000009	main
ARREST_raw	Edinburgh	458	900	A	0.010000000000000009	main
ARREST_raw	Edinburgh	458	1000	A	0.010000000000000009	main
ARREST_raw	Edinburgh	458	1100	A	0.010000000000000009	main
ARREST_raw	Edinburgh	458	1200	A	0.010000000000000009	main
ARREST_raw	Edinburgh	458	1300	A	0.010000000000000009	main
ARREST_raw	Edinburgh	458	1400	A	0.010000000000000009	main
ARREST_raw	Edinburgh	458	1500	A	0.010000000000000009	main
ARREST_raw	Edinburgh	458	1600	A	0.010000000000000009	main
ARREST_raw	Edinburgh	458	1700	A	0.010000000000000009	main
ARREST_raw	Edinburgh	458	1800	A	0.010000000000000009	main
ARREST_raw	Edinburgh	458	1900	A	0.010000000000000009	main
ARREST_raw	Edinburgh	458	2000	A	0.010000000000000009	main
ARREST_raw	Edinburgh	458	2100	A	0.010000000000000009	main
ARREST_raw	Edinburgh	458	2200	A	0.010000000000000009	main
ARREST_raw	Edinburgh	458	2300	A	0.010000000000000009	main
ARREST_raw	Edinburgh	458	2400	A	0.010000000000000009	main
ARREST_raw	Edinburgh	458	2500	A	0.010000000000000009	main
ARREST_raw	Edinburgh	458	2600	A	0.010000000000000009	main
ARREST_raw	Edinburgh	458	2700	A	0.010000000000000009	main
ARREST_raw	Edinburgh	458	2800	A	0.010000000000000009	main
ARREST_raw	Edinburgh	458	2900	A	0.010000000000000009	main
ARREST_raw	Edinburgh	458	3000	A	0.010000000000000009	main
ARREST_raw	Edinburgh	458	3100	A	0.010000000000000009	main
ARREST_raw	Edinburgh	458	3200	A	0.010000000000000009	main
ARREST_raw	Edinburgh	458	3300	A	0.010000000000000009	main
ARREST_raw	Edinburgh	458	3400	A	0.010000000000000009	main
ARREST_raw	Edinburgh	458	3500	A	0.010000000000000009	main
ARREST_raw	Edinburgh	458	3600	A	0.010000000000000009	main
ARREST_raw	Edinburgh	458	3700	A	0.010000000000000009	main
ARREST_raw	Edinburgh	458	3800	A	0.010000000000000009	main
ARREST_raw	Edinburgh	458	3900	A	0.010000000000000009	main
ARREST_raw	Edinburgh	458	4000	A	0.010000000000000009	main
ARREST_raw	Edinburgh	458	4100	A	0.010000000000000009	main
ARREST_raw	Edinburgh	458	4200	A	0.010000000000000009	main
ARREST_raw	Edinburgh	458	4300	A	0.010000000000000009	main
ARREST_raw	Edinburgh	458	4400	A	0.010000000000000009	main
ARREST_raw	Edinburgh	458	4500	A	0.010000000000000009	main
ARREST_raw	Edinburgh	458	4600	A	0.010000000000000009	main
ARREST_raw	Edinburgh	458	4700	A	0.010000000000000009	main
ARREST_raw	Edinburgh	458	4800	A	0.010000000000000009	main
ARREST_raw	Edinburgh	458	4900	A	0.010000000000000009	main
ARREST_raw	Edinburgh	458	5000	A	0.010000000000000009	main
ARREST_raw	Edinburgh	458	5100	A	0.010000000000000009	main
ARREST_raw	Edinburgh	458	5200	A	0.010000000000000009	main
ARREST_raw	Edinburgh	458	5300	A	0.010000000000000009	main
ARREST_raw	Edinburgh	458	5400	A	0.010000000000000009	main
ARREST_raw	Edinburgh	458	5500	A	0.010000000000000009	main
ARREST_raw	Edinburgh	458	5600	A	0.010000000000000009	main
ARREST_raw	Edinburgh	458	5700	A	0.010000000000000009	main
ARREST_raw	Edinburgh	458	5800	A	0.010000000000000009	main
ARREST_raw	Edinburgh	458	5900	A	0.010000000000000009	main
ARREST_raw	Edinburgh	458	6000	A	0.010000000000000009	main
ARREST_raw	Edinburgh	458	6100	A	0.010000000000000009	main
ARREST_raw	Edinburgh	458	6200	A	0.010000000000000009	main
ARREST_raw	Edinburgh	458	6300	A	0.010000000000000009	main
ARREST_raw	Edinburgh	458	6400	A	0.010000000000000009	main
ARREST_raw	Edinburgh	458	6500	A	0.010000000000000009	main
ARREST_raw	Edinburgh	458	6600	A	0.010000000000000009	main
ARREST_raw	Edinburgh	458	6700	A	0.010000000000000009	main
ARREST_raw	Edinburgh	458	6800	A	0.010000000000000009	main
ARREST_raw	Edinburgh	458	6900	A	0.010000000000000009	main
ARREST_raw	Edinburgh	458	7000	A	0.010000000000000009	main
ARREST_raw	Edinburgh	458	7100	A	0.010000000000000009	main
ARREST_raw	Edinburgh	458	7200	A	0.010000000000000009	main
ARREST_raw	Edinburgh	458	7300	A	0.010000000000000009	main
ARREST_raw	Edinburgh	458	7400	A	0.010000000000000009	main
ARREST_raw	Edinburgh	458	7500	A	0.010000000000000009	main
ARREST_raw	Edinburgh	458	7600	A	0.010000000000000009	main
ARREST_raw	Edinburgh	458	7700	A	0.010000000000000009	main
ARREST_raw	Edinburgh	458	7800	A	0.010000000000000009	main
ARREST_raw	Edinburgh	458	7900	A	0.010000000000000009	main
ARREST_raw	Edinburgh	458	8000	A	0.010000000000000009	main
ARREST_raw	Edinburgh	458	8100	A	0.010000000000000009	main
ARREST_raw	Edinburgh	458	8200	A	0.010000000000000009	main
ARREST_raw	Edinburgh	458	8300	A	0.010000000000000009	main
ARREST_raw	Edinburgh	458	8400	A	0.010000000000000009	main
ARREST_raw	Edinburgh	458	8500	A	0.010000000000000009	main
ARREST_raw	Edinburgh	458	8600	A	0.010000000000000009	main
ARREST_raw	Edinburgh	458	8700	A	0.010000000000000009	main
ARREST_raw	Edinburgh	458	8800	A	0.010000000000000009	main
ARREST_raw	Edinburgh	458	8900	A	0.010000000000000009	main
ARREST_raw	Edinburgh	458	9000	A	0.010000000000000009	main
ARREST_raw	Edinburgh	458	9100	A	0.010000000000000009	main
ARREST_raw	Edinburgh	458	9200	A	0.010000000000000009	main
ARREST_raw	Edinburgh	458	9300	A	0.010000000000000009	main
ARREST_raw	Edinburgh	458	9400	A	0.010000000000000009	main
ARREST_raw	Edinburgh	458	9500	A	0.010000000000000009	main
ARREST_raw	Edinburgh	458	9600	A	0.010000000000000009	main
ARREST_raw	Edinburgh	458	9700	A	0.010000000000000009	main
ARREST_raw	Edinburgh	458	9800	A	0.010000000000000009	main
ARREST_raw	Edinburgh	458	9900	A	0.010000000000000009	main
ARREST_raw	Edinburgh	458	10000	A	0.010000000000000009	main
ARREST_raw	Edinburgh	458	10100	A	0.010000000000000009	main
ARREST_raw	Edinburgh	458	10200	A	0.010000000000000009	main
ARREST_raw	Edinburgh	458	10300	A	0.010000000000000009	main
ARREST_raw	Edinburgh	458	10400	A	0.010000000000000009	main
ARREST_raw	Edinburgh	458	10500	A	0.010000000000000009	main
ARREST_raw	Edinburgh	458	10600	A	0.010000000000000009	main
ARREST_raw	Edinburgh	458	10700	A	0.010000000000000009	main
ARREST_raw	Edinburgh	458	10800	A	0.010000000000000009	main
ARREST_raw	Edinburgh	458	10900	A	0.010000000000000009	main
ARREST_raw	Edinburgh	458	11000	A	0.010000000000000009	main
ARREST_raw	Edinburgh	458	11100	A	0.010000000000000009	main
ARREST_raw	Edinburgh	458	11200	A	0.010000000000000009	main
ARREST_raw	Edinburgh	458	11300	A	0.010000000000000009	main
ARREST_raw	Edinburgh	458	11400	A	0.010000000000000009	main
ARREST_raw	Edinburgh	458	11500	A	0.010000000000000009	main
ARREST_raw	Edinburgh	458	11600	A	0.010000000000000009	main
ARREST_raw	Edinburgh	458	11700	A	0.010000000000000009	main
ARREST_raw	Edinburgh	458	11800	A	0.010000000000000009	main
ARREST_raw	Edinburgh	458	11900	A	0.010000000000000009	main
ARREST_raw	Edinburgh	458	12000	A	0.010000000000000009	main
ARREST_raw	Edinburgh	458	12100	A	0.010000000000000009	main
ARREST_raw	Edinburgh	458	12200	A	0.010000000000000009	main
ARREST_raw	Edinburgh	458	12300	A	0.010000000000000009	main
ARREST_raw	Edinburgh	458	12400	A	0.010000000000000009	main
ARREST_raw	Edinburgh	458	12500	A	0.010000000000000009	main
ARREST_raw	Edinburgh	458	12600	A	0.010000000000000009	main
ARREST_raw	Edinburgh	458	12700	A	0.010000000000000009	main
ARREST_raw	Edinburgh	458	12800	A	0.010000000000000009	main
ARREST_raw	Edinburgh	458	12900	A	0.010000000000000009	main
ARREST_raw	Edinburgh	458	13000	A	0.010000000000000009	main
ARREST_raw	Edinburgh	458	13100	A	0.010000000000000009	main
ARREST_raw	Edinburgh	458	13200	A	0.010000000000000009	main
ARREST_raw	Edinburgh	458	13300	A	0.010000000000000009	main
ARREST_raw	Edinburgh	458	13400	A	0.010000000000000009	main
ARREST_raw	Edinburgh	458	13500	A	0.010000000000000009	main
ARREST_raw	Edinburgh	458	13600	A	0.010000000000000009	main
ARREST_raw	Edinburgh	458	13700	A	0.010000000000000009	main
ARREST_raw	Edinburgh	458	13800	A	0.010000000000000009	main
ARREST_raw	Edinburgh	458	13900	A	0.010000000000000009	main
ARREST_raw	Edinburgh	458	14000	A	0.010000000000000009	main
ARREST_raw	Edinburgh	458	14100	A	0.010000000000000009	main
ARREST_raw	Edinburgh	458	14200	A	0.010000000000000009	main
ARREST_raw	Edinburgh	458	14300	A	0.010000000000000009	main
ARREST_raw	Edinburgh	458	14400	A	0.010000000000000009	main
ARREST_raw	Edinburgh	458	14500	A	0.010000000000000009	main
ARREST_raw	Edinburgh	458	14600	A	0.010000000000000009	main
ARREST_raw	Edinburgh	458	14700	A	0.010000000000000009	main
ARREST_raw	Edinburgh	458	14800	A	0.010000000000000009	main
ARREST_raw	Edinburgh	458	14900	A	0.010000000000000009	main
ARREST_raw	Edinburgh	458	15000	A	0.010000000000000009	main
ARREST_raw	Edinburgh	458	15100	A	0.010000000000000009	main
ARREST_raw	Edinburgh	458	15200	A	0.010000000000000009	main
ARREST_raw	Edinburgh	458	15300	A	0.010000000000000009	main
ARREST_raw	Edinburgh	458	15400	A	0.010000000000000009	main
ARREST_raw	Edinburgh	458	15500	A	0.010000000000000009	main
ARREST_raw	Edinburgh	458	15600	A	0.010000000000000009	main
ARREST_raw	Edinburgh	458	15700	A	0.010000000000000009	main
ARREST_raw	Edinburgh	458	15800	A	0.010000000000000009	main
ARREST_raw	Edinburgh	458	15900	A	0.010000000000000009	main
ARREST_raw	Edinburgh	458	16000	A	0.010000000000000009	main
ARREST_raw	Edinburgh	458	16100	A	0.010000000000000009	main
ARREST_raw	Edinburgh	458	16200	A	0.010000000000000009	main
ARREST_raw	Edinburgh	458	16300	A	0.010000000000000009	main
ARREST_raw	Edinburgh	458	16400	A	0.010000000000000009	main
ARREST_raw	Edinburgh	458	16500	A	0.010000000000000009	main
ARREST_raw	Edinburgh	458	16600	A	0.010000000000000009	main
ARREST_raw	Edinburgh	458	16700	A	0.010000000000000009	main
ARREST_raw	Edinburgh	458	16800	A	0.010000000000000009	main
ARREST_raw	Edinburgh	458	16900	A	0.010000000000000009	main
ARREST_raw	Edinburgh	458	17000	A	0.010000000000000009	main
ARREST_raw	Edinburgh	458	17100	A	0.010000000000000009	main
ARREST_raw	Edinburgh	458	17200	A	0.010000000000000009	main
ARREST_raw	Edinburgh	458	17300	A	0.010000000000000009	main
ARREST_raw	Edinburgh	458	17400	A	0.010000000000000009	main
ARREST_raw	Edinburgh	458	17500	A	0.010000000000000009	main
ARREST_raw	Edinburgh	458	17600	A	0.010000000000000009	main
ARREST_raw	Edinburgh	458	17700	A	0.010000000000000009	main
ARREST_raw	Edinburgh	458	17800	A	0.010000000000000009	main
ARREST_raw	Edinburgh	458	17900	A	0.010000000000000009	main
ARREST_raw	Edinburgh	458	18000	A	0.010000000000000009	main
ARREST_raw	Edinburgh	458	18100	A	0.010000000000000009	main
ARREST_raw	Edinburgh	458	18200	A	0.010000000000000009	main
ARREST_raw	Edinburgh	458	18300	A	0.010000000000000009	main
ARREST_raw	Edinburgh	458	18400	A	0.010000000000000009	main
ARREST_raw	Edinburgh	458	18500	A	0.010000000000000009	main
ARREST_raw	Edinburgh	458	18600	A	0.010000000000000009	main
ARREST_raw	Edinburgh	458	18700	A	0.010000000000000009	main
ARREST_raw	Edinburgh	458	18800	A	0.010000000000000009	main
ARREST_raw	Edinburgh	458	18900	A	0.010000000000000009	main
ARREST_raw	Edinburgh	458	19000	A	0.010000000000000009	main
ARREST_raw	Edinburgh	458	19100	A	0.010000000000000009	main
ARREST_raw	Edinburgh	458	19200	A	0.010000000000000009	main
ARREST_raw	Edinburgh	458	19300	A	0.010000000000000009	main
ARREST_raw	Edinburgh	458	19400	A	0.010000000000000009	main
ARREST_raw	Edinburgh	458	19500	A	0.010000000000000009	main
ARREST_raw	Edinburgh	458	19600	A	0.010000000000000009	main
ARREST_raw	Edinburgh	458	19700	A	0.010000000000000009	main
ARREST_raw	Edinburgh	458	19800	A	0.010000000000000009	main
ARREST_raw	Edinburgh	458	19900	A	0.010000000000000009	main
ARREST_raw	Edinburgh	458	20000	A	0.010000000000000009	main
ARREST_raw	Edinburgh 2	463	100	A	0.010000000000000009	main
ARREST_raw	Edinburgh 2	463	200	A	0.010000000000000009	main
ARREST_raw	Edinburgh 2	463	300	A	0.010000000000000009	main
ARREST_raw	Edinburgh 2	463	400	A	0.010000000000000009	main
ARREST_raw	Edinburgh 2	463	500	A	0.010000000000000009	main
ARREST_raw	Edinburgh 2	463	600	A	0.010000000000000009	main
ARREST_raw	Edinburgh 2	463	700	A	0.010000000000000009	main
ARREST_raw	Edinburgh 2	463	800	A	0.010000000000000009	main
ARREST_raw	Edinburgh 2	463	900	A	0.010000000000000009	main
ARREST_raw	Edinburgh 2	463	1000	A	0.010000000000000009	main
ARREST_raw	Edinburgh 2	463	1100	A	0.010000000000000009	main
ARREST_raw	Edinburgh 2	463	1200	A	0.010000000000000009	main
ARREST_raw	Edinburgh 2	463	1300	A	0.010000000000000009	main
ARREST_raw	Edinburgh 2	463	1400	A	0.010000000000000009	main
ARREST_raw	Edinburgh 2	463	1500	A	0.010000000000000009	main
ARREST_raw	Edinburgh 2	463	1600	A	0.010000000000000009	main
ARREST_raw	Edinburgh 2	463	1700	A	0.010000000000000009	main
ARREST_raw	Edinburgh 2	463	1800	A	0.010000000000000009	main
ARREST_raw	Edinburgh 2	463	1900	A	0.010000000000000009	main
ARREST_raw	Edinburgh 2	463	2000	A	0.010000000000000009	main
ARREST_raw	Edinburgh 2	463	2100	A	0.010000000000000009	main
ARREST_raw	Edinburgh 2	463	2200	A	0.010000000000000009	main
ARREST_raw	Edinburgh 2	463	2300	A	0.010000000000000009	main
ARREST_raw	Edinburgh 2	463	2400	A	0.010000000000000009	main
ARREST_raw	Edinburgh 2	463	2500	A	0.010000000000000009	main
ARREST_raw	Edinburgh 2	463	2600	A	0.010000000000000009	main
ARREST_raw	Edinburgh 2	463	2700	A	0.010000000000000009	main
ARREST_raw	Edinburgh 2	463	2800	A	0.010000000000000009	main
ARREST_raw	Edinburgh 2	463	2900	A	0.010000000000000009	main
ARREST_raw	Edinburgh 2	463	3000	A	0.010000000000000009	main
ARREST_raw	Edinburgh 2	463	3100	A	0.010000000000000009	main
ARREST_raw	Edinburgh 2	463	3200	A	0.010000000000000009	main
ARREST_raw	Edinburgh 2	463	3300	A	0.010000000000000009	main
ARREST_raw	Edinburgh 2	463	3400	A	0.010000000000000009	main
ARREST_raw	Edinburgh 2	463	3500	A	0.010000000000000009	main
ARREST_raw	Edinburgh 2	463	3600	A	0.010000000000000009	main
ARREST_raw	Edinburgh 2	463	3700	A	0.010000000000000009	main
ARREST_raw	Edinburgh 2	463	3800	A	0.010000000000000009	main
ARREST_raw	Edinburgh 2	463	3900	A	0.010000000000000009	main
ARREST_raw	Edinburgh 2	463	4000	A	0.010000000000000009	main
ARREST_raw	Edinburgh 2	463	4100	A	0.010000000000000009	main
ARREST_raw	Edinburgh 2	463	4200	A	0.010000000000000009	main
ARREST_raw	Edinburgh 2	463	4300	A	0.010000000000000009	main
ARREST_raw	Edinburgh 2	463	4400	A	0.010000000000000009	main
ARREST_raw	Edinburgh 2	463	4500	A	0.010000000000000009	main
ARREST_raw	Edinburgh 2	463	4600	A	0.010000000000000009	main
ARREST_raw	Edinburgh 2	463	4700	A	0.010000000000000009	main
ARREST_raw	Edinburgh 2	463	4800	A	0.010000000000000009	main
ARREST_raw	Edinburgh 2	463	4900	A	0.010000000000000009	main
ARREST_raw	Edinburgh 2	463	5000	A	0.010000000000000009	main
ARREST_raw	Edinburgh 2	463	5100	A	0.010000000000000009	main
ARREST_raw	Edinburgh 2	463	5200	A	0.010000000000000009	main
ARREST_raw	Edinburgh 2	463	5300	A	0.010000000000000009	main
ARREST_raw	Edinburgh 2	463	5400	A	0.010000000000000009	main
ARREST_raw	Edinburgh 2	463	5500	A	0.010000000000000009	main
ARREST_raw	Edinburgh 2	463	5600	A	0.010000000000000009	main
ARREST_raw	Edinburgh 2	463	5700	A	0.010000000000000009	main
ARREST_raw	Edinburgh 2	463	5800	A	0.010000000000000009	main
ARREST_raw	Edinburgh 2	463	5900	A	0.010000000000000009	main
ARREST_raw	Edinburgh 2	463	6000	A	0.010000000000000009	main
ARREST_raw	Edinburgh 2	463	6100	A	0.010000000000000009	main
ARREST_raw	Edinburgh 2	463	6200	A	0.010000000000000009	main
ARREST_raw	Edinburgh 2	463	6300	A	0.010000000000000009	main
ARREST_raw	Edinburgh 2	463	6400	A	0.010000000000000009	main
ARREST_raw	Edinburgh 2	463	6500	A	0.010000000000000009	main
ARREST_raw	Edinburgh 2	463	6600	A	0.010000000000000009	main
ARREST_raw	Edinburgh 2	463	6700	A	0.010000000000000009	main
ARREST_raw	Edinburgh 2	463	6800	A	0.010000000000000009	main
ARREST_raw	Edinburgh 2	463	6900	A	0.010000000000000009	main
ARREST_raw	Edinburgh 2	463	7000	A	0.010000000000000009	main
ARREST_raw	Edinburgh 2	463	7100	A	0.010000000000000009	main
ARREST_raw	Edinburgh 2	463	7200	A	0.010000000000000009	main
ARREST_raw	Edinburgh 2	463	7300	A	0.010000000000000009	main
ARREST_raw	Edinburgh 2	463	7400	A	0.010000000000000009	main
ARREST_raw	Edinburgh 2	463	7500	A	0.010000000000000009	main
ARREST_raw	Edinburgh 2	463	7600	A	0.010000000000000009	main
ARREST_raw	Edinburgh 2	463	7700	A	0.010000000000000009	main
ARREST_raw	Edinburgh 2	463	7800	A	0.010000000000000009	main
ARREST_raw	Edinburgh 2	463	7900	A	0.010000000000000009	main
ARREST_raw	Edinburgh 2	463	8000	A	0.010000000000000009	main
ARREST_raw	Edinburgh 2	463	8100	A	0.010000000000000009	main
ARREST_raw	Edinburgh 2	463	8200	A	0.010000000000000009	main
ARREST_raw	Edinburgh 2	463	8300	A	0.010000000000000009	main
ARREST_raw	Edinburgh 2	463	8400	A	0.010000000000000009	main
ARREST_raw	Edinburgh 2	463	8500	A	0.010000000000000009	main
ARREST_raw	Edinburgh 2	463	8600	A	0.010000000000000009	main
ARREST_raw	Edinburgh 2	463	8700	A	0.010000000000000009	main
ARREST_raw	Edinburgh 2	463	8800	A	0.010000000000000009	main
ARREST_raw	Edinburgh 2	463	8900	A	0.010000000000000009	main
ARREST_raw	Edinburgh 2	463	9000	A	0.010000000000000009	main
ARREST_raw	Edinburgh 2	463	9100	A	0.010000000000000009	main
ARREST_raw	Edinburgh 2	463	9200	A	0.010000000000000009	main
ARREST_raw	Edinburgh 2	463	9300	A	0.010000000000000009	main
ARREST_raw	Edinburgh 2	463	9400	A	0.010000000000000009	main
ARREST_raw	Edinburgh 2	463	9500	A	0.010000000000000009	main
ARREST_raw	Edinburgh 2	463	9600	A	0.010000000000000009	main
ARREST_raw	Edinburgh 2	463	9700	A	0.010000000000000009	main
ARREST_raw	Edinburgh 2	463	9800	A	0.010000000000000009	main
ARREST_raw	Edinburgh 2	463	9900	A	0.010000000000000009	main
ARREST_raw	Edinburgh 2	463	10000	A	0.010000000000000009	main
ARREST_raw	Edinburgh 2	463	10100	A	0.010000000000000009	main
ARREST_raw	Edinburgh 2	463	10200	A	0.010000000000000009	main
ARREST_raw	Edinburgh 2	463	10300	A	0.010000000000000009	main
ARREST_raw	Edinburgh 2	463	10400	A	0.010000000000000009	main
ARREST_raw	Edinburgh 2	463	10500	A	0.010000000000000009	main
ARREST_raw	Edinburgh 2	463	10600	A	0.010000000000000009	main
ARREST_raw	Edinburgh 2	463	10700	A	0.010000000000000009	main
ARREST_raw	Edinburgh 2	463	10800	A	0.010000000000000009	main
ARREST_raw	Edinburgh 2	463	10900	A	0.010000000000000009	main
ARREST_raw	Edinburgh 2	463	11000	A	0.010000000000000009	main
ARREST_raw	Edinburgh 2	463	11100	A	0.010000000000000009	main
ARREST_raw	Edinburgh 2	463	11200	A	0.010000000000000009	main
ARREST_raw	Edinburgh 2	463	11300	A	0.010000000000000009	main
ARREST_raw	Edinburgh 2	463	11400	A	0.010000000000000009	main
ARREST_raw	Edinburgh 2	463	11500	A	0.010000000000000009	main
ARREST_raw	Edinburgh 2	463	11600	A	0.010000000000000009	main
ARREST_raw	Edinburgh 2	463	11700	A	0.010000000000000009	main
ARREST_raw	Edinburgh 2	463	11800	A	0.010000000000000009	main
ARREST_raw	Edinburgh 2	463	11900	A	0.010000000000000009	main
ARREST_raw	Edinburgh 2	463	12000	A	0.010000000000000009	main
ARREST_raw	Edinburgh 2	463	12100	A	0.010000000000000009	main
ARREST_raw	Edinburgh 2	463	12200	A	0.010000000000000009	main
ARREST_raw	Edinburgh 2	463	12300	A	0.010000000000000009	main
ARREST_raw	Edinburgh 2	463	12400	A	0.010000000000000009	main
ARREST_raw	Edinburgh 2	463	12500	A	0.010000000000000009	main
ARREST_raw	Edinburgh 2	463	12600	A	0.010000000000000009	main
ARREST_raw	Edinburgh 2	463	12700	A	0.010000000000000009	main
ARREST_raw	Edinburgh 2	463	12800	A	0.010000000000000009	main
ARREST_raw	Edinburgh 2	463	12900	A	0.010000000000000009	main
ARREST_raw	Edinburgh 2	463	13000	A	0.010000000000000009	main
ARREST_raw	Edinburgh 2	463	13100	A	0.010000000000000009	main
ARREST_raw	Edinburgh 2	463	13200	A	0.010000000000000009	main
ARREST_raw	Edinburgh 2	463	13300	A	0.010000000000000009	main
ARREST_raw	Edinburgh 2	463	13400	A	0.010000000000000009	main
ARREST_raw	Edinburgh 2	463	13500	A	0.010000000000000009	main
ARREST_raw	Edinburgh 2	463	13600	A	0.010000000000000009	main
ARREST_raw	Edinburgh 2	463	13700	A	0.010000000000000009	main
ARREST_raw	Edinburgh 2	463	13800	A	0.010000000000000009	main
ARREST_raw	Edinburgh 2	463	13900	A	0.010000000000000009	main
ARREST_raw	Edinburgh 2	463	14000	A	0.010000000000000009	main
ARREST_raw	Edinburgh 2	463	14100	A	0.010000000000000009	main
ARREST_raw	Edinburgh 2	463	14200	A	0.010000000000000009	main
ARREST_raw	Edinburgh 2	463	14300	A	0.010000000000000009	main
ARREST_raw	Edinburgh 2	463	14400	A	0.010000000000000009	main
ARREST_raw	Edinburgh 2	463	14500	A	0.010000000000000009	main
ARREST_raw	Edinburgh 2	463	14600	A	0.010000000000000009	main
ARREST_raw	Edinburgh 2	463	14700	A	0.010000000000000009	main
ARREST_raw	Edinburgh 2	463	14800	A	0.010000000000000009	main
ARREST_raw	Edinburgh 2	463	14900	A	0.010000000000000009	main
ARREST_raw	Edinburgh 2	463	15000	A	0.010000000000000009	main
ARREST_raw	Edinburgh 2	463	15100	A	0.010000000000000009	main
ARREST_raw	Edinburgh 2	463	15200	A	0.010000000000000009	main
ARREST_raw	Edinburgh 2	463	15300	A	0.010000000000000009	main
ARREST_raw	Edinburgh 2	463	15400	A	0.010000000000000009	main
ARREST_raw	Edinburgh 2	463	15500	A	0.010000000000000009	main
ARREST_raw	Edinburgh 2	463	15600	A	0.010000000000000009	main
ARREST_raw	Edinburgh 2	463	15700	A	0.010000000000000009	main
ARREST_raw	Edinburgh 2	463	15800	A	0.010000000000000009	main
ARREST_raw	Edinburgh 2	463	15900	A	0.010000000000000009	main
ARREST_raw	Edinburgh 2	463	16000	A	0.010000000000000009	main
ARREST_raw	Edinburgh 2	463	16100	A	0.010000000000000009	main
ARREST_raw	Edinburgh 2	463	16200	A	0.010000000000000009	main
ARREST_raw	Edinburgh 2	463	16300	A	0.010000000000000009	main
ARREST_raw	Edinburgh 2	463	16400	A	0.010000000000000009	main
ARREST_raw	Edinburgh 2	463	16500	A	0.010000000000000009	main
ARREST_raw	Edinburgh 2	463	16600	A	0.010000000000000009	main
ARREST_raw	Edinburgh 2	463	16700	A	0.010000000000000009	main
ARREST_raw	Edinburgh 2	463	16800	A	0.010000000000000009	main
ARREST_raw	Edinburgh 2	463	16900	A	0.010000000000000009	main
ARREST_raw	Edinburgh 2	463	17000	A	0.010000000000000009	main
ARREST_raw	Edinburgh 2	463	17100	A	0.010000000000000009	main
ARREST_raw	Edinburgh 2	463	17200	A	0.010000000000000009	main
ARREST_raw	Edinburgh 2	463	17300	A	0.010000000000000009	main
ARREST_raw	Edinburgh 2	463	17400	A	0.010000000000000009	main
ARREST_raw	Edinburgh 2	463	17500	A	0.010000000000000009	main
ARREST_raw	Edinburgh 2	463	17600	A	0.010000000000000009	main
ARREST_raw	Edinburgh 2	463	17700	A	0.010000000000000009	main
ARREST_raw	Edinburgh 2	463	17800	A	0.010000000000000009	main
ARREST_raw	Edinburgh 2	463	17900	A	0.010000000000000009	main
ARREST_raw	Edinburgh 2	463	18000	A	0.010000000000000009	main
ARREST_raw	Edinburgh 2	463	18100	A	0.010000000000000009	main
ARREST_raw	Edinburgh 2	463	18200	A	0.010000000000000009	main
ARREST_raw	Edinburgh 2	463	18300	A	0.010000000000000009	main
ARREST_raw	Edinburgh 2	463	18400	A	0.010000000000000009	main
ARREST_raw	Edinburgh 2	463	18500	A	0.010000000000000009	main
ARREST_raw	Edinburgh 2	463	18600	A	0.010000000000000009	main
ARREST_raw	Edinburgh 2	463	18700	A	0.010000000000000009	main
ARREST_raw	Edinburgh 2	463	18800	A	0.010000000000000009	main
ARREST_raw	Edinburgh 2	463	18900	A	0.010000000000000009	main
ARREST_raw	Edinburgh 2	463	19000	A	0.010000000000000009	main
ARREST_raw	Edinburgh 2	463	19100	A	0.010000000000000009	main
ARREST_raw	Edinburgh 2	463	19200	A	0.010000000000000009	main
ARREST_raw	Edinburgh 2	463	19300	A	0.010000000000000009	main
ARREST_raw	Edinburgh 2	463	19400	A	0.010000000000000009	main
ARREST_raw	Edinburgh 2	463	19500	A	0.010000000000000009	main
ARREST_raw	Edinburgh 2	463	19600	A	0.010000000000000009	main
ARREST_raw	Edinburgh 2	463	19700	A	0.010000000000000009	main
ARREST_raw	Edinburgh 2	463	19800	A	0.010000000000000009	main
ARREST_raw	Edinburgh 2	463	19900	A	0.010000000000000009	main
ARREST_raw	Edinburgh 2	463	20000	A	0.010000000000000009	main
ARREST_raw	IDISA	490	100	A	0.010000000000000009	main
ARREST_raw	IDISA	490	200	A	0.010000000000000009	main
ARREST_raw	IDISA	490	300	A	0.010000000000000009	main
ARREST_raw	IDISA	490	400	A	0.010000000000000009	main
ARREST_raw	IDISA	490	500	A	0.010000000000000009	main
ARREST_raw	IDISA	490	600	A	0.010000000000000009	main
ARREST_raw	IDISA	490	700	A	0.010000000000000009	main
ARREST_raw	IDISA	490	800	A	0.010000000000000009	main
ARREST_raw	IDISA	490	900	A	0.010000000000000009	main
ARREST_raw	IDISA	490	1000	A	0.010000000000000009	main
ARREST_raw	IDISA	490	1100	A	0.010000000000000009	main
ARREST_raw	IDISA	490	1200	A	0.010000000000000009	main
ARREST_raw	IDISA	490	1300	A	0.010000000000000009	main
ARREST_raw	IDISA	490	1400	A	0.010000000000000009	main
ARREST_raw	IDISA	490	1500	A	0.010000000000000009	main
ARREST_raw	IDISA	490	1600	A	0.010000000000000009	main
ARREST_raw	IDISA	490	1700	A	0.010000000000000009	main
ARREST_raw	IDISA	490	1800	A	0.010000000000000009	main
ARREST_raw	IDISA	490	1900	A	0.010000000000000009	main
ARREST_raw	IDISA	490	2000	A	0.010000000000000009	main
ARREST_raw	IDISA	490	2100	A	0.010000000000000009	main
ARREST_raw	IDISA	490	2200	A	0.010000000000000009	main
ARREST_raw	IDISA	490	2300	A	0.010000000000000009	main
ARREST_raw	IDISA	490	2400	A	0.010000000000000009	main
ARREST_raw	IDISA	490	2500	A	0.010000000000000009	main
ARREST_raw	IDISA	490	2600	A	0.010000000000000009	main
ARREST_raw	IDISA	490	2700	A	0.010000000000000009	main
ARREST_raw	IDISA	490	2800	A	0.010000000000000009	main
ARREST_raw	IDISA	490	2900	A	0.010000000000000009	main
ARREST_raw	IDISA	490	3000	A	0.010000000000000009	main
ARREST_raw	IDISA	490	3100	A	0.010000000000000009	main
ARREST_raw	IDISA	490	3200	A	0.010000000000000009	main
ARREST_raw	IDISA	490	3300	A	0.010000000000000009	main
ARREST_raw	IDISA	490	3400	A	0.010000000000000009	main
ARREST_raw	IDISA	490	3500	A	0.010000000000000009	main
ARREST_raw	IDISA	490	3600	A	0.010000000000000009	main
ARREST_raw	IDISA	490	3700	A	0.010000000000000009	main
ARREST_raw	IDISA	490	3800	A	0.010000000000000009	main
ARREST_raw	IDISA	490	3900	A	0.010000000000000009	main
ARREST_raw	IDISA	490	4000	A	0.010000000000000009	main
ARREST_raw	IDISA	490	4100	A	0.010000000000000009	main
ARREST_raw	IDISA	490	4200	A	0.010000000000000009	main
ARREST_raw	IDISA	490	4300	A	0.010000000000000009	main
ARREST_raw	IDISA	490	4400	A	0.010000000000000009	main
ARREST_raw	IDISA	490	4500	A	0.010000000000000009	main
ARREST_raw	IDISA	490	4600	A	0.010000000000000009	main
ARREST_raw	IDISA	490	4700	A	0.010000000000000009	main
ARREST_raw	IDISA	490	4800	A	0.010000000000000009	main
ARREST_raw	IDISA	490	4900	A	0.010000000000000009	main
ARREST_raw	IDISA	490	5000	A	0.010000000000000009	main
ARREST_raw	IDISA	490	5100	A	0.010000000000000009	main
ARREST_raw	IDISA	490	5200	A	0.010000000000000009	main
ARREST_raw	IDISA	490	5300	A	0.010000000000000009	main
ARREST_raw	IDISA	490	5400	A	0.010000000000000009	main
ARREST_raw	IDISA	490	5500	A	0.010000000000000009	main
ARREST_raw	IDISA	490	5600	A	0.010000000000000009	main
ARREST_raw	IDISA	490	5700	A	0.010000000000000009	main
ARREST_raw	IDISA	490	5800	A	0.010000000000000009	main
ARREST_raw	IDISA	490	5900	A	0.010000000000000009	main
ARREST_raw	IDISA	490	6000	A	0.010000000000000009	main
ARREST_raw	IDISA	490	6100	A	0.010000000000000009	main
ARREST_raw	IDISA	490	6200	A	0.010000000000000009	main
ARREST_raw	IDISA	490	6300	A	0.010000000000000009	main
ARREST_raw	IDISA	490	6400	A	0.010000000000000009	main
ARREST_raw	IDISA	490	6500	A	0.010000000000000009	main
ARREST_raw	IDISA	490	6600	A	0.010000000000000009	main
ARREST_raw	IDISA	490	6700	A	0.010000000000000009	main
ARREST_raw	IDISA	490	6800	A	0.010000000000000009	main
ARREST_raw	IDISA	490	6900	A	0.010000000000000009	main
ARREST_raw	IDISA	490	7000	A	0.010000000000000009	main
ARREST_raw	IDISA	490	7100	A	0.010000000000000009	main
ARREST_raw	IDISA	490	7200	A	0.010000000000000009	main
ARREST_raw	IDISA	490	7300	A	0.010000000000000009	main
ARREST_raw	IDISA	490	7400	A	0.010000000000000009	main
ARREST_raw	IDISA	490	7500	A	0.010000000000000009	main
ARREST_raw	IDISA	490	7600	A	0.010000000000000009	main
ARREST_raw	IDISA	490	7700	A	0.010000000000000009	main
ARREST_raw	IDISA	490	7800	A	0.010000000000000009	main
ARREST_raw	IDISA	490	7900	A	0.010000000000000009	main
ARREST_raw	IDISA	490	8000	A	0.010000000000000009	main
ARREST_raw	IDISA	490	8100	A	0.010000000000000009	main
ARREST_raw	IDISA	490	8200	A	0.010000000000000009	main
ARREST_raw	IDISA	490	8300	A	0.010000000000000009	main
ARREST_raw	IDISA	490	8400	A	0.010000000000000009	main
ARREST_raw	IDISA	490	8500	A	0.010000000000000009	main
ARREST_raw	IDISA	490	8600	A	0.010000000000000009	main
ARREST_raw	IDISA	490	8700	A	0.010000000000000009	main
ARREST_raw	IDISA	490	8800	A	0.010000000000000009	main
ARREST_raw	IDISA	490	8900	A	0.010000000000000009	main
ARREST_raw	IDISA	490	9000	A	0.010000000000000009	main
ARREST_raw	IDISA	490	9100	A	0.010000000000000009	main
ARREST_raw	IDISA	490	9200	A	0.010000000000000009	main
ARREST_raw	IDISA	490	9300	A	0.010000000000000009	main
ARREST_raw	IDISA	490	9400	A	0.010000000000000009	main
ARREST_raw	IDISA	490	9500	A	0.010000000000000009	main
ARREST_raw	IDISA	490	9600	A	0.010000000000000009	main
ARREST_raw	IDISA	490	9700	A	0.010000000000000009	main
ARREST_raw	IDISA	490	9800	A	0.010000000000000009	main
ARREST_raw	IDISA	490	9900	A	0.010000000000000009	main
ARREST_raw	IDISA	490	10000	A	0.010000000000000009	main
ARREST_raw	IDISA	490	10100	A	0.010000000000000009	main
ARREST_raw	IDISA	490	10200	A	0.010000000000000009	main
ARREST_raw	IDISA	490	10300	A	0.010000000000000009	main
ARREST_raw	IDISA	490	10400	A	0.010000000000000009	main
ARREST_raw	IDISA	490	10500	A	0.010000000000000009	main
ARREST_raw	IDISA	490	10600	A	0.010000000000000009	main
ARREST_raw	IDISA	490	10700	A	0.010000000000000009	main
ARREST_raw	IDISA	490	10800	A	0.010000000000000009	main
ARREST_raw	IDISA	490	10900	A	0.010000000000000009	main
ARREST_raw	IDISA	490	11000	A	0.010000000000000009	main
ARREST_raw	IDISA	490	11100	A	0.010000000000000009	main
ARREST_raw	IDISA	490	11200	A	0.010000000000000009	main
ARREST_raw	IDISA	490	11300	A	0.010000000000000009	main
ARREST_raw	IDISA	490	11400	A	0.010000000000000009	main
ARREST_raw	IDISA	490	11500	A	0.010000000000000009	main
ARREST_raw	IDISA	490	11600	A	0.010000000000000009	main
ARREST_raw	IDISA	490	11700	A	0.010000000000000009	main
ARREST_raw	IDISA	490	11800	A	0.010000000000000009	main
ARREST_raw	IDISA	490	11900	A	0.010000000000000009	main
ARREST_raw	IDISA	490	12000	A	0.010000000000000009	main
ARREST_raw	IDISA	490	12100	A	0.010000000000000009	main
ARREST_raw	IDISA	490	12200	A	0.010000000000000009	main
ARREST_raw	IDISA	490	12300	A	0.010000000000000009	main
ARREST_raw	IDISA	490	12400	A	0.010000000000000009	main
ARREST_raw	IDISA	490	12500	A	0.010000000000000009	main
ARREST_raw	IDISA	490	12600	A	0.010000000000000009	main
ARREST_raw	IDISA	490	12700	A	0.010000000000000009	main
ARREST_raw	IDISA	490	12800	A	0.010000000000000009	main
ARREST_raw	IDISA	490	12900	A	0.010000000000000009	main
ARREST_raw	IDISA	490	13000	A	0.010000000000000009	main
ARREST_raw	IDISA	490	13100	A	0.010000000000000009	main
ARREST_raw	IDISA	490	13200	A	0.010000000000000009	main
ARREST_raw	IDISA	490	13300	A	0.010000000000000009	main
ARREST_raw	IDISA	490	13400	A	0.010000000000000009	main
ARREST_raw	IDISA	490	13500	A	0.010000000000000009	main
ARREST_raw	IDISA	490	13600	A	0.010000000000000009	main
ARREST_raw	IDISA	490	13700	A	0.010000000000000009	main
ARREST_raw	IDISA	490	13800	A	0.010000000000000009	main
ARREST_raw	IDISA	490	13900	A	0.010000000000000009	main
ARREST_raw	IDISA	490	14000	A	0.010000000000000009	main
ARREST_raw	IDISA	490	14100	A	0.010000000000000009	main
ARREST_raw	IDISA	490	14200	A	0.010000000000000009	main
ARREST_raw	IDISA	490	14300	A	0.010000000000000009	main
ARREST_raw	IDISA	490	14400	A	0.010000000000000009	main
ARREST_raw	IDISA	490	14500	A	0.010000000000000009	main
ARREST_raw	IDISA	490	14600	A	0.010000000000000009	main
ARREST_raw	IDISA	490	14700	A	0.010000000000000009	main
ARREST_raw	IDISA	490	14800	A	0.010000000000000009	main
ARREST_raw	IDISA	490	14900	A	0.010000000000000009	main
ARREST_raw	IDISA	490	15000	A	0.010000000000000009	main
ARREST_raw	IDISA	490	15100	A	0.010000000000000009	main
ARREST_raw	IDISA	490	15200	A	0.010000000000000009	main
ARREST_raw	IDISA	490	15300	A	0.010000000000000009	main
ARREST_raw	IDISA	490	15400	A	0.010000000000000009	main
ARREST_raw	IDISA	490	15500	A	0.010000000000000009	main
ARREST_raw	IDISA	490	15600	A	0.010000000000000009	main
ARREST_raw	IDISA	490	15700	A	0.010000000000000009	main
ARREST_raw	IDISA	490	15800	A	0.010000000000000009	main
ARREST_raw	IDISA	490	15900	A	0.010000000000000009	main
ARREST_raw	IDISA	490	16000	A	0.010000000000000009	main
ARREST_raw	IDISA	490	16100	A	0.010000000000000009	main
ARREST_raw	IDISA	490	16200	A	0.010000000000000009	main
ARREST_raw	IDISA	490	16300	A	0.010000000000000009	main
ARREST_raw	IDISA	490	16400	A	0.010000000000000009	main
ARREST_raw	IDISA	490	16500	A	0.010000000000000009	main
ARREST_raw	IDISA	490	16600	A	0.010000000000000009	main
ARREST_raw	IDISA	490	16700	A	0.010000000000000009	main
ARREST_raw	IDISA	490	16800	A	0.010000000000000009	main
ARREST_raw	IDISA	490	16900	A	0.010000000000000009	main
ARREST_raw	IDISA	490	17000	A	0.010000000000000009	main
ARREST_raw	IDISA	490	17100	A	0.010000000000000009	main
ARREST_raw	IDISA	490	17200	A	0.010000000000000009	main
ARREST_raw	IDISA	490	17300	A	0.010000000000000009	main
ARREST_raw	IDISA	490	17400	A	0.010000000000000009	main
ARREST_raw	IDISA	490	17500	A	0.010000000000000009	main
ARREST_raw	IDISA	490	17600	A	0.010000000000000009	main
ARREST_raw	IDISA	490	17700	A	0.010000000000000009	main
ARREST_raw	IDISA	490	17800	A	0.010000000000000009	main
ARREST_raw	IDISA	490	17900	A	0.010000000000000009	main
ARREST_raw	IDISA	490	18000	A	0.010000000000000009	main
ARREST_raw	IDISA	490	18100	A	0.010000000000000009	main
ARREST_raw	IDISA	490	18200	A	0.010000000000000009	main
ARREST_raw	IDISA	490	18300	A	0.010000000000000009	main
ARREST_raw	IDISA	490	18400	A	0.010000000000000009	main
ARREST_raw	IDISA	490	18500	A	0.010000000000000009	main
ARREST_raw	IDISA	490	18600	A	0.010000000000000009	main
ARREST_raw	IDISA	490	18700	A	0.010000000000000009	main
ARREST_raw	IDISA	490	18800	A	0.010000000000000009	main
ARREST_raw	IDISA	490	18900	A	0.010000000000000009	main
ARREST_raw	IDISA	490	19000	A	0.010000000000000009	main
ARREST_raw	IDISA	490	19100	A	0.010000000000000009	main
ARREST_raw	IDISA	490	19200	A	0.010000000000000009	main
ARREST_raw	IDISA	490	19300	A	0.010000000000000009	main
ARREST_raw	IDISA	490	19400	A	0.010000000000000009	main
ARREST_raw	IDISA	490	19500	A	0.010000000000000009	main
ARREST_raw	IDISA	490	19600	A	0.010000000000000009	main
ARREST_raw	IDISA	490	19700	A	0.010000000000000009	main
ARREST_raw	IDISA	490	19800	A	0.010000000000000009	main
ARREST_raw	IDISA	490	19900	A	0.010000000000000009	main
ARREST_raw	IDISA	490	20000	A	0.010000000000000009	main
ARREST_raw	SABG-PCS	755	100	A	0.010000000000000009	main
ARREST_raw	SABG-PCS	755	200	A	0.010000000000000009	main
ARREST_raw	SABG-PCS	755	300	A	0.010000000000000009	main
ARREST_raw	SABG-PCS	755	400	A	0.010000000000000009	main
ARREST_raw	SABG-PCS	755	500	A	0.010000000000000009	main
ARREST_raw	SABG-PCS	755	600	A	0.010000000000000009	main
ARREST_raw	SABG-PCS	755	700	A	0.010000000000000009	main
ARREST_raw	SABG-PCS	755	800	A	0.010000000000000009	main
ARREST_raw	SABG-PCS	755	900	A	0.010000000000000009	main
ARREST_raw	SABG-PCS	755	1000	A	0.010000000000000009	main
ARREST_raw	SABG-PCS	755	1100	A	0.010000000000000009	main
ARREST_raw	SABG-PCS	755	1200	A	0.010000000000000009	main
ARREST_raw	SABG-PCS	755	1300	A	0.010000000000000009	main
ARREST_raw	SABG-PCS	755	1400	A	0.010000000000000009	main
ARREST_raw	SABG-PCS	755	1500	A	0.010000000000000009	main
ARREST_raw	SABG-PCS	755	1600	A	0.010000000000000009	main
ARREST_raw	SABG-PCS	755	1700	A	0.010000000000000009	main
ARREST_raw	SABG-PCS	755	1800	A	0.010000000000000009	main
ARREST_raw	SABG-PCS	755	1900	A	0.010000000000000009	main
ARREST_raw	SABG-PCS	755	2000	A	0.010000000000000009	main
ARREST_raw	SABG-PCS	755	2100	A	0.010000000000000009	main
ARREST_raw	SABG-PCS	755	2200	A	0.010000000000000009	main
ARREST_raw	SABG-PCS	755	2300	A	0.010000000000000009	main
ARREST_raw	SABG-PCS	755	2400	A	0.010000000000000009	main
ARREST_raw	SABG-PCS	755	2500	A	0.010000000000000009	main
ARREST_raw	SABG-PCS	755	2600	A	0.010000000000000009	main
ARREST_raw	SABG-PCS	755	2700	A	0.010000000000000009	main
ARREST_raw	SABG-PCS	755	2800	A	0.010000000000000009	main
ARREST_raw	SABG-PCS	755	2900	A	0.010000000000000009	main
ARREST_raw	SABG-PCS	755	3000	A	0.010000000000000009	main
ARREST_raw	SABG-PCS	755	3100	A	0.010000000000000009	main
ARREST_raw	SABG-PCS	755	3200	A	0.010000000000000009	main
ARREST_raw	SABG-PCS	755	3300	A	0.010000000000000009	main
ARREST_raw	SABG-PCS	755	3400	A	0.010000000000000009	main
ARREST_raw	SABG-PCS	755	3500	A	0.010000000000000009	main
ARREST_raw	SABG-PCS	755	3600	A	0.010000000000000009	main
ARREST_raw	SABG-PCS	755	3700	A	0.010000000000000009	main
ARREST_raw	SABG-PCS	755	3800	A	0.010000000000000009	main
ARREST_raw	SABG-PCS	755	3900	A	0.010000000000000009	main
ARREST_raw	SABG-PCS	755	4000	A	0.010000000000000009	main
ARREST_raw	SABG-PCS	755	4100	A	0.010000000000000009	main
ARREST_raw	SABG-PCS	755	4200	A	0.010000000000000009	main
ARREST_raw	SABG-PCS	755	4300	A	0.010000000000000009	main
ARREST_raw	SABG-PCS	755	4400	A	0.010000000000000009	main
ARREST_raw	SABG-PCS	755	4500	A	0.010000000000000009	main
ARREST_raw	SABG-PCS	755	4600	A	0.010000000000000009	main
ARREST_raw	SABG-PCS	755	4700	A	0.010000000000000009	main
ARREST_raw	SABG-PCS	755	4800	A	0.010000000000000009	main
ARREST_raw	SABG-PCS	755	4900	A	0.010000000000000009	main
ARREST_raw	SABG-PCS	755	5000	A	0.010000000000000009	main
ARREST_raw	SABG-PCS	755	5100	A	0.010000000000000009	main
ARREST_raw	SABG-PCS	755	5200	A	0.010000000000000009	main
ARREST_raw	SABG-PCS	755	5300	A	0.010000000000000009	main
ARREST_raw	SABG-PCS	755	5400	A	0.010000000000000009	main
ARREST_raw	SABG-PCS	755	5500	A	0.010000000000000009	main
ARREST_raw	SABG-PCS	755	5600	A	0.010000000000000009	main
ARREST_raw	SABG-PCS	755	5700	A	0.010000000000000009	main
ARREST_raw	SABG-PCS	755	5800	A	0.010000000000000009	main
ARREST_raw	SABG-PCS	755	5900	A	0.010000000000000009	main
ARREST_raw	SABG-PCS	755	6000	A	0.010000000000000009	main
ARREST_raw	SABG-PCS	755	6100	A	0.010000000000000009	main
ARREST_raw	SABG-PCS	755	6200	A	0.010000000000000009	main
ARREST_raw	SABG-PCS	755	6300	A	0.010000000000000009	main
ARREST_raw	SABG-PCS	755	6400	A	0.010000000000000009	main
ARREST_raw	SABG-PCS	755	6500	A	0.010000000000000009	main
ARREST_raw	SABG-PCS	755	6600	A	0.010000000000000009	main
ARREST_raw	SABG-PCS	755	6700	A	0.010000000000000009	main
ARREST_raw	SABG-PCS	755	6800	A	0.010000000000000009	main
ARREST_raw	SABG-PCS	755	6900	A	0.010000000000000009	main
ARREST_raw	SABG-PCS	755	7000	A	0.010000000000000009	main
ARREST_raw	SABG-PCS	755	7100	A	0.010000000000000009	main
ARREST_raw	SABG-PCS	755	7200	A	0.010000000000000009	main
ARREST_raw	SABG-PCS	755	7300	A	0.010000000000000009	main
ARREST_raw	SABG-PCS	755	7400	A	0.010000000000000009	main
ARREST_raw	SABG-PCS	755	7500	A	0.010000000000000009	main
ARREST_raw	SABG-PCS	755	7600	A	0.010000000000000009	main
ARREST_raw	SABG-PCS	755	7700	A	0.010000000000000009	main
ARREST_raw	SABG-PCS	755	7800	A	0.010000000000000009	main
ARREST_raw	SABG-PCS	755	7900	A	0.010000000000000009	main
ARREST_raw	SABG-PCS	755	8000	A	0.010000000000000009	main
ARREST_raw	SABG-PCS	755	8100	A	0.010000000000000009	main
ARREST_raw	SABG-PCS	755	8200	A	0.010000000000000009	main
ARREST_raw	SABG-PCS	755	8300	A	0.010000000000000009	main
ARREST_raw	SABG-PCS	755	8400	A	0.010000000000000009	main
ARREST_raw	SABG-PCS	755	8500	A	0.010000000000000009	main
ARREST_raw	SABG-PCS	755	8600	A	0.010000000000000009	main
ARREST_raw	SABG-PCS	755	8700	A	0.010000000000000009	main
ARREST_raw	SABG-PCS	755	8800	A	0.010000000000000009	main
ARREST_raw	SABG-PCS	755	8900	A	0.010000000000000009	main
ARREST_raw	SABG-PCS	755	9000	A	0.010000000000000009	main
ARREST_raw	SABG-PCS	755	9100	A	0.010000000000000009	main
ARREST_raw	SABG-PCS	755	9200	A	0.010000000000000009	main
ARREST_raw	SABG-PCS	755	9300	A	0.010000000000000009	main
ARREST_raw	SABG-PCS	755	9400	A	0.010000000000000009	main
ARREST_raw	SABG-PCS	755	9500	A	0.010000000000000009	main
ARREST_raw	SABG-PCS	755	9600	A	0.010000000000000009	main
ARREST_raw	SABG-PCS	755	9700	A	0.010000000000000009	main
ARREST_raw	SABG-PCS	755	9800	A	0.010000000000000009	main
ARREST_raw	SABG-PCS	755	9900	A	0.010000000000000009	main
ARREST_raw	SABG-PCS	755	10000	A	0.010000000000000009	main
ARREST_raw	SABG-PCS	755	10100	A	0.010000000000000009	main
ARREST_raw	SABG-PCS	755	10200	A	0.010000000000000009	main
ARREST_raw	SABG-PCS	755	10300	A	0.010000000000000009	main
ARREST_raw	SABG-PCS	755	10400	A	0.010000000000000009	main
ARREST_raw	SABG-PCS	755	10500	A	0.010000000000000009	main
ARREST_raw	SABG-PCS	755	10600	A	0.010000000000000009	main
ARREST_raw	SABG-PCS	755	10700	A	0.010000000000000009	main
ARREST_raw	SABG-PCS	755	10800	A	0.010000000000000009	main
ARREST_raw	SABG-PCS	755	10900	A	0.010000000000000009	main
ARREST_raw	SABG-PCS	755	11000	A	0.010000000000000009	main
ARREST_raw	SABG-PCS	755	11100	A	0.010000000000000009	main
ARREST_raw	SABG-PCS	755	11200	A	0.010000000000000009	main
ARREST_raw	SABG-PCS	755	11300	A	0.010000000000000009	main
ARREST_raw	SABG-PCS	755	11400	A	0.010000000000000009	main
ARREST_raw	SABG-PCS	755	11500	A	0.010000000000000009	main
ARREST_raw	SABG-PCS	755	11600	A	0.010000000000000009	main
ARREST_raw	SABG-PCS	755	11700	A	0.010000000000000009	main
ARREST_raw	SABG-PCS	755	11800	A	0.010000000000000009	main
ARREST_raw	SABG-PCS	755	11900	A	0.010000000000000009	main
ARREST_raw	SABG-PCS	755	12000	A	0.010000000000000009	main
ARREST_raw	SABG-PCS	755	12100	A	0.010000000000000009	main
ARREST_raw	SABG-PCS	755	12200	A	0.010000000000000009	main
ARREST_raw	SABG-PCS	755	12300	A	0.010000000000000009	main
ARREST_raw	SABG-PCS	755	12400	A	0.010000000000000009	main
ARREST_raw	SABG-PCS	755	12500	A	0.010000000000000009	main
ARREST_raw	SABG-PCS	755	12600	A	0.010000000000000009	main
ARREST_raw	SABG-PCS	755	12700	A	0.010000000000000009	main
ARREST_raw	SABG-PCS	755	12800	A	0.010000000000000009	main
ARREST_raw	SABG-PCS	755	12900	A	0.010000000000000009	main
ARREST_raw	SABG-PCS	755	13000	A	0.010000000000000009	main
ARREST_raw	SABG-PCS	755	13100	A	0.010000000000000009	main
ARREST_raw	SABG-PCS	755	13200	A	0.010000000000000009	main
ARREST_raw	SABG-PCS	755	13300	A	0.010000000000000009	main
ARREST_raw	SABG-PCS	755	13400	A	0.010000000000000009	main
ARREST_raw	SABG-PCS	755	13500	A	0.010000000000000009	main
ARREST_raw	SABG-PCS	755	13600	A	0.010000000000000009	main
ARREST_raw	SABG-PCS	755	13700	A	0.010000000000000009	main
ARREST_raw	SABG-PCS	755	13800	A	0.010000000000000009	main
ARREST_raw	SABG-PCS	755	13900	A	0.010000000000000009	main
ARREST_raw	SABG-PCS	755	14000	A	0.010000000000000009	main
ARREST_raw	SABG-PCS	755	14100	A	0.010000000000000009	main
ARREST_raw	SABG-PCS	755	14200	A	0.010000000000000009	main
ARREST_raw	SABG-PCS	755	14300	A	0.010000000000000009	main
ARREST_raw	SABG-PCS	755	14400	A	0.010000000000000009	main
ARREST_raw	SABG-PCS	755	14500	A	0.010000000000000009	main
ARREST_raw	SABG-PCS	755	14600	A	0.010000000000000009	main
ARREST_raw	SABG-PCS	755	14700	A	0.010000000000000009	main
ARREST_raw	SABG-PCS	755	14800	A	0.010000000000000009	main
ARREST_raw	SABG-PCS	755	14900	A	0.010000000000000009	main
ARREST_raw	SABG-PCS	755	15000	A	0.010000000000000009	main
ARREST_raw	SABG-PCS	755	15100	A	0.010000000000000009	main
ARREST_raw	SABG-PCS	755	15200	A	0.010000000000000009	main
ARREST_raw	SABG-PCS	755	15300	A	0.010000000000000009	main
ARREST_raw	SABG-PCS	755	15400	A	0.010000000000000009	main
ARREST_raw	SABG-PCS	755	15500	A	0.010000000000000009	main
ARREST_raw	SABG-PCS	755	15600	A	0.010000000000000009	main
ARREST_raw	SABG-PCS	755	15700	A	0.010000000000000009	main
ARREST_raw	SABG-PCS	755	15800	A	0.010000000000000009	main
ARREST_raw	SABG-PCS	755	15900	A	0.010000000000000009	main
ARREST_raw	SABG-PCS	755	16000	A	0.010000000000000009	main
ARREST_raw	SABG-PCS	755	16100	A	0.010000000000000009	main
ARREST_raw	SABG-PCS	755	16200	A	0.010000000000000009	main
ARREST_raw	SABG-PCS	755	16300	A	0.010000000000000009	main
ARREST_raw	SABG-PCS	755	16400	A	0.010000000000000009	main
ARREST_raw	SABG-PCS	755	16500	A	0.010000000000000009	main
ARREST_raw	SABG-PCS	755	16600	A	0.010000000000000009	main
ARREST_raw	SABG-PCS	755	16700	A	0.010000000000000009	main
ARREST_raw	SABG-PCS	755	16800	A	0.010000000000000009	main
ARREST_raw	SABG-PCS	755	16900	A	0.010000000000000009	main
ARREST_raw	SABG-PCS	755	17000	A	0.010000000000000009	main
ARREST_raw	SABG-PCS	755	17100	A	0.010000000000000009	main
ARREST_raw	SABG-PCS	755	17200	A	0.010000000000000009	main
ARREST_raw	SABG-PCS	755	17300	A	0.010000000000000009	main
ARREST_raw	SABG-PCS	755	17400	A	0.010000000000000009	main
ARREST_raw	SABG-PCS	755	17500	A	0.010000000000000009	main
ARREST_raw	SABG-PCS	755	17600	A	0.010000000000000009	main
ARREST_raw	SABG-PCS	755	17700	A	0.010000000000000009	main
ARREST_raw	SABG-PCS	755	17800	A	0.010000000000000009	main
ARREST_raw	SABG-PCS	755	17900	A	0.010000000000000009	main
ARREST_raw	SABG-PCS	755	18000	A	0.010000000000000009	main
ARREST_raw	SABG-PCS	755	18100	A	0.010000000000000009	main
ARREST_raw	SABG-PCS	755	18200	A	0.010000000000000009	main
ARREST_raw	SABG-PCS	755	18300	A	0.010000000000000009	main
ARREST_raw	SABG-PCS	755	18400	A	0.010000000000000009	main
ARREST_raw	SABG-PCS	755	18500	A	0.010000000000000009	main
ARREST_raw	SABG-PCS	755	18600	A	0.010000000000000009	main
ARREST_raw	SABG-PCS	755	18700	A	0.010000000000000009	main
ARREST_raw	SABG-PCS	755	18800	A	0.010000000000000009	main
ARREST_raw	SABG-PCS	755	18900	A	0.010000000000000009	main
ARREST_raw	SABG-PCS	755	19000	A	0.010000000000000009	main
ARREST_raw	SABG-PCS	755	19100	A	0.010000000000000009	main
ARREST_raw	SABG-PCS	755	19200	A	0.010000000000000009	main
ARREST_raw	SABG-PCS	755	19300	A	0.010000000000000009	main
ARREST_raw	SABG-PCS	755	19400	A	0.010000000000000009	main
ARREST_raw	SABG-PCS	755	19500	A	0.010000000000000009	main
ARREST_raw	SABG-PCS	755	19600	A	0.010000000000000009	main
ARREST_raw	SABG-PCS	755	19700	A	0.010000000000000009	main
ARREST_raw	SABG-PCS	755	19800	A	0.010000000000000009	main
ARREST_raw	SABG-PCS	755	19900	A	0.010000000000000009	main
ARREST_raw	SABG-PCS	755	20000	A	0.010000000000000009	main
ARREST_raw	ARREST	758	100	B	0.22116093910236823	main
ARREST_raw	ARREST	758	200	B	0.4921837884492759	main
ARREST_raw	ARREST	758	300	B	0.7105208128710525	main
ARREST_raw	ARREST	758	400	B	0.8506519006593409	main
ARREST_raw	ARREST	758	500	B	0.928666821405618	main
ARREST_raw	ARREST	758	600	B	0.9679655577398951	main
ARREST_raw	ARREST	758	700	B	0.9863237163189688	main
ARREST_raw	ARREST	758	800	B	0.9944039233668615	main
ARREST_raw	ARREST	758	900	B	0.997791700678451	main
ARREST_raw	ARREST	758	1000	B	0.9991555108354733	main
ARREST_raw	ARREST	758	1100	B	0.9996858268111937	main
ARREST_raw	ARREST	758	1200	B	0.9998859370158871	main
ARREST_raw	ARREST	758	1300	B	0.9999594823898837	main
ARREST_raw	ARREST	758	1400	B	0.9999858874677489	main
ARREST_raw	ARREST	758	1500	B	0.9999951713932149	main
ARREST_raw	ARREST	758	1600	B	0.9999983745532907	main
ARREST_raw	ARREST	758	1700	B	0.9999994609332856	main
ARREST_raw	ARREST	758	1800	B	0.9999998236645203	main
ARREST_raw	ARREST	758	1900	B	0.9999999430479081	main
ARREST_raw	ARREST	758	2000	B	0.9999999818220408	main
ARREST_raw	ARREST	758	2100	B	0.9999999942615536	main
ARREST_raw	ARREST	758	2200	B	0.9999999982070512	main
ARREST_raw	ARREST	758	2300	B	0.9999999994451901	main
ARREST_raw	ARREST	758	2400	B	0.9999999998298728	main
ARREST_raw	ARREST	758	2500	B	0.999999999948277	main
ARREST_raw	ARREST	758	2600	B	0.9999999999844016	main
ARREST_raw	ARREST	758	2700	B	0.9999999999953318	main
ARREST_raw	ARREST	758	2800	B	0.999999999998613	main
ARREST_raw	ARREST	758	2900	B	0.9999999999995908	main
ARREST_raw	ARREST	758	3000	B	0.99999999999988	main
ARREST_raw	ARREST	758	3100	B	0.999999999999965	main
ARREST_raw	ARREST	758	3200	B	0.9999999999999899	main
ARREST_raw	ARREST	758	3300	B	0.9999999999999971	main
ARREST_raw	ARREST	758	3400	B	0.9999999999999991	main
ARREST_raw	ARREST	758	3500	B	0.9999999999999998	main
ARREST_raw	ARREST	758	3600	B	0.9999999999999999	main
ARREST_raw	ARREST	758	3700	B	1	main
ARREST_raw	ARREST	758	3800	B	1	main
ARREST_raw	ARREST	758	3900	B	1	main
ARREST_raw	ARREST	758	4000	B	1	main
ARREST_raw	ARREST	758	4100	B	1	main
ARREST_raw	ARREST	758	4200	B	1	main
ARREST_raw	ARREST	758	4300	B	1	main
ARREST_raw	ARREST	758	4400	B	1	main
ARREST_raw	ARREST	758	4500	B	1	main
ARREST_raw	ARREST	758	4600	B	1	main
ARREST_raw	ARREST	758	4700	B	1	main
ARREST_raw	ARREST	758	4800	B	1	main
ARREST_raw	ARREST	758	4900	B	1	main
ARREST_raw	ARREST	758	5000	B	1	main
ARREST_raw	ARREST	758	5100	B	1	main
ARREST_raw	ARREST	758	5200	B	1	main
ARREST_raw	ARREST	758	5300	B	1	main
ARREST_raw	ARREST	758	5400	B	1	main
ARREST_raw	ARREST	758	5500	B	1	main
ARREST_raw	ARREST	758	5600	B	1	main
ARREST_raw	ARREST	758	5700	B	1	main
ARREST_raw	ARREST	758	5800	B	1	main
ARREST_raw	ARREST	758	5900	B	1	main
ARREST_raw	ARREST	758	6000	B	1	main
ARREST_raw	ARREST	758	6100	B	1	main
ARREST_raw	ARREST	758	6200	B	1	main
ARREST_raw	ARREST	758	6300	B	1	main
ARREST_raw	ARREST	758	6400	B	1	main
ARREST_raw	ARREST	758	6500	B	1	main
ARREST_raw	ARREST	758	6600	B	1	main
ARREST_raw	ARREST	758	6700	B	1	main
ARREST_raw	ARREST	758	6800	B	1	main
ARREST_raw	ARREST	758	6900	B	1	main
ARREST_raw	ARREST	758	7000	B	1	main
ARREST_raw	ARREST	758	7100	B	1	main
ARREST_raw	ARREST	758	7200	B	1	main
ARREST_raw	ARREST	758	7300	B	1	main
ARREST_raw	ARREST	758	7400	B	1	main
ARREST_raw	ARREST	758	7500	B	1	main
ARREST_raw	ARREST	758	7600	B	1	main
ARREST_raw	ARREST	758	7700	B	1	main
ARREST_raw	ARREST	758	7800	B	1	main
ARREST_raw	ARREST	758	7900	B	1	main
ARREST_raw	ARREST	758	8000	B	1	main
ARREST_raw	ARREST	758	8100	B	1	main
ARREST_raw	ARREST	758	8200	B	1	main
ARREST_raw	ARREST	758	8300	B	1	main
ARREST_raw	ARREST	758	8400	B	1	main
ARREST_raw	ARREST	758	8500	B	1	main
ARREST_raw	ARREST	758	8600	B	1	main
ARREST_raw	ARREST	758	8700	B	1	main
ARREST_raw	ARREST	758	8800	B	1	main
ARREST_raw	ARREST	758	8900	B	1	main
ARREST_raw	ARREST	758	9000	B	1	main
ARREST_raw	ARREST	758	9100	B	1	main
ARREST_raw	ARREST	758	9200	B	1	main
ARREST_raw	ARREST	758	9300	B	1	main
ARREST_raw	ARREST	758	9400	B	1	main
ARREST_raw	ARREST	758	9500	B	1	main
ARREST_raw	ARREST	758	9600	B	1	main
ARREST_raw	ARREST	758	9700	B	1	main
ARREST_raw	ARREST	758	9800	B	1	main
ARREST_raw	ARREST	758	9900	B	1	main
ARREST_raw	ARREST	758	10000	B	1	main
ARREST_raw	ARREST	758	10100	B	1	main
ARREST_raw	ARREST	758	10200	B	1	main
ARREST_raw	ARREST	758	10300	B	1	main
ARREST_raw	ARREST	758	10400	B	1	main
ARREST_raw	ARREST	758	10500	B	1	main
ARREST_raw	ARREST	758	10600	B	1	main
ARREST_raw	ARREST	758	10700	B	1	main
ARREST_raw	ARREST	758	10800	B	1	main
ARREST_raw	ARREST	758	10900	B	1	main
ARREST_raw	ARREST	758	11000	B	1	main
ARREST_raw	ARREST	758	11100	B	1	main
ARREST_raw	ARREST	758	11200	B	1	main
ARREST_raw	ARREST	758	11300	B	1	main
ARREST_raw	ARREST	758	11400	B	1	main
ARREST_raw	ARREST	758	11500	B	1	main
ARREST_raw	ARREST	758	11600	B	1	main
ARREST_raw	ARREST	758	11700	B	1	main
ARREST_raw	ARREST	758	11800	B	1	main
ARREST_raw	ARREST	758	11900	B	1	main
ARREST_raw	ARREST	758	12000	B	1	main
ARREST_raw	ARREST	758	12100	B	1	main
ARREST_raw	ARREST	758	12200	B	1	main
ARREST_raw	ARREST	758	12300	B	1	main
ARREST_raw	ARREST	758	12400	B	1	main
ARREST_raw	ARREST	758	12500	B	1	main
ARREST_raw	ARREST	758	12600	B	1	main
ARREST_raw	ARREST	758	12700	B	1	main
ARREST_raw	ARREST	758	12800	B	1	main
ARREST_raw	ARREST	758	12900	B	1	main
ARREST_raw	ARREST	758	13000	B	1	main
ARREST_raw	ARREST	758	13100	B	1	main
ARREST_raw	ARREST	758	13200	B	1	main
ARREST_raw	ARREST	758	13300	B	1	main
ARREST_raw	ARREST	758	13400	B	1	main
ARREST_raw	ARREST	758	13500	B	1	main
ARREST_raw	ARREST	758	13600	B	1	main
ARREST_raw	ARREST	758	13700	B	1	main
ARREST_raw	ARREST	758	13800	B	1	main
ARREST_raw	ARREST	758	13900	B	1	main
ARREST_raw	ARREST	758	14000	B	1	main
ARREST_raw	ARREST	758	14100	B	1	main
ARREST_raw	ARREST	758	14200	B	1	main
ARREST_raw	ARREST	758	14300	B	1	main
ARREST_raw	ARREST	758	14400	B	1	main
ARREST_raw	ARREST	758	14500	B	1	main
ARREST_raw	ARREST	758	14600	B	1	main
ARREST_raw	ARREST	758	14700	B	1	main
ARREST_raw	ARREST	758	14800	B	1	main
ARREST_raw	ARREST	758	14900	B	1	main
ARREST_raw	ARREST	758	15000	B	1	main
ARREST_raw	ARREST	758	15100	B	1	main
ARREST_raw	ARREST	758	15200	B	1	main
ARREST_raw	ARREST	758	15300	B	1	main
ARREST_raw	ARREST	758	15400	B	1	main
ARREST_raw	ARREST	758	15500	B	1	main
ARREST_raw	ARREST	758	15600	B	1	main
ARREST_raw	ARREST	758	15700	B	1	main
ARREST_raw	ARREST	758	15800	B	1	main
ARREST_raw	ARREST	758	15900	B	1	main
ARREST_raw	ARREST	758	16000	B	1	main
ARREST_raw	ARREST	758	16100	B	1	main
ARREST_raw	ARREST	758	16200	B	1	main
ARREST_raw	ARREST	758	16300	B	1	main
ARREST_raw	ARREST	758	16400	B	1	main
ARREST_raw	ARREST	758	16500	B	1	main
ARREST_raw	ARREST	758	16600	B	1	main
ARREST_raw	ARREST	758	16700	B	1	main
ARREST_raw	ARREST	758	16800	B	1	main
ARREST_raw	ARREST	758	16900	B	1	main
ARREST_raw	ARREST	758	17000	B	1	main
ARREST_raw	ARREST	758	17100	B	1	main
ARREST_raw	ARREST	758	17200	B	1	main
ARREST_raw	ARREST	758	17300	B	1	main
ARREST_raw	ARREST	758	17400	B	1	main
ARREST_raw	ARREST	758	17500	B	1	main
ARREST_raw	ARREST	758	17600	B	1	main
ARREST_raw	ARREST	758	17700	B	1	main
ARREST_raw	ARREST	758	17800	B	1	main
ARREST_raw	ARREST	758	17900	B	1	main
ARREST_raw	ARREST	758	18000	B	1	main
ARREST_raw	ARREST	758	18100	B	1	main
ARREST_raw	ARREST	758	18200	B	1	main
ARREST_raw	ARREST	758	18300	B	1	main
ARREST_raw	ARREST	758	18400	B	1	main
ARREST_raw	ARREST	758	18500	B	1	main
ARREST_raw	ARREST	758	18600	B	1	main
ARREST_raw	ARREST	758	18700	B	1	main
ARREST_raw	ARREST	758	18800	B	1	main
ARREST_raw	ARREST	758	18900	B	1	main
ARREST_raw	ARREST	758	19000	B	1	main
ARREST_raw	ARREST	758	19100	B	1	main
ARREST_raw	ARREST	758	19200	B	1	main
ARREST_raw	ARREST	758	19300	B	1	main
ARREST_raw	ARREST	758	19400	B	1	main
ARREST_raw	ARREST	758	19500	B	1	main
ARREST_raw	ARREST	758	19600	B	1	main
ARREST_raw	ARREST	758	19700	B	1	main
ARREST_raw	ARREST	758	19800	B	1	main
ARREST_raw	ARREST	758	19900	B	1	main
ARREST_raw	ARREST	758	20000	B	1	main
ARREST_raw	Edinburgh	458	100	B	0.6806955265450383	main
ARREST_raw	Edinburgh	458	200	B	0.9582849225578182	main
ARREST_raw	Edinburgh	458	300	B	0.9965234918228466	main
ARREST_raw	Edinburgh	458	400	B	0.9997802210748574	main
ARREST_raw	Edinburgh	458	500	B	0.9999885243804738	main
ARREST_raw	Edinburgh	458	600	B	0.9999994802978054	main
ARREST_raw	Edinburgh	458	700	B	0.9999999789415258	main
ARREST_raw	Edinburgh	458	800	B	0.9999999992201659	main
ARREST_raw	Edinburgh	458	900	B	0.9999999999732028	main
ARREST_raw	Edinburgh	458	1000	B	0.9999999999991358	main
ARREST_raw	Edinburgh	458	1100	B	0.9999999999999736	main
ARREST_raw	Edinburgh	458	1200	B	0.9999999999999992	main
ARREST_raw	Edinburgh	458	1300	B	1	main
ARREST_raw	Edinburgh	458	1400	B	1	main
ARREST_raw	Edinburgh	458	1500	B	1	main
ARREST_raw	Edinburgh	458	1600	B	1	main
ARREST_raw	Edinburgh	458	1700	B	1	main
ARREST_raw	Edinburgh	458	1800	B	1	main
ARREST_raw	Edinburgh	458	1900	B	1	main
ARREST_raw	Edinburgh	458	2000	B	1	main
ARREST_raw	Edinburgh	458	2100	B	1	main
ARREST_raw	Edinburgh	458	2200	B	1	main
ARREST_raw	Edinburgh	458	2300	B	1	main
ARREST_raw	Edinburgh	458	2400	B	1	main
ARREST_raw	Edinburgh	458	2500	B	1	main
ARREST_raw	Edinburgh	458	2600	B	1	main
ARREST_raw	Edinburgh	458	2700	B	1	main
ARREST_raw	Edinburgh	458	2800	B	1	main
ARREST_raw	Edinburgh	458	2900	B	1	main
ARREST_raw	Edinburgh	458	3000	B	1	main
ARREST_raw	Edinburgh	458	3100	B	1	main
ARREST_raw	Edinburgh	458	3200	B	1	main
ARREST_raw	Edinburgh	458	3300	B	1	main
ARREST_raw	Edinburgh	458	3400	B	1	main
ARREST_raw	Edinburgh	458	3500	B	1	main
ARREST_raw	Edinburgh	458	3600	B	1	main
ARREST_raw	Edinburgh	458	3700	B	1	main
ARREST_raw	Edinburgh	458	3800	B	1	main
ARREST_raw	Edinburgh	458	3900	B	1	main
ARREST_raw	Edinburgh	458	4000	B	1	main
ARREST_raw	Edinburgh	458	4100	B	1	main
ARREST_raw	Edinburgh	458	4200	B	1	main
ARREST_raw	Edinburgh	458	4300	B	1	main
ARREST_raw	Edinburgh	458	4400	B	1	main
ARREST_raw	Edinburgh	458	4500	B	1	main
ARREST_raw	Edinburgh	458	4600	B	1	main
ARREST_raw	Edinburgh	458	4700	B	1	main
ARREST_raw	Edinburgh	458	4800	B	1	main
ARREST_raw	Edinburgh	458	4900	B	1	main
ARREST_raw	Edinburgh	458	5000	B	1	main
ARREST_raw	Edinburgh	458	5100	B	1	main
ARREST_raw	Edinburgh	458	5200	B	1	main
ARREST_raw	Edinburgh	458	5300	B	1	main
ARREST_raw	Edinburgh	458	5400	B	1	main
ARREST_raw	Edinburgh	458	5500	B	1	main
ARREST_raw	Edinburgh	458	5600	B	1	main
ARREST_raw	Edinburgh	458	5700	B	1	main
ARREST_raw	Edinburgh	458	5800	B	1	main
ARREST_raw	Edinburgh	458	5900	B	1	main
ARREST_raw	Edinburgh	458	6000	B	1	main
ARREST_raw	Edinburgh	458	6100	B	1	main
ARREST_raw	Edinburgh	458	6200	B	1	main
ARREST_raw	Edinburgh	458	6300	B	1	main
ARREST_raw	Edinburgh	458	6400	B	1	main
ARREST_raw	Edinburgh	458	6500	B	1	main
ARREST_raw	Edinburgh	458	6600	B	1	main
ARREST_raw	Edinburgh	458	6700	B	1	main
ARREST_raw	Edinburgh	458	6800	B	1	main
ARREST_raw	Edinburgh	458	6900	B	1	main
ARREST_raw	Edinburgh	458	7000	B	1	main
ARREST_raw	Edinburgh	458	7100	B	1	main
ARREST_raw	Edinburgh	458	7200	B	1	main
ARREST_raw	Edinburgh	458	7300	B	1	main
ARREST_raw	Edinburgh	458	7400	B	1	main
ARREST_raw	Edinburgh	458	7500	B	1	main
ARREST_raw	Edinburgh	458	7600	B	1	main
ARREST_raw	Edinburgh	458	7700	B	1	main
ARREST_raw	Edinburgh	458	7800	B	1	main
ARREST_raw	Edinburgh	458	7900	B	1	main
ARREST_raw	Edinburgh	458	8000	B	1	main
ARREST_raw	Edinburgh	458	8100	B	1	main
ARREST_raw	Edinburgh	458	8200	B	1	main
ARREST_raw	Edinburgh	458	8300	B	1	main
ARREST_raw	Edinburgh	458	8400	B	1	main
ARREST_raw	Edinburgh	458	8500	B	1	main
ARREST_raw	Edinburgh	458	8600	B	1	main
ARREST_raw	Edinburgh	458	8700	B	1	main
ARREST_raw	Edinburgh	458	8800	B	1	main
ARREST_raw	Edinburgh	458	8900	B	1	main
ARREST_raw	Edinburgh	458	9000	B	1	main
ARREST_raw	Edinburgh	458	9100	B	1	main
ARREST_raw	Edinburgh	458	9200	B	1	main
ARREST_raw	Edinburgh	458	9300	B	1	main
ARREST_raw	Edinburgh	458	9400	B	1	main
ARREST_raw	Edinburgh	458	9500	B	1	main
ARREST_raw	Edinburgh	458	9600	B	1	main
ARREST_raw	Edinburgh	458	9700	B	1	main
ARREST_raw	Edinburgh	458	9800	B	1	main
ARREST_raw	Edinburgh	458	9900	B	1	main
ARREST_raw	Edinburgh	458	10000	B	1	main
ARREST_raw	Edinburgh	458	10100	B	1	main
ARREST_raw	Edinburgh	458	10200	B	1	main
ARREST_raw	Edinburgh	458	10300	B	1	main
ARREST_raw	Edinburgh	458	10400	B	1	main
ARREST_raw	Edinburgh	458	10500	B	1	main
ARREST_raw	Edinburgh	458	10600	B	1	main
ARREST_raw	Edinburgh	458	10700	B	1	main
ARREST_raw	Edinburgh	458	10800	B	1	main
ARREST_raw	Edinburgh	458	10900	B	1	main
ARREST_raw	Edinburgh	458	11000	B	1	main
ARREST_raw	Edinburgh	458	11100	B	1	main
ARREST_raw	Edinburgh	458	11200	B	1	main
ARREST_raw	Edinburgh	458	11300	B	1	main
ARREST_raw	Edinburgh	458	11400	B	1	main
ARREST_raw	Edinburgh	458	11500	B	1	main
ARREST_raw	Edinburgh	458	11600	B	1	main
ARREST_raw	Edinburgh	458	11700	B	1	main
ARREST_raw	Edinburgh	458	11800	B	1	main
ARREST_raw	Edinburgh	458	11900	B	1	main
ARREST_raw	Edinburgh	458	12000	B	1	main
ARREST_raw	Edinburgh	458	12100	B	1	main
ARREST_raw	Edinburgh	458	12200	B	1	main
ARREST_raw	Edinburgh	458	12300	B	1	main
ARREST_raw	Edinburgh	458	12400	B	1	main
ARREST_raw	Edinburgh	458	12500	B	1	main
ARREST_raw	Edinburgh	458	12600	B	1	main
ARREST_raw	Edinburgh	458	12700	B	1	main
ARREST_raw	Edinburgh	458	12800	B	1	main
ARREST_raw	Edinburgh	458	12900	B	1	main
ARREST_raw	Edinburgh	458	13000	B	1	main
ARREST_raw	Edinburgh	458	13100	B	1	main
ARREST_raw	Edinburgh	458	13200	B	1	main
ARREST_raw	Edinburgh	458	13300	B	1	main
ARREST_raw	Edinburgh	458	13400	B	1	main
ARREST_raw	Edinburgh	458	13500	B	1	main
ARREST_raw	Edinburgh	458	13600	B	1	main
ARREST_raw	Edinburgh	458	13700	B	1	main
ARREST_raw	Edinburgh	458	13800	B	1	main
ARREST_raw	Edinburgh	458	13900	B	1	main
ARREST_raw	Edinburgh	458	14000	B	1	main
ARREST_raw	Edinburgh	458	14100	B	1	main
ARREST_raw	Edinburgh	458	14200	B	1	main
ARREST_raw	Edinburgh	458	14300	B	1	main
ARREST_raw	Edinburgh	458	14400	B	1	main
ARREST_raw	Edinburgh	458	14500	B	1	main
ARREST_raw	Edinburgh	458	14600	B	1	main
ARREST_raw	Edinburgh	458	14700	B	1	main
ARREST_raw	Edinburgh	458	14800	B	1	main
ARREST_raw	Edinburgh	458	14900	B	1	main
ARREST_raw	Edinburgh	458	15000	B	1	main
ARREST_raw	Edinburgh	458	15100	B	1	main
ARREST_raw	Edinburgh	458	15200	B	1	main
ARREST_raw	Edinburgh	458	15300	B	1	main
ARREST_raw	Edinburgh	458	15400	B	1	main
ARREST_raw	Edinburgh	458	15500	B	1	main
ARREST_raw	Edinburgh	458	15600	B	1	main
ARREST_raw	Edinburgh	458	15700	B	1	main
ARREST_raw	Edinburgh	458	15800	B	1	main
ARREST_raw	Edinburgh	458	15900	B	1	main
ARREST_raw	Edinburgh	458	16000	B	1	main
ARREST_raw	Edinburgh	458	16100	B	1	main
ARREST_raw	Edinburgh	458	16200	B	1	main
ARREST_raw	Edinburgh	458	16300	B	1	main
ARREST_raw	Edinburgh	458	16400	B	1	main
ARREST_raw	Edinburgh	458	16500	B	1	main
ARREST_raw	Edinburgh	458	16600	B	1	main
ARREST_raw	Edinburgh	458	16700	B	1	main
ARREST_raw	Edinburgh	458	16800	B	1	main
ARREST_raw	Edinburgh	458	16900	B	1	main
ARREST_raw	Edinburgh	458	17000	B	1	main
ARREST_raw	Edinburgh	458	17100	B	1	main
ARREST_raw	Edinburgh	458	17200	B	1	main
ARREST_raw	Edinburgh	458	17300	B	1	main
ARREST_raw	Edinburgh	458	17400	B	1	main
ARREST_raw	Edinburgh	458	17500	B	1	main
ARREST_raw	Edinburgh	458	17600	B	1	main
ARREST_raw	Edinburgh	458	17700	B	1	main
ARREST_raw	Edinburgh	458	17800	B	1	main
ARREST_raw	Edinburgh	458	17900	B	1	main
ARREST_raw	Edinburgh	458	18000	B	1	main
ARREST_raw	Edinburgh	458	18100	B	1	main
ARREST_raw	Edinburgh	458	18200	B	1	main
ARREST_raw	Edinburgh	458	18300	B	1	main
ARREST_raw	Edinburgh	458	18400	B	1	main
ARREST_raw	Edinburgh	458	18500	B	1	main
ARREST_raw	Edinburgh	458	18600	B	1	main
ARREST_raw	Edinburgh	458	18700	B	1	main
ARREST_raw	Edinburgh	458	18800	B	1	main
ARREST_raw	Edinburgh	458	18900	B	1	main
ARREST_raw	Edinburgh	458	19000	B	1	main
ARREST_raw	Edinburgh	458	19100	B	1	main
ARREST_raw	Edinburgh	458	19200	B	1	main
ARREST_raw	Edinburgh	458	19300	B	1	main
ARREST_raw	Edinburgh	458	19400	B	1	main
ARREST_raw	Edinburgh	458	19500	B	1	main
ARREST_raw	Edinburgh	458	19600	B	1	main
ARREST_raw	Edinburgh	458	19700	B	1	main
ARREST_raw	Edinburgh	458	19800	B	1	main
ARREST_raw	Edinburgh	458	19900	B	1	main
ARREST_raw	Edinburgh	458	20000	B	1	main
ARREST_raw	Edinburgh 2	463	100	B	0.6422255635198985	main
ARREST_raw	Edinburgh 2	463	200	B	0.9432097469182431	main
ARREST_raw	Edinburgh 2	463	300	B	0.994079058459489	main
ARREST_raw	Edinburgh 2	463	400	B	0.9995245369071138	main
ARREST_raw	Edinburgh 2	463	500	B	0.9999681616592948	main
ARREST_raw	Edinburgh 2	463	600	B	0.9999981384184758	main
ARREST_raw	Edinburgh 2	463	700	B	0.9999999021219989	main
ARREST_raw	Edinburgh 2	463	800	B	0.9999999952783033	main
ARREST_raw	Edinburgh 2	463	900	B	0.999999999787965	main
ARREST_raw	Edinburgh 2	463	1000	B	0.9999999999910398	main
ARREST_raw	Edinburgh 2	463	1100	B	0.9999999999996407	main
ARREST_raw	Edinburgh 2	463	1200	B	0.9999999999999862	main
ARREST_raw	Edinburgh 2	463	1300	B	0.9999999999999994	main
ARREST_raw	Edinburgh 2	463	1400	B	1	main
ARREST_raw	Edinburgh 2	463	1500	B	1	main
ARREST_raw	Edinburgh 2	463	1600	B	1	main
ARREST_raw	Edinburgh 2	463	1700	B	1	main
ARREST_raw	Edinburgh 2	463	1800	B	1	main
ARREST_raw	Edinburgh 2	463	1900	B	1	main
ARREST_raw	Edinburgh 2	463	2000	B	1	main
ARREST_raw	Edinburgh 2	463	2100	B	1	main
ARREST_raw	Edinburgh 2	463	2200	B	1	main
ARREST_raw	Edinburgh 2	463	2300	B	1	main
ARREST_raw	Edinburgh 2	463	2400	B	1	main
ARREST_raw	Edinburgh 2	463	2500	B	1	main
ARREST_raw	Edinburgh 2	463	2600	B	1	main
ARREST_raw	Edinburgh 2	463	2700	B	1	main
ARREST_raw	Edinburgh 2	463	2800	B	1	main
ARREST_raw	Edinburgh 2	463	2900	B	1	main
ARREST_raw	Edinburgh 2	463	3000	B	1	main
ARREST_raw	Edinburgh 2	463	3100	B	1	main
ARREST_raw	Edinburgh 2	463	3200	B	1	main
ARREST_raw	Edinburgh 2	463	3300	B	1	main
ARREST_raw	Edinburgh 2	463	3400	B	1	main
ARREST_raw	Edinburgh 2	463	3500	B	1	main
ARREST_raw	Edinburgh 2	463	3600	B	1	main
ARREST_raw	Edinburgh 2	463	3700	B	1	main
ARREST_raw	Edinburgh 2	463	3800	B	1	main
ARREST_raw	Edinburgh 2	463	3900	B	1	main
ARREST_raw	Edinburgh 2	463	4000	B	1	main
ARREST_raw	Edinburgh 2	463	4100	B	1	main
ARREST_raw	Edinburgh 2	463	4200	B	1	main
ARREST_raw	Edinburgh 2	463	4300	B	1	main
ARREST_raw	Edinburgh 2	463	4400	B	1	main
ARREST_raw	Edinburgh 2	463	4500	B	1	main
ARREST_raw	Edinburgh 2	463	4600	B	1	main
ARREST_raw	Edinburgh 2	463	4700	B	1	main
ARREST_raw	Edinburgh 2	463	4800	B	1	main
ARREST_raw	Edinburgh 2	463	4900	B	1	main
ARREST_raw	Edinburgh 2	463	5000	B	1	main
ARREST_raw	Edinburgh 2	463	5100	B	1	main
ARREST_raw	Edinburgh 2	463	5200	B	1	main
ARREST_raw	Edinburgh 2	463	5300	B	1	main
ARREST_raw	Edinburgh 2	463	5400	B	1	main
ARREST_raw	Edinburgh 2	463	5500	B	1	main
ARREST_raw	Edinburgh 2	463	5600	B	1	main
ARREST_raw	Edinburgh 2	463	5700	B	1	main
ARREST_raw	Edinburgh 2	463	5800	B	1	main
ARREST_raw	Edinburgh 2	463	5900	B	1	main
ARREST_raw	Edinburgh 2	463	6000	B	1	main
ARREST_raw	Edinburgh 2	463	6100	B	1	main
ARREST_raw	Edinburgh 2	463	6200	B	1	main
ARREST_raw	Edinburgh 2	463	6300	B	1	main
ARREST_raw	Edinburgh 2	463	6400	B	1	main
ARREST_raw	Edinburgh 2	463	6500	B	1	main
ARREST_raw	Edinburgh 2	463	6600	B	1	main
ARREST_raw	Edinburgh 2	463	6700	B	1	main
ARREST_raw	Edinburgh 2	463	6800	B	1	main
ARREST_raw	Edinburgh 2	463	6900	B	1	main
ARREST_raw	Edinburgh 2	463	7000	B	1	main
ARREST_raw	Edinburgh 2	463	7100	B	1	main
ARREST_raw	Edinburgh 2	463	7200	B	1	main
ARREST_raw	Edinburgh 2	463	7300	B	1	main
ARREST_raw	Edinburgh 2	463	7400	B	1	main
ARREST_raw	Edinburgh 2	463	7500	B	1	main
ARREST_raw	Edinburgh 2	463	7600	B	1	main
ARREST_raw	Edinburgh 2	463	7700	B	1	main
ARREST_raw	Edinburgh 2	463	7800	B	1	main
ARREST_raw	Edinburgh 2	463	7900	B	1	main
ARREST_raw	Edinburgh 2	463	8000	B	1	main
ARREST_raw	Edinburgh 2	463	8100	B	1	main
ARREST_raw	Edinburgh 2	463	8200	B	1	main
ARREST_raw	Edinburgh 2	463	8300	B	1	main
ARREST_raw	Edinburgh 2	463	8400	B	1	main
ARREST_raw	Edinburgh 2	463	8500	B	1	main
ARREST_raw	Edinburgh 2	463	8600	B	1	main
ARREST_raw	Edinburgh 2	463	8700	B	1	main
ARREST_raw	Edinburgh 2	463	8800	B	1	main
ARREST_raw	Edinburgh 2	463	8900	B	1	main
ARREST_raw	Edinburgh 2	463	9000	B	1	main
ARREST_raw	Edinburgh 2	463	9100	B	1	main
ARREST_raw	Edinburgh 2	463	9200	B	1	main
ARREST_raw	Edinburgh 2	463	9300	B	1	main
ARREST_raw	Edinburgh 2	463	9400	B	1	main
ARREST_raw	Edinburgh 2	463	9500	B	1	main
ARREST_raw	Edinburgh 2	463	9600	B	1	main
ARREST_raw	Edinburgh 2	463	9700	B	1	main
ARREST_raw	Edinburgh 2	463	9800	B	1	main
ARREST_raw	Edinburgh 2	463	9900	B	1	main
ARREST_raw	Edinburgh 2	463	10000	B	1	main
ARREST_raw	Edinburgh 2	463	10100	B	1	main
ARREST_raw	Edinburgh 2	463	10200	B	1	main
ARREST_raw	Edinburgh 2	463	10300	B	1	main
ARREST_raw	Edinburgh 2	463	10400	B	1	main
ARREST_raw	Edinburgh 2	463	10500	B	1	main
ARREST_raw	Edinburgh 2	463	10600	B	1	main
ARREST_raw	Edinburgh 2	463	10700	B	1	main
ARREST_raw	Edinburgh 2	463	10800	B	1	main
ARREST_raw	Edinburgh 2	463	10900	B	1	main
ARREST_raw	Edinburgh 2	463	11000	B	1	main
ARREST_raw	Edinburgh 2	463	11100	B	1	main
ARREST_raw	Edinburgh 2	463	11200	B	1	main
ARREST_raw	Edinburgh 2	463	11300	B	1	main
ARREST_raw	Edinburgh 2	463	11400	B	1	main
ARREST_raw	Edinburgh 2	463	11500	B	1	main
ARREST_raw	Edinburgh 2	463	11600	B	1	main
ARREST_raw	Edinburgh 2	463	11700	B	1	main
ARREST_raw	Edinburgh 2	463	11800	B	1	main
ARREST_raw	Edinburgh 2	463	11900	B	1	main
ARREST_raw	Edinburgh 2	463	12000	B	1	main
ARREST_raw	Edinburgh 2	463	12100	B	1	main
ARREST_raw	Edinburgh 2	463	12200	B	1	main
ARREST_raw	Edinburgh 2	463	12300	B	1	main
ARREST_raw	Edinburgh 2	463	12400	B	1	main
ARREST_raw	Edinburgh 2	463	12500	B	1	main
ARREST_raw	Edinburgh 2	463	12600	B	1	main
ARREST_raw	Edinburgh 2	463	12700	B	1	main
ARREST_raw	Edinburgh 2	463	12800	B	1	main
ARREST_raw	Edinburgh 2	463	12900	B	1	main
ARREST_raw	Edinburgh 2	463	13000	B	1	main
ARREST_raw	Edinburgh 2	463	13100	B	1	main
ARREST_raw	Edinburgh 2	463	13200	B	1	main
ARREST_raw	Edinburgh 2	463	13300	B	1	main
ARREST_raw	Edinburgh 2	463	13400	B	1	main
ARREST_raw	Edinburgh 2	463	13500	B	1	main
ARREST_raw	Edinburgh 2	463	13600	B	1	main
ARREST_raw	Edinburgh 2	463	13700	B	1	main
ARREST_raw	Edinburgh 2	463	13800	B	1	main
ARREST_raw	Edinburgh 2	463	13900	B	1	main
ARREST_raw	Edinburgh 2	463	14000	B	1	main
ARREST_raw	Edinburgh 2	463	14100	B	1	main
ARREST_raw	Edinburgh 2	463	14200	B	1	main
ARREST_raw	Edinburgh 2	463	14300	B	1	main
ARREST_raw	Edinburgh 2	463	14400	B	1	main
ARREST_raw	Edinburgh 2	463	14500	B	1	main
ARREST_raw	Edinburgh 2	463	14600	B	1	main
ARREST_raw	Edinburgh 2	463	14700	B	1	main
ARREST_raw	Edinburgh 2	463	14800	B	1	main
ARREST_raw	Edinburgh 2	463	14900	B	1	main
ARREST_raw	Edinburgh 2	463	15000	B	1	main
ARREST_raw	Edinburgh 2	463	15100	B	1	main
ARREST_raw	Edinburgh 2	463	15200	B	1	main
ARREST_raw	Edinburgh 2	463	15300	B	1	main
ARREST_raw	Edinburgh 2	463	15400	B	1	main
ARREST_raw	Edinburgh 2	463	15500	B	1	main
ARREST_raw	Edinburgh 2	463	15600	B	1	main
ARREST_raw	Edinburgh 2	463	15700	B	1	main
ARREST_raw	Edinburgh 2	463	15800	B	1	main
ARREST_raw	Edinburgh 2	463	15900	B	1	main
ARREST_raw	Edinburgh 2	463	16000	B	1	main
ARREST_raw	Edinburgh 2	463	16100	B	1	main
ARREST_raw	Edinburgh 2	463	16200	B	1	main
ARREST_raw	Edinburgh 2	463	16300	B	1	main
ARREST_raw	Edinburgh 2	463	16400	B	1	main
ARREST_raw	Edinburgh 2	463	16500	B	1	main
ARREST_raw	Edinburgh 2	463	16600	B	1	main
ARREST_raw	Edinburgh 2	463	16700	B	1	main
ARREST_raw	Edinburgh 2	463	16800	B	1	main
ARREST_raw	Edinburgh 2	463	16900	B	1	main
ARREST_raw	Edinburgh 2	463	17000	B	1	main
ARREST_raw	Edinburgh 2	463	17100	B	1	main
ARREST_raw	Edinburgh 2	463	17200	B	1	main
ARREST_raw	Edinburgh 2	463	17300	B	1	main
ARREST_raw	Edinburgh 2	463	17400	B	1	main
ARREST_raw	Edinburgh 2	463	17500	B	1	main
ARREST_raw	Edinburgh 2	463	17600	B	1	main
ARREST_raw	Edinburgh 2	463	17700	B	1	main
ARREST_raw	Edinburgh 2	463	17800	B	1	main
ARREST_raw	Edinburgh 2	463	17900	B	1	main
ARREST_raw	Edinburgh 2	463	18000	B	1	main
ARREST_raw	Edinburgh 2	463	18100	B	1	main
ARREST_raw	Edinburgh 2	463	18200	B	1	main
ARREST_raw	Edinburgh 2	463	18300	B	1	main
ARREST_raw	Edinburgh 2	463	18400	B	1	main
ARREST_raw	Edinburgh 2	463	18500	B	1	main
ARREST_raw	Edinburgh 2	463	18600	B	1	main
ARREST_raw	Edinburgh 2	463	18700	B	1	main
ARREST_raw	Edinburgh 2	463	18800	B	1	main
ARREST_raw	Edinburgh 2	463	18900	B	1	main
ARREST_raw	Edinburgh 2	463	19000	B	1	main
ARREST_raw	Edinburgh 2	463	19100	B	1	main
ARREST_raw	Edinburgh 2	463	19200	B	1	main
ARREST_raw	Edinburgh 2	463	19300	B	1	main
ARREST_raw	Edinburgh 2	463	19400	B	1	main
ARREST_raw	Edinburgh 2	463	19500	B	1	main
ARREST_raw	Edinburgh 2	463	19600	B	1	main
ARREST_raw	Edinburgh 2	463	19700	B	1	main
ARREST_raw	Edinburgh 2	463	19800	B	1	main
ARREST_raw	Edinburgh 2	463	19900	B	1	main
ARREST_raw	Edinburgh 2	463	20000	B	1	main
ARREST_raw	IDISA	490	100	B	0.40230307121542697	main
ARREST_raw	IDISA	490	200	B	0.7633373046862301	main
ARREST_raw	IDISA	490	300	B	0.9274615679018319	main
ARREST_raw	IDISA	490	400	B	0.981285160411242	main
ARREST_raw	IDISA	490	500	B	0.9957397368584003	main
ARREST_raw	IDISA	490	600	B	0.9991189657820557	main
ARREST_raw	IDISA	490	700	B	0.9998312269128384	main
ARREST_raw	IDISA	490	800	B	0.9999696389758826	main
ARREST_raw	IDISA	490	900	B	0.9999948191375271	main
ARREST_raw	IDISA	490	1000	B	0.9999991549569633	main
ARREST_raw	IDISA	490	1100	B	0.999999867463287	main
ARREST_raw	IDISA	490	1200	B	0.9999999799164665	main
ARREST_raw	IDISA	490	1300	B	0.9999999970483159	main
ARREST_raw	IDISA	490	1400	B	0.9999999995779031	main
ARREST_raw	IDISA	490	1500	B	0.9999999999411119	main
ARREST_raw	IDISA	490	1600	B	0.9999999999919666	main
ARREST_raw	IDISA	490	1700	B	0.9999999999989263	main
ARREST_raw	IDISA	490	1800	B	0.9999999999998592	main
ARREST_raw	IDISA	490	1900	B	0.9999999999999819	main
ARREST_raw	IDISA	490	2000	B	0.9999999999999977	main
ARREST_raw	IDISA	490	2100	B	0.9999999999999997	main
ARREST_raw	IDISA	490	2200	B	1	main
ARREST_raw	IDISA	490	2300	B	1	main
ARREST_raw	IDISA	490	2400	B	1	main
ARREST_raw	IDISA	490	2500	B	1	main
ARREST_raw	IDISA	490	2600	B	1	main
ARREST_raw	IDISA	490	2700	B	1	main
ARREST_raw	IDISA	490	2800	B	1	main
ARREST_raw	IDISA	490	2900	B	1	main
ARREST_raw	IDISA	490	3000	B	1	main
ARREST_raw	IDISA	490	3100	B	1	main
ARREST_raw	IDISA	490	3200	B	1	main
ARREST_raw	IDISA	490	3300	B	1	main
ARREST_raw	IDISA	490	3400	B	1	main
ARREST_raw	IDISA	490	3500	B	1	main
ARREST_raw	IDISA	490	3600	B	1	main
ARREST_raw	IDISA	490	3700	B	1	main
ARREST_raw	IDISA	490	3800	B	1	main
ARREST_raw	IDISA	490	3900	B	1	main
ARREST_raw	IDISA	490	4000	B	1	main
ARREST_raw	IDISA	490	4100	B	1	main
ARREST_raw	IDISA	490	4200	B	1	main
ARREST_raw	IDISA	490	4300	B	1	main
ARREST_raw	IDISA	490	4400	B	1	main
ARREST_raw	IDISA	490	4500	B	1	main
ARREST_raw	IDISA	490	4600	B	1	main
ARREST_raw	IDISA	490	4700	B	1	main
ARREST_raw	IDISA	490	4800	B	1	main
ARREST_raw	IDISA	490	4900	B	1	main
ARREST_raw	IDISA	490	5000	B	1	main
ARREST_raw	IDISA	490	5100	B	1	main
ARREST_raw	IDISA	490	5200	B	1	main
ARREST_raw	IDISA	490	5300	B	1	main
ARREST_raw	IDISA	490	5400	B	1	main
ARREST_raw	IDISA	490	5500	B	1	main
ARREST_raw	IDISA	490	5600	B	1	main
ARREST_raw	IDISA	490	5700	B	1	main
ARREST_raw	IDISA	490	5800	B	1	main
ARREST_raw	IDISA	490	5900	B	1	main
ARREST_raw	IDISA	490	6000	B	1	main
ARREST_raw	IDISA	490	6100	B	1	main
ARREST_raw	IDISA	490	6200	B	1	main
ARREST_raw	IDISA	490	6300	B	1	main
ARREST_raw	IDISA	490	6400	B	1	main
ARREST_raw	IDISA	490	6500	B	1	main
ARREST_raw	IDISA	490	6600	B	1	main
ARREST_raw	IDISA	490	6700	B	1	main
ARREST_raw	IDISA	490	6800	B	1	main
ARREST_raw	IDISA	490	6900	B	1	main
ARREST_raw	IDISA	490	7000	B	1	main
ARREST_raw	IDISA	490	7100	B	1	main
ARREST_raw	IDISA	490	7200	B	1	main
ARREST_raw	IDISA	490	7300	B	1	main
ARREST_raw	IDISA	490	7400	B	1	main
ARREST_raw	IDISA	490	7500	B	1	main
ARREST_raw	IDISA	490	7600	B	1	main
ARREST_raw	IDISA	490	7700	B	1	main
ARREST_raw	IDISA	490	7800	B	1	main
ARREST_raw	IDISA	490	7900	B	1	main
ARREST_raw	IDISA	490	8000	B	1	main
ARREST_raw	IDISA	490	8100	B	1	main
ARREST_raw	IDISA	490	8200	B	1	main
ARREST_raw	IDISA	490	8300	B	1	main
ARREST_raw	IDISA	490	8400	B	1	main
ARREST_raw	IDISA	490	8500	B	1	main
ARREST_raw	IDISA	490	8600	B	1	main
ARREST_raw	IDISA	490	8700	B	1	main
ARREST_raw	IDISA	490	8800	B	1	main
ARREST_raw	IDISA	490	8900	B	1	main
ARREST_raw	IDISA	490	9000	B	1	main
ARREST_raw	IDISA	490	9100	B	1	main
ARREST_raw	IDISA	490	9200	B	1	main
ARREST_raw	IDISA	490	9300	B	1	main
ARREST_raw	IDISA	490	9400	B	1	main
ARREST_raw	IDISA	490	9500	B	1	main
ARREST_raw	IDISA	490	9600	B	1	main
ARREST_raw	IDISA	490	9700	B	1	main
ARREST_raw	IDISA	490	9800	B	1	main
ARREST_raw	IDISA	490	9900	B	1	main
ARREST_raw	IDISA	490	10000	B	1	main
ARREST_raw	IDISA	490	10100	B	1	main
ARREST_raw	IDISA	490	10200	B	1	main
ARREST_raw	IDISA	490	10300	B	1	main
ARREST_raw	IDISA	490	10400	B	1	main
ARREST_raw	IDISA	490	10500	B	1	main
ARREST_raw	IDISA	490	10600	B	1	main
ARREST_raw	IDISA	490	10700	B	1	main
ARREST_raw	IDISA	490	10800	B	1	main
ARREST_raw	IDISA	490	10900	B	1	main
ARREST_raw	IDISA	490	11000	B	1	main
ARREST_raw	IDISA	490	11100	B	1	main
ARREST_raw	IDISA	490	11200	B	1	main
ARREST_raw	IDISA	490	11300	B	1	main
ARREST_raw	IDISA	490	11400	B	1	main
ARREST_raw	IDISA	490	11500	B	1	main
ARREST_raw	IDISA	490	11600	B	1	main
ARREST_raw	IDISA	490	11700	B	1	main
ARREST_raw	IDISA	490	11800	B	1	main
ARREST_raw	IDISA	490	11900	B	1	main
ARREST_raw	IDISA	490	12000	B	1	main
ARREST_raw	IDISA	490	12100	B	1	main
ARREST_raw	IDISA	490	12200	B	1	main
ARREST_raw	IDISA	490	12300	B	1	main
ARREST_raw	IDISA	490	12400	B	1	main
ARREST_raw	IDISA	490	12500	B	1	main
ARREST_raw	IDISA	490	12600	B	1	main
ARREST_raw	IDISA	490	12700	B	1	main
ARREST_raw	IDISA	490	12800	B	1	main
ARREST_raw	IDISA	490	12900	B	1	main
ARREST_raw	IDISA	490	13000	B	1	main
ARREST_raw	IDISA	490	13100	B	1	main
ARREST_raw	IDISA	490	13200	B	1	main
ARREST_raw	IDISA	490	13300	B	1	main
ARREST_raw	IDISA	490	13400	B	1	main
ARREST_raw	IDISA	490	13500	B	1	main
ARREST_raw	IDISA	490	13600	B	1	main
ARREST_raw	IDISA	490	13700	B	1	main
ARREST_raw	IDISA	490	13800	B	1	main
ARREST_raw	IDISA	490	13900	B	1	main
ARREST_raw	IDISA	490	14000	B	1	main
ARREST_raw	IDISA	490	14100	B	1	main
ARREST_raw	IDISA	490	14200	B	1	main
ARREST_raw	IDISA	490	14300	B	1	main
ARREST_raw	IDISA	490	14400	B	1	main
ARREST_raw	IDISA	490	14500	B	1	main
ARREST_raw	IDISA	490	14600	B	1	main
ARREST_raw	IDISA	490	14700	B	1	main
ARREST_raw	IDISA	490	14800	B	1	main
ARREST_raw	IDISA	490	14900	B	1	main
ARREST_raw	IDISA	490	15000	B	1	main
ARREST_raw	IDISA	490	15100	B	1	main
ARREST_raw	IDISA	490	15200	B	1	main
ARREST_raw	IDISA	490	15300	B	1	main
ARREST_raw	IDISA	490	15400	B	1	main
ARREST_raw	IDISA	490	15500	B	1	main
ARREST_raw	IDISA	490	15600	B	1	main
ARREST_raw	IDISA	490	15700	B	1	main
ARREST_raw	IDISA	490	15800	B	1	main
ARREST_raw	IDISA	490	15900	B	1	main
ARREST_raw	IDISA	490	16000	B	1	main
ARREST_raw	IDISA	490	16100	B	1	main
ARREST_raw	IDISA	490	16200	B	1	main
ARREST_raw	IDISA	490	16300	B	1	main
ARREST_raw	IDISA	490	16400	B	1	main
ARREST_raw	IDISA	490	16500	B	1	main
ARREST_raw	IDISA	490	16600	B	1	main
ARREST_raw	IDISA	490	16700	B	1	main
ARREST_raw	IDISA	490	16800	B	1	main
ARREST_raw	IDISA	490	16900	B	1	main
ARREST_raw	IDISA	490	17000	B	1	main
ARREST_raw	IDISA	490	17100	B	1	main
ARREST_raw	IDISA	490	17200	B	1	main
ARREST_raw	IDISA	490	17300	B	1	main
ARREST_raw	IDISA	490	17400	B	1	main
ARREST_raw	IDISA	490	17500	B	1	main
ARREST_raw	IDISA	490	17600	B	1	main
ARREST_raw	IDISA	490	17700	B	1	main
ARREST_raw	IDISA	490	17800	B	1	main
ARREST_raw	IDISA	490	17900	B	1	main
ARREST_raw	IDISA	490	18000	B	1	main
ARREST_raw	IDISA	490	18100	B	1	main
ARREST_raw	IDISA	490	18200	B	1	main
ARREST_raw	IDISA	490	18300	B	1	main
ARREST_raw	IDISA	490	18400	B	1	main
ARREST_raw	IDISA	490	18500	B	1	main
ARREST_raw	IDISA	490	18600	B	1	main
ARREST_raw	IDISA	490	18700	B	1	main
ARREST_raw	IDISA	490	18800	B	1	main
ARREST_raw	IDISA	490	18900	B	1	main
ARREST_raw	IDISA	490	19000	B	1	main
ARREST_raw	IDISA	490	19100	B	1	main
ARREST_raw	IDISA	490	19200	B	1	main
ARREST_raw	IDISA	490	19300	B	1	main
ARREST_raw	IDISA	490	19400	B	1	main
ARREST_raw	IDISA	490	19500	B	1	main
ARREST_raw	IDISA	490	19600	B	1	main
ARREST_raw	IDISA	490	19700	B	1	main
ARREST_raw	IDISA	490	19800	B	1	main
ARREST_raw	IDISA	490	19900	B	1	main
ARREST_raw	IDISA	490	20000	B	1	main
ARREST_raw	SABG-PCS	755	100	B	0.7371607336346431	main
ARREST_raw	SABG-PCS	755	200	B	0.9752596881412979	main
ARREST_raw	SABG-PCS	755	300	B	0.9985813016616288	main
ARREST_raw	SABG-PCS	755	400	B	0.9999397391120309	main
ARREST_raw	SABG-PCS	755	500	B	0.9999979172170331	main
ARREST_raw	SABG-PCS	755	600	B	0.9999999382116891	main
ARREST_raw	SABG-PCS	755	700	B	0.9999999983726985	main
ARREST_raw	SABG-PCS	755	800	B	0.9999999999610713	main
ARREST_raw	SABG-PCS	755	900	B	0.9999999999991401	main
ARREST_raw	SABG-PCS	755	1000	B	0.9999999999999822	main
ARREST_raw	SABG-PCS	755	1100	B	0.9999999999999997	main
ARREST_raw	SABG-PCS	755	1200	B	1	main
ARREST_raw	SABG-PCS	755	1300	B	1	main
ARREST_raw	SABG-PCS	755	1400	B	1	main
ARREST_raw	SABG-PCS	755	1500	B	1	main
ARREST_raw	SABG-PCS	755	1600	B	1	main
ARREST_raw	SABG-PCS	755	1700	B	1	main
ARREST_raw	SABG-PCS	755	1800	B	1	main
ARREST_raw	SABG-PCS	755	1900	B	1	main
ARREST_raw	SABG-PCS	755	2000	B	1	main
ARREST_raw	SABG-PCS	755	2100	B	1	main
ARREST_raw	SABG-PCS	755	2200	B	1	main
ARREST_raw	SABG-PCS	755	2300	B	1	main
ARREST_raw	SABG-PCS	755	2400	B	1	main
ARREST_raw	SABG-PCS	755	2500	B	1	main
ARREST_raw	SABG-PCS	755	2600	B	1	main
ARREST_raw	SABG-PCS	755	2700	B	1	main
ARREST_raw	SABG-PCS	755	2800	B	1	main
ARREST_raw	SABG-PCS	755	2900	B	1	main
ARREST_raw	SABG-PCS	755	3000	B	1	main
ARREST_raw	SABG-PCS	755	3100	B	1	main
ARREST_raw	SABG-PCS	755	3200	B	1	main
ARREST_raw	SABG-PCS	755	3300	B	1	main
ARREST_raw	SABG-PCS	755	3400	B	1	main
ARREST_raw	SABG-PCS	755	3500	B	1	main
ARREST_raw	SABG-PCS	755	3600	B	1	main
ARREST_raw	SABG-PCS	755	3700	B	1	main
ARREST_raw	SABG-PCS	755	3800	B	1	main
ARREST_raw	SABG-PCS	755	3900	B	1	main
ARREST_raw	SABG-PCS	755	4000	B	1	main
ARREST_raw	SABG-PCS	755	4100	B	1	main
ARREST_raw	SABG-PCS	755	4200	B	1	main
ARREST_raw	SABG-PCS	755	4300	B	1	main
ARREST_raw	SABG-PCS	755	4400	B	1	main
ARREST_raw	SABG-PCS	755	4500	B	1	main
ARREST_raw	SABG-PCS	755	4600	B	1	main
ARREST_raw	SABG-PCS	755	4700	B	1	main
ARREST_raw	SABG-PCS	755	4800	B	1	main
ARREST_raw	SABG-PCS	755	4900	B	1	main
ARREST_raw	SABG-PCS	755	5000	B	1	main
ARREST_raw	SABG-PCS	755	5100	B	1	main
ARREST_raw	SABG-PCS	755	5200	B	1	main
ARREST_raw	SABG-PCS	755	5300	B	1	main
ARREST_raw	SABG-PCS	755	5400	B	1	main
ARREST_raw	SABG-PCS	755	5500	B	1	main
ARREST_raw	SABG-PCS	755	5600	B	1	main
ARREST_raw	SABG-PCS	755	5700	B	1	main
ARREST_raw	SABG-PCS	755	5800	B	1	main
ARREST_raw	SABG-PCS	755	5900	B	1	main
ARREST_raw	SABG-PCS	755	6000	B	1	main
ARREST_raw	SABG-PCS	755	6100	B	1	main
ARREST_raw	SABG-PCS	755	6200	B	1	main
ARREST_raw	SABG-PCS	755	6300	B	1	main
ARREST_raw	SABG-PCS	755	6400	B	1	main
ARREST_raw	SABG-PCS	755	6500	B	1	main
ARREST_raw	SABG-PCS	755	6600	B	1	main
ARREST_raw	SABG-PCS	755	6700	B	1	main
ARREST_raw	SABG-PCS	755	6800	B	1	main
ARREST_raw	SABG-PCS	755	6900	B	1	main
ARREST_raw	SABG-PCS	755	7000	B	1	main
ARREST_raw	SABG-PCS	755	7100	B	1	main
ARREST_raw	SABG-PCS	755	7200	B	1	main
ARREST_raw	SABG-PCS	755	7300	B	1	main
ARREST_raw	SABG-PCS	755	7400	B	1	main
ARREST_raw	SABG-PCS	755	7500	B	1	main
ARREST_raw	SABG-PCS	755	7600	B	1	main
ARREST_raw	SABG-PCS	755	7700	B	1	main
ARREST_raw	SABG-PCS	755	7800	B	1	main
ARREST_raw	SABG-PCS	755	7900	B	1	main
ARREST_raw	SABG-PCS	755	8000	B	1	main
ARREST_raw	SABG-PCS	755	8100	B	1	main
ARREST_raw	SABG-PCS	755	8200	B	1	main
ARREST_raw	SABG-PCS	755	8300	B	1	main
ARREST_raw	SABG-PCS	755	8400	B	1	main
ARREST_raw	SABG-PCS	755	8500	B	1	main
ARREST_raw	SABG-PCS	755	8600	B	1	main
ARREST_raw	SABG-PCS	755	8700	B	1	main
ARREST_raw	SABG-PCS	755	8800	B	1	main
ARREST_raw	SABG-PCS	755	8900	B	1	main
ARREST_raw	SABG-PCS	755	9000	B	1	main
ARREST_raw	SABG-PCS	755	9100	B	1	main
ARREST_raw	SABG-PCS	755	9200	B	1	main
ARREST_raw	SABG-PCS	755	9300	B	1	main
ARREST_raw	SABG-PCS	755	9400	B	1	main
ARREST_raw	SABG-PCS	755	9500	B	1	main
ARREST_raw	SABG-PCS	755	9600	B	1	main
ARREST_raw	SABG-PCS	755	9700	B	1	main
ARREST_raw	SABG-PCS	755	9800	B	1	main
ARREST_raw	SABG-PCS	755	9900	B	1	main
ARREST_raw	SABG-PCS	755	10000	B	1	main
ARREST_raw	SABG-PCS	755	10100	B	1	main
ARREST_raw	SABG-PCS	755	10200	B	1	main
ARREST_raw	SABG-PCS	755	10300	B	1	main
ARREST_raw	SABG-PCS	755	10400	B	1	main
ARREST_raw	SABG-PCS	755	10500	B	1	main
ARREST_raw	SABG-PCS	755	10600	B	1	main
ARREST_raw	SABG-PCS	755	10700	B	1	main
ARREST_raw	SABG-PCS	755	10800	B	1	main
ARREST_raw	SABG-PCS	755	10900	B	1	main
ARREST_raw	SABG-PCS	755	11000	B	1	main
ARREST_raw	SABG-PCS	755	11100	B	1	main
ARREST_raw	SABG-PCS	755	11200	B	1	main
ARREST_raw	SABG-PCS	755	11300	B	1	main
ARREST_raw	SABG-PCS	755	11400	B	1	main
ARREST_raw	SABG-PCS	755	11500	B	1	main
ARREST_raw	SABG-PCS	755	11600	B	1	main
ARREST_raw	SABG-PCS	755	11700	B	1	main
ARREST_raw	SABG-PCS	755	11800	B	1	main
ARREST_raw	SABG-PCS	755	11900	B	1	main
ARREST_raw	SABG-PCS	755	12000	B	1	main
ARREST_raw	SABG-PCS	755	12100	B	1	main
ARREST_raw	SABG-PCS	755	12200	B	1	main
ARREST_raw	SABG-PCS	755	12300	B	1	main
ARREST_raw	SABG-PCS	755	12400	B	1	main
ARREST_raw	SABG-PCS	755	12500	B	1	main
ARREST_raw	SABG-PCS	755	12600	B	1	main
ARREST_raw	SABG-PCS	755	12700	B	1	main
ARREST_raw	SABG-PCS	755	12800	B	1	main
ARREST_raw	SABG-PCS	755	12900	B	1	main
ARREST_raw	SABG-PCS	755	13000	B	1	main
ARREST_raw	SABG-PCS	755	13100	B	1	main
ARREST_raw	SABG-PCS	755	13200	B	1	main
ARREST_raw	SABG-PCS	755	13300	B	1	main
ARREST_raw	SABG-PCS	755	13400	B	1	main
ARREST_raw	SABG-PCS	755	13500	B	1	main
ARREST_raw	SABG-PCS	755	13600	B	1	main
ARREST_raw	SABG-PCS	755	13700	B	1	main
ARREST_raw	SABG-PCS	755	13800	B	1	main
ARREST_raw	SABG-PCS	755	13900	B	1	main
ARREST_raw	SABG-PCS	755	14000	B	1	main
ARREST_raw	SABG-PCS	755	14100	B	1	main
ARREST_raw	SABG-PCS	755	14200	B	1	main
ARREST_raw	SABG-PCS	755	14300	B	1	main
ARREST_raw	SABG-PCS	755	14400	B	1	main
ARREST_raw	SABG-PCS	755	14500	B	1	main
ARREST_raw	SABG-PCS	755	14600	B	1	main
ARREST_raw	SABG-PCS	755	14700	B	1	main
ARREST_raw	SABG-PCS	755	14800	B	1	main
ARREST_raw	SABG-PCS	755	14900	B	1	main
ARREST_raw	SABG-PCS	755	15000	B	1	main
ARREST_raw	SABG-PCS	755	15100	B	1	main
ARREST_raw	SABG-PCS	755	15200	B	1	main
ARREST_raw	SABG-PCS	755	15300	B	1	main
ARREST_raw	SABG-PCS	755	15400	B	1	main
ARREST_raw	SABG-PCS	755	15500	B	1	main
ARREST_raw	SABG-PCS	755	15600	B	1	main
ARREST_raw	SABG-PCS	755	15700	B	1	main
ARREST_raw	SABG-PCS	755	15800	B	1	main
ARREST_raw	SABG-PCS	755	15900	B	1	main
ARREST_raw	SABG-PCS	755	16000	B	1	main
ARREST_raw	SABG-PCS	755	16100	B	1	main
ARREST_raw	SABG-PCS	755	16200	B	1	main
ARREST_raw	SABG-PCS	755	16300	B	1	main
ARREST_raw	SABG-PCS	755	16400	B	1	main
ARREST_raw	SABG-PCS	755	16500	B	1	main
ARREST_raw	SABG-PCS	755	16600	B	1	main
ARREST_raw	SABG-PCS	755	16700	B	1	main
ARREST_raw	SABG-PCS	755	16800	B	1	main
ARREST_raw	SABG-PCS	755	16900	B	1	main
ARREST_raw	SABG-PCS	755	17000	B	1	main
ARREST_raw	SABG-PCS	755	17100	B	1	main
ARREST_raw	SABG-PCS	755	17200	B	1	main
ARREST_raw	SABG-PCS	755	17300	B	1	main
ARREST_raw	SABG-PCS	755	17400	B	1	main
ARREST_raw	SABG-PCS	755	17500	B	1	main
ARREST_raw	SABG-PCS	755	17600	B	1	main
ARREST_raw	SABG-PCS	755	17700	B	1	main
ARREST_raw	SABG-PCS	755	17800	B	1	main
ARREST_raw	SABG-PCS	755	17900	B	1	main
ARREST_raw	SABG-PCS	755	18000	B	1	main
ARREST_raw	SABG-PCS	755	18100	B	1	main
ARREST_raw	SABG-PCS	755	18200	B	1	main
ARREST_raw	SABG-PCS	755	18300	B	1	main
ARREST_raw	SABG-PCS	755	18400	B	1	main
ARREST_raw	SABG-PCS	755	18500	B	1	main
ARREST_raw	SABG-PCS	755	18600	B	1	main
ARREST_raw	SABG-PCS	755	18700	B	1	main
ARREST_raw	SABG-PCS	755	18800	B	1	main
ARREST_raw	SABG-PCS	755	18900	B	1	main
ARREST_raw	SABG-PCS	755	19000	B	1	main
ARREST_raw	SABG-PCS	755	19100	B	1	main
ARREST_raw	SABG-PCS	755	19200	B	1	main
ARREST_raw	SABG-PCS	755	19300	B	1	main
ARREST_raw	SABG-PCS	755	19400	B	1	main
ARREST_raw	SABG-PCS	755	19500	B	1	main
ARREST_raw	SABG-PCS	755	19600	B	1	main
ARREST_raw	SABG-PCS	755	19700	B	1	main
ARREST_raw	SABG-PCS	755	19800	B	1	main
ARREST_raw	SABG-PCS	755	19900	B	1	main
ARREST_raw	SABG-PCS	755	20000	B	1	main
ARREST_raw	ARREST	758	100	C	0.012757819247081859	main
ARREST_raw	ARREST	758	200	C	0.015632355028839084	main
ARREST_raw	ARREST	758	300	C	0.01862180611068609	main
ARREST_raw	ARREST	758	400	C	0.02172432769149768	main
ARREST_raw	ARREST	758	500	C	0.024938034389875074	main
ARREST_raw	ARREST	758	600	C	0.028261003149872232	main
ARREST_raw	ARREST	758	700	C	0.03169127606690736	main
ARREST_raw	ARREST	758	800	C	0.0352268631346323	main
ARREST_raw	ARREST	758	900	C	0.038865744913572864	main
ARREST_raw	ARREST	758	1000	C	0.04260587512239833	main
ARREST_raw	ARREST	758	1100	C	0.046445183152709846	main
ARREST_raw	ARREST	758	1200	C	0.050381576508274906	main
ARREST_raw	ARREST	758	1300	C	0.05441294316966927	main
ARREST_raw	ARREST	758	1400	C	0.05853715388531189	main
ARREST_raw	ARREST	758	1500	C	0.06275206438990799	main
ARREST_raw	ARREST	758	1600	C	0.06705551755134198	main
ARREST_raw	ARREST	758	1700	C	0.07144534544707837	main
ARREST_raw	ARREST	758	1800	C	0.07591937137115468	main
ARREST_raw	ARREST	758	1900	C	0.08047541177286477	main
ARREST_raw	ARREST	758	2000	C	0.08511127812824826	main
ARREST_raw	ARREST	758	2100	C	0.0898247787455132	main
ARREST_raw	ARREST	758	2200	C	0.09461372050553785	main
ARREST_raw	ARREST	758	2300	C	0.09947591053859794	main
ARREST_raw	ARREST	758	2400	C	0.10440915783848292	main
ARREST_raw	ARREST	758	2500	C	0.10941127481516921	main
ARREST_raw	ARREST	758	2600	C	0.11448007878722177	main
ARREST_raw	ARREST	758	2700	C	0.11961339341510213	main
ARREST_raw	ARREST	758	2800	C	0.1248090500765624	main
ARREST_raw	ARREST	758	2900	C	0.1300648891853089	main
ARREST_raw	ARREST	758	3000	C	0.1353787614541142	main
ARREST_raw	ARREST	758	3100	C	0.14074852910356084	main
ARREST_raw	ARREST	758	3200	C	0.14617206701759355	main
ARREST_raw	ARREST	758	3300	C	0.15164726384705718	main
ARREST_raw	ARREST	758	3400	C	0.15717202306239075	main
ARREST_raw	ARREST	758	3500	C	0.16274426395664487	main
ARREST_raw	ARREST	758	3600	C	0.16836192259998095	main
ARREST_raw	ARREST	758	3700	C	0.174022952746809	main
ARREST_raw	ARREST	758	3800	C	0.17972532669670604	main
ARREST_raw	ARREST	758	3900	C	0.18546703611025495	main
ARREST_raw	ARREST	758	4000	C	0.19124609278093319	main
ARREST_raw	ARREST	758	4100	C	0.19706052936416518	main
ARREST_raw	ARREST	758	4200	C	0.2029084000646536	main
ARREST_raw	ARREST	758	4300	C	0.20878778128307995	main
ARREST_raw	ARREST	758	4400	C	0.2146967722232649	main
ARREST_raw	ARREST	758	4500	C	0.22063349546086075	main
ARREST_raw	ARREST	758	4600	C	0.22659609747463705	main
ARREST_raw	ARREST	758	4700	C	0.23258274914140775	main
ARREST_raw	ARREST	758	4800	C	0.23859164619563566	main
ARREST_raw	ARREST	758	4900	C	0.24462100965473788	main
ARREST_raw	ARREST	758	5000	C	0.2506690862110945	main
ARREST_raw	ARREST	758	5100	C	0.25673414859176	main
ARREST_raw	ARREST	758	5200	C	0.2628144958868527	main
ARREST_raw	ARREST	758	5300	C	0.26890845384758677	main
ARREST_raw	ARREST	758	5400	C	0.27501437515489957	main
ARREST_raw	ARREST	758	5500	C	0.28113063965960117	main
ARREST_raw	ARREST	758	5600	C	0.2872556545949734	main
ARREST_raw	ARREST	758	5700	C	0.29338785476271545	main
ARREST_raw	ARREST	758	5800	C	0.2995257026931254	main
ARREST_raw	ARREST	758	5900	C	0.30566768878039163	main
ARREST_raw	ARREST	758	6000	C	0.3118123313938478	main
ARREST_raw	ARREST	758	6100	C	0.31795817696603246	main
ARREST_raw	ARREST	758	6200	C	0.3241038000583786	main
ARREST_raw	ARREST	758	6300	C	0.3302478034053421	main
ARREST_raw	ARREST	758	6400	C	0.3363888179377592	main
ARREST_raw	ARREST	758	6500	C	0.3425255027862135	main
ARREST_raw	ARREST	758	6600	C	0.34865654526516876	main
ARREST_raw	ARREST	758	6700	C	0.3547806608386188	main
ARREST_raw	ARREST	758	6800	C	0.3608965930679774	main
ARREST_raw	ARREST	758	6900	C	0.3670031135429255	main
ARREST_raw	ARREST	758	7000	C	0.37309902179591303	main
ARREST_raw	ARREST	758	7100	C	0.3791831452009966	main
ARREST_raw	ARREST	758	7200	C	0.3852543388576811	main
ARREST_raw	ARREST	758	7300	C	0.3913114854604145	main
ARREST_raw	ARREST	758	7400	C	0.39735349515437624	main
ARREST_raw	ARREST	758	7500	C	0.4033793053781737	main
ARREST_raw	ARREST	758	7600	C	0.40938788069406085	main
ARREST_raw	ARREST	758	7700	C	0.4153782126062613	main
ARREST_raw	ARREST	758	7800	C	0.4213493193679796	main
ARREST_raw	ARREST	758	7900	C	0.4273002457776588	main
ARREST_raw	ARREST	758	8000	C	0.43323006296503197	main
ARREST_raw	ARREST	758	8100	C	0.43913786816750244	main
ARREST_raw	ARREST	758	8200	C	0.4450227844973689	main
ARREST_raw	ARREST	758	8300	C	0.4508839607004025	main
ARREST_raw	ARREST	758	8400	C	0.4567205709062705	main
ARREST_raw	ARREST	758	8500	C	0.462531814371275	main
ARREST_raw	ARREST	758	8600	C	0.46831691521388175	main
ARREST_raw	ARREST	758	8700	C	0.4740751221434847	main
ARREST_raw	ARREST	758	8800	C	0.4798057081828436	main
ARREST_raw	ARREST	758	8900	C	0.4855079703846268	main
ARREST_raw	ARREST	758	9000	C	0.4911812295424631	main
ARREST_raw	ARREST	758	9100	C	0.49682482989691046	main
ARREST_raw	ARREST	758	9200	C	0.5024381388367277	main
ARREST_raw	ARREST	758	9300	C	0.5080205465958254	main
ARREST_raw	ARREST	758	9400	C	0.5135714659462594	main
ARREST_raw	ARREST	758	9500	C	0.5190903318876234	main
ARREST_raw	ARREST	758	9600	C	0.5245766013331808	main
ARREST_raw	ARREST	758	9700	C	0.5300297527930637	main
ARREST_raw	ARREST	758	9800	C	0.5354492860548635	main
ARREST_raw	ARREST	758	9900	C	0.540834721861921	main
ARREST_raw	ARREST	758	10000	C	0.5461856015896094	main
ARREST_raw	ARREST	758	10100	C	0.5515014869199064	main
ARREST_raw	ARREST	758	10200	C	0.5567819595145272	main
ARREST_raw	ARREST	758	10300	C	0.56202662068689	main
ARREST_raw	ARREST	758	10400	C	0.5672350910731696	main
ARREST_raw	ARREST	758	10500	C	0.5724070103026915	main
ARREST_raw	ARREST	758	10600	C	0.5775420366679025	main
ARREST_raw	ARREST	758	10700	C	0.5826398467941524	main
ARREST_raw	ARREST	758	10800	C	0.5877001353095042	main
ARREST_raw	ARREST	758	10900	C	0.5927226145147888	main
ARREST_raw	ARREST	758	11000	C	0.5977070140541083	main
ARREST_raw	ARREST	758	11100	C	0.6026530805859838	main
ARREST_raw	ARREST	758	11200	C	0.6075605774553343	main
ARREST_raw	ARREST	758	11300	C	0.6124292843664694	main
ARREST_raw	ARREST	758	11400	C	0.6172589970572675	main
ARREST_raw	ARREST	758	11500	C	0.6220495269747042	main
ARREST_raw	ARREST	758	11600	C	0.6268007009518886	main
ARREST_raw	ARREST	758	11700	C	0.6315123608867559	main
ARREST_raw	ARREST	758	11800	C	0.6361843634225668	main
ARREST_raw	ARREST	758	11900	C	0.6408165796303402	main
ARREST_raw	ARREST	758	12000	C	0.6454088946933587	main
ARREST_raw	ARREST	758	12100	C	0.6499612075938643	main
ARREST_raw	ARREST	758	12200	C	0.6544734308020645	main
ARREST_raw	ARREST	758	12300	C	0.6589454899675611	main
ARREST_raw	ARREST	758	12400	C	0.6633773236133016	main
ARREST_raw	ARREST	758	12500	C	0.6677688828321631	main
ARREST_raw	ARREST	758	12600	C	0.6721201309862481	main
ARREST_raw	ARREST	758	12700	C	0.6764310434089982	main
ARREST_raw	ARREST	758	12800	C	0.6807016071101917	main
ARREST_raw	ARREST	758	12900	C	0.6849318204839161	main
ARREST_raw	ARREST	758	13000	C	0.6891216930195834	main
ARREST_raw	ARREST	758	13100	C	0.6932712450160545	main
ARREST_raw	ARREST	758	13200	C	0.6973805072989422	main
ARREST_raw	ARREST	758	13300	C	0.7014495209411465	main
ARREST_raw	ARREST	758	13400	C	0.70547833698667906	main
ARREST_raw	ARREST	758	13500	C	0.7094670161778291	main
ARREST_raw	ARREST	758	13600	C	0.7134156286857125	main
ARREST_raw	ARREST	758	13700	C	0.7173242538442517	main
ARREST_raw	ARREST	758	13800	C	0.7211929798876202	main
ARREST_raw	ARREST	758	13900	C	0.7250219036911908	main
ARREST_raw	ARREST	758	14000	C	0.7288111305160143	main
ARREST_raw	ARREST	758	14100	C	0.7325607737568596	main
ARREST_raw	ARREST	758	14200	C	0.7362709546938399	main
ARREST_raw	ARREST	758	14300	C	0.7399418022476413	main
ARREST_raw	ARREST	758	14400	C	0.7435734527383773	main
ARREST_raw	ARREST	758	14500	C	0.7471660496480832	main
ARREST_raw	ARREST	758	14600	C	0.750719743386858	main
ARREST_raw	ARREST	758	14700	C	0.7542346910626674	main
ARREST_raw	ARREST	758	14800	C	0.7577110562548156	main
ARREST_raw	ARREST	758	14900	C	0.7611490087910834	main
ARREST_raw	ARREST	758	15000	C	0.764548724528541	main
ARREST_raw	ARREST	758	15100	C	0.767910385138032	main
ARREST_raw	ARREST	758	15200	C	0.7712341778923228	main
ARREST_raw	ARREST	758	15300	C	0.774520295457916	main
ARREST_raw	ARREST	758	15400	C	0.7777689356905194	main
ARREST_raw	ARREST	758	15500	C	0.7809803014341585	main
ARREST_raw	ARREST	758	15600	C	0.7841546003239228	main
ARREST_raw	ARREST	758	15700	C	0.7872920445923359	main
ARREST_raw	ARREST	758	15800	C	0.7903928508793269	main
ARREST_raw	ARREST	758	15900	C	0.7934572400457924	main
ARREST_raw	ARREST	758	16000	C	0.79648543699073	main
ARREST_raw	ARREST	758	16100	C	0.7994776704719198	main
ARREST_raw	ARREST	758	16200	C	0.8024341729301372	main
ARREST_raw	ARREST	758	16300	C	0.8053551803168715	main
ARREST_raw	ARREST	758	16400	C	0.8082409319255247	main
ARREST_raw	ARREST	758	16500	C	0.8110916702260724	main
ARREST_raw	ARREST	758	16600	C	0.8139076407031494	main
ARREST_raw	ARREST	758	16700	C	0.8166890916975422	main
ARREST_raw	ARREST	758	16800	C	0.8194362742510554	main
ARREST_raw	ARREST	758	16900	C	0.8221494419547205	main
ARREST_raw	ARREST	758	17000	C	0.8248288508003225	main
ARREST_raw	ARREST	758	17100	C	0.8274747590352056	main
ARREST_raw	ARREST	758	17200	C	0.8300874270203316	main
ARREST_raw	ARREST	758	17300	C	0.8326671170915548	main
ARREST_raw	ARREST	758	17400	C	0.8352140934240817	main
ARREST_raw	ARREST	758	17500	C	0.8377286219000777	main
ARREST_raw	ARREST	758	17600	C	0.8402109699793896	main
ARREST_raw	ARREST	758	17700	C	0.8426614065733469	main
ARREST_raw	ARREST	758	17800	C	0.8450802019216039	main
ARREST_raw	ARREST	758	17900	C	0.8474676274719896	main
ARREST_raw	ARREST	758	18000	C	0.8498239557633234	main
ARREST_raw	ARREST	758	18100	C	0.8521494603111657	main
ARREST_raw	ARREST	758	18200	C	0.8544444154964589	main
ARREST_raw	ARREST	758	18300	C	0.8567090964570252	main
ARREST_raw	ARREST	758	18400	C	0.8589437789818801	main
ARREST_raw	ARREST	758	18500	C	0.8611487394083255	main
ARREST_raw	ARREST	758	18600	C	0.8633242545217806	main
ARREST_raw	ARREST	758	18700	C	0.8654706014583137	main
ARREST_raw	ARREST	758	18800	C	0.8675880576098346	main
ARREST_raw	ARREST	758	18900	C	0.8696769005319094	main
ARREST_raw	ARREST	758	19000	C	0.8717374078541557	main
ARREST_raw	ARREST	758	19100	C	0.8737698571931829	main
ARREST_raw	ARREST	758	19200	C	0.8757745260680332	main
ARREST_raw	ARREST	758	19300	C	0.8777516918180872	main
ARREST_raw	ARREST	758	19400	C	0.8797016315233948	main
ARREST_raw	ARREST	758	19500	C	0.8816246219273876	main
ARREST_raw	ARREST	758	19600	C	0.8835209393619409	main
ARREST_raw	ARREST	758	19700	C	0.8853908596747364	main
ARREST_raw	ARREST	758	19800	C	0.8872346581588957	main
ARREST_raw	ARREST	758	19900	C	0.8890526094848394	main
ARREST_raw	ARREST	758	20000	C	0.8908449876343353	main
ARREST_raw	Edinburgh	458	100	C	0.012032857839378686	main
ARREST_raw	Edinburgh	458	200	C	0.014130091823569502	main
ARREST_raw	Edinburgh	458	300	C	0.016290975612925807	main
ARREST_raw	Edinburgh	458	400	C	0.018514769243738294	main
ARREST_raw	Edinburgh	458	500	C	0.02080071980804954	main
ARREST_raw	Edinburgh	458	600	C	0.02314806212002629	main
ARREST_raw	Edinburgh	458	700	C	0.025556019368969674	main
ARREST_raw	Edinburgh	458	800	C	0.028023803759053778	main
ARREST_raw	Edinburgh	458	900	C	0.030550617135884472	main
ARREST_raw	Edinburgh	458	1000	C	0.033135651599976	main
ARREST_raw	Edinburgh	458	1100	C	0.03577809010724331	main
ARREST_raw	Edinburgh	458	1200	C	0.03847710705661744	main
ARREST_raw	Edinburgh	458	1300	C	0.04123186886488961	main
ARREST_raw	Edinburgh	458	1400	C	0.04404153452889625	main
ARREST_raw	Edinburgh	458	1500	C	0.04690525617515762	main
ARREST_raw	Edinburgh	458	1600	C	0.049822179597088234	main
ARREST_raw	Edinburgh	458	1700	C	0.05279144477989839	main
ARREST_raw	Edinburgh	458	1800	C	0.05581218641330954	main
ARREST_raw	Edinburgh	458	1900	C	0.05888353439220706	main
ARREST_raw	Edinburgh	458	2000	C	0.062004614305359085	main
ARREST_raw	Edinburgh	458	2100	C	0.06517454791232968	main
ARREST_raw	Edinburgh	458	2200	C	0.06839245360871593	main
ARREST_raw	Edinburgh	458	2300	C	0.0716574468798461	main
ARREST_raw	Edinburgh	458	2400	C	0.0749686407430673	main
ARREST_raw	Edinburgh	458	2500	C	0.07832514617876474	main
ARREST_raw	Edinburgh	458	2600	C	0.08172607255024489	main
ARREST_raw	Edinburgh	458	2700	C	0.08517052801262559	main
ARREST_raw	Edinburgh	458	2800	C	0.0886576199108694	main
ARREST_raw	Edinburgh	458	2900	C	0.092186455167103	main
ARREST_raw	Edinburgh	458	3000	C	0.09575614065736426	main
ARREST_raw	Edinburgh	458	3100	C	0.09936578357791859	main
ARREST_raw	Edinburgh	458	3200	C	0.10301449180128852	main
ARREST_raw	Edinburgh	458	3300	C	0.1067013742221411	main
ARREST_raw	Edinburgh	458	3400	C	0.11042554109317448	main
ARREST_raw	Edinburgh	458	3500	C	0.11418610435115262	main
ARREST_raw	Edinburgh	458	3600	C	0.11798217793322885	main
ARREST_raw	Edinburgh	458	3700	C	0.12181287808370667	main
ARREST_raw	Edinburgh	458	3800	C	0.12567732365138096	main
ARREST_raw	Edinburgh	458	3900	C	0.12957463637760613	main
ARREST_raw	Edinburgh	458	4000	C	0.13350394117523523	main
ARREST_raw	Edinburgh	458	4100	C	0.13746436639857718	main
ARREST_raw	Edinburgh	458	4200	C	0.14145504410451393	main
ARREST_raw	Edinburgh	458	4300	C	0.145475110304925	main
ARREST_raw	Edinburgh	458	4400	C	0.14952370521056246	main
ARREST_raw	Edinburgh	458	4500	C	0.1535999734665201	main
ARREST_raw	Edinburgh	458	4600	C	0.15770306437943982	main
ARREST_raw	Edinburgh	458	4700	C	0.16183213213659953	main
ARREST_raw	Edinburgh	458	4800	C	0.16598633601702362	main
ARREST_raw	Edinburgh	458	4900	C	0.17016484059475678	main
ARREST_raw	Edinburgh	458	5000	C	0.17436681593444447	main
ARREST_raw	Edinburgh	458	5100	C	0.17859143777935793	main
ARREST_raw	Edinburgh	458	5200	C	0.1828378877320047	main
ARREST_raw	Edinburgh	458	5300	C	0.18710535342746082	main
ARREST_raw	Edinburgh	458	5400	C	0.19139302869956598	main
ARREST_raw	Edinburgh	458	5500	C	0.19570011374011376	main
ARREST_raw	Edinburgh	458	5600	C	0.20002581525117757	main
ARREST_raw	Edinburgh	458	5700	C	0.20436934659070094	main
ARREST_raw	Edinburgh	458	5800	C	0.20872992791149314	main
ARREST_raw	Edinburgh	458	5900	C	0.21310678629375568	main
ARREST_raw	Edinburgh	458	6000	C	0.2174991558712751	main
ARREST_raw	Edinburgh	458	6100	C	0.2219062779514127	main
ARREST_raw	Edinburgh	458	6200	C	0.22632740112901562	main
ARREST_raw	Edinburgh	458	6300	C	0.23076178139438497	main
ARREST_raw	Edinburgh	458	6400	C	0.2352086822354199	main
ARREST_raw	Edinburgh	458	6500	C	0.23966737473406707	main
ARREST_raw	Edinburgh	458	6600	C	0.24413713765720046	main
ARREST_raw	Edinburgh	458	6700	C	0.24861725754205166	main
ARREST_raw	Edinburgh	458	6800	C	0.25310702877631286	main
ARREST_raw	Edinburgh	458	6900	C	0.2576057536730363	main
ARREST_raw	Edinburgh	458	7000	C	0.26211274254044226	main
ARREST_raw	Edinburgh	458	7100	C	0.2666273137467604	main
ARREST_raw	Edinburgh	458	7200	C	0.2711487937802157	main
ARREST_raw	Edinburgh	458	7300	C	0.27567651730427567	main
ARREST_raw	Edinburgh	458	7400	C	0.28020982720827103	main
ARREST_raw	Edinburgh	458	7500	C	0.28474807465350527	main
ARREST_raw	Edinburgh	458	7600	C	0.28929061911495857	main
ARREST_raw	Edinburgh	458	7700	C	0.2938368284186983	main
ARREST_raw	Edinburgh	458	7800	C	0.29838607877510515	main
ARREST_raw	Edinburgh	458	7900	C	0.3029377548080159	main
ARREST_raw	Edinburgh	458	8000	C	0.3074912495798947	main
ARREST_raw	Edinburgh	458	8100	C	0.31204596461313105	main
ARREST_raw	Edinburgh	458	8200	C	0.3166013099075671	main
ARREST_raw	Edinburgh	458	8300	C	0.3211567039543578	main
ARREST_raw	Edinburgh	458	8400	C	0.3257115737462595	main
ARREST_raw	Edinburgh	458	8500	C	0.33026535478444574	main
ARREST_raw	Edinburgh	458	8600	C	0.3348174910819486	main
ARREST_raw	Edinburgh	458	8700	C	0.33936743516381573	main
ARREST_raw	Edinburgh	458	8800	C	0.3439146480640818	main
ARREST_raw	Edinburgh	458	8900	C	0.3484585993196406	main
ARREST_raw	Edinburgh	458	9000	C	0.352998766961113	main
ARREST_raw	Edinburgh	458	9100	C	0.35753463750079684	main
ARREST_raw	Edinburgh	458	9200	C	0.36206570591778664	main
ARREST_raw	Edinburgh	458	9300	C	0.36659147564035144	main
ARREST_raw	Edinburgh	458	9400	C	0.3711114585256512	main
ARREST_raw	Edinburgh	458	9500	C	0.3756251748368793	main
ARREST_raw	Edinburgh	458	9600	C	0.38013215321790994	main
ARREST_raw	Edinburgh	458	9700	C	0.3846319306655337	main
ARREST_raw	Edinburgh	458	9800	C	0.38912405249935567	main
ARREST_raw	Edinburgh	458	9900	C	0.39360807232944084	main
ARREST_raw	Edinburgh	458	10000	C	0.3980835520217755	main
ARREST_raw	Edinburgh	458	10100	C	0.40255006166162455	main
ARREST_raw	Edinburgh	458	10200	C	0.4070071795148569	main
ARREST_raw	Edinburgh	458	10300	C	0.41145449198731043	main
ARREST_raw	Edinburgh	458	10400	C	0.41589159358226846	main
ARREST_raw	Edinburgh	458	10500	C	0.42031808685611594	main
ARREST_raw	Edinburgh	458	10600	C	0.42473358237224523	main
ARREST_raw	Edinburgh	458	10700	C	0.4291376986532771	main
ARREST_raw	Edinburgh	458	10800	C	0.4335300621316631	main
ARREST_raw	Edinburgh	458	10900	C	0.437910307098733	main
ARREST_raw	Edinburgh	458	11000	C	0.4422780756522515	main
ARREST_raw	Edinburgh	458	11100	C	0.4466330176425449	main
ARREST_raw	Edinburgh	458	11200	C	0.45097479061725787	main
ARREST_raw	Edinburgh	458	11300	C	0.4553030597648028	main
ARREST_raw	Edinburgh	458	11400	C	0.45961749785655437	main
ARREST_raw	Edinburgh	458	11500	C	0.4639177851878509	main
ARREST_raw	Edinburgh	458	11600	C	0.46820360951785667	main
ARREST_raw	Edinburgh	458	11700	C	0.47247466600833843	main
ARREST_raw	Edinburgh	458	11800	C	0.4767306571614113	main
ARREST_raw	Edinburgh	458	11900	C	0.480971292756304	main
ARREST_raw	Edinburgh	458	12000	C	0.4851962897851986	main
ARREST_raw	Edinburgh	458	12100	C	0.48940537238818693	main
ARREST_raw	Edinburgh	458	12200	C	0.49359827178740245	main
ARREST_raw	Edinburgh	458	12300	C	0.49777472622036645	main
ARREST_raw	Edinburgh	458	12400	C	0.5019344808726003	main
ARREST_raw	Edinburgh	458	12500	C	0.506077287809546	main
ARREST_raw	Edinburgh	458	12600	C	0.5102029059078432	main
ARREST_raw	Edinburgh	458	12700	C	0.5143111007860024	main
ARREST_raw	Edinburgh	458	12800	C	0.518401644734517	main
ARREST_raw	Edinburgh	458	12900	C	0.5224743166454595	main
ARREST_raw	Edinburgh	458	13000	C	0.5265289019415963	main
ARREST_raw	Edinburgh	458	13100	C	0.5305651925050658	main
ARREST_raw	Edinburgh	458	13200	C	0.5345829866056522	main
ARREST_raw	Edinburgh	458	13300	C	0.5385820888286992	main
ARREST_raw	Edinburgh	458	13400	C	0.5425623100026957	main
ARREST_raw	Edinburgh	458	13500	C	0.5465234671265672	main
ARREST_raw	Edinburgh	458	13600	C	0.5504653832967137	main
ARREST_raw	Edinburgh	458	13700	C	0.5543878876338209	main
ARREST_raw	Edinburgh	458	13800	C	0.5582908152094831	main
ARREST_raw	Edinburgh	458	13900	C	0.5621740069726652	main
ARREST_raw	Edinburgh	458	14000	C	0.5660373096760376	main
ARREST_raw	Edinburgh	458	14100	C	0.5698805758022125	main
ARREST_raw	Edinburgh	458	14200	C	0.5737036634899118	main
ARREST_raw	Edinburgh	458	14300	C	0.577506436460096	main
ARREST_raw	Edinburgh	458	14400	C	0.5812887639420786	main
ARREST_raw	Edinburgh	458	14500	C	0.5850505205996561	main
ARREST_raw	Edinburgh	458	14600	C	0.5887915864572764	main
ARREST_raw	Edinburgh	458	14700	C	0.5925118468262767	main
ARREST_raw	Edinburgh	458	14800	C	0.5962111922312071	main
ARREST_raw	Edinburgh	458	14900	C	0.5998895183362711	main
ARREST_raw	Edinburgh	458	15000	C	0.6035467258719015	main
ARREST_raw	Edinburgh	458	15100	C	0.6071827205614958	main
ARREST_raw	Edinburgh	458	15200	C	0.6107974130483333	main
ARREST_raw	Edinburgh	458	15300	C	0.6143907188226929	main
ARREST_raw	Edinburgh	458	15400	C	0.6179625581491921	main
ARREST_raw	Edinburgh	458	15500	C	0.6215128559943712	main
ARREST_raw	Edinburgh	458	15600	C	0.6250415419545337	main
ARREST_raw	Edinburgh	458	15700	C	0.6285485501838661	main
ARREST_raw	Edinburgh	458	15800	C	0.6320338193228583	main
ARREST_raw	Edinburgh	458	15900	C	0.635497292427031	main
ARREST_raw	Edinburgh	458	16000	C	0.6389389168959966	main
ARREST_raw	Edinburgh	458	16100	C	0.6423586444028658	main
ARREST_raw	Edinburgh	458	16200	C	0.6457564308240129	main
ARREST_raw	Edinburgh	458	16300	C	0.6491322361692184	main
ARREST_raw	Edinburgh	458	16400	C	0.6524860245121997	main
ARREST_raw	Edinburgh	458	16500	C	0.6558177639215444	main
ARREST_raw	Edinburgh	458	16600	C	0.6591274263920628	main
ARREST_raw	Edinburgh	458	16700	C	0.6624149877765639	main
ARREST_raw	Edinburgh	458	16800	C	0.6656804277180751	main
ARREST_raw	Edinburgh	458	16900	C	0.6689237295825137	main
ARREST_raw	Edinburgh	458	17000	C	0.6721448803918186	main
ARREST_raw	Edinburgh	458	17100	C	0.6753438707575585	main
ARREST_raw	Edinburgh	458	17200	C	0.6785206948150213	main
ARREST_raw	Edinburgh	458	17300	C	0.6816753501577947	main
ARREST_raw	Edinburgh	458	17400	C	0.6848078377728529	main
ARREST_raw	Edinburgh	458	17500	C	0.6879181619761497	main
ARREST_raw	Edinburgh	458	17600	C	0.6910063303487319	main
ARREST_raw	Edinburgh	458	17700	C	0.6940723536733788	main
ARREST_raw	Edinburgh	458	17800	C	0.6971162458717753	main
ARREST_raw	Edinburgh	458	17900	C	0.7001380239422252	main
ARREST_raw	Edinburgh	458	18000	C	0.7031377078979125	main
ARREST_raw	Edinburgh	458	18100	C	0.7061153207057158	main
ARREST_raw	Edinburgh	458	18200	C	0.7090708882255817	main
ARREST_raw	Edinburgh	458	18300	C	0.7120044391504616	main
ARREST_raw	Edinburgh	458	18400	C	0.7149160049468208	main
ARREST_raw	Edinburgh	458	18500	C	0.7178056197957199	main
ARREST_raw	Edinburgh	458	18600	C	0.7206733205344745	main
ARREST_raw	Edinburgh	458	18700	C	0.7235191465988997	main
ARREST_raw	Edinburgh	458	18800	C	0.7263431399661386	main
ARREST_raw	Edinburgh	458	18900	C	0.7291453450980845	main
ARREST_raw	Edinburgh	458	19000	C	0.73192580888539	main
ARREST_raw	Edinburgh	458	19100	C	0.7346845805920781	main
ARREST_raw	Edinburgh	458	19200	C	0.7374217118007473	main
ARREST_raw	Edinburgh	458	19300	C	0.7401372563583808	main
ARREST_raw	Edinburgh	458	19400	C	0.7428312703227531	main
ARREST_raw	Edinburgh	458	19500	C	0.7455038119094455	main
ARREST_raw	Edinburgh	458	19600	C	0.7481549414394659	main
ARREST_raw	Edinburgh	458	19700	C	0.7507847212874728	main
ARREST_raw	Edinburgh	458	19800	C	0.75339321583061	main
ARREST_raw	Edinburgh	458	19900	C	0.7559804913979481	main
ARREST_raw	Edinburgh	458	20000	C	0.7585466162205341	main
ARREST_raw	Edinburgh 2	463	100	C	0.011490377020907272	main
ARREST_raw	Edinburgh 2	463	200	C	0.013015751298216527	main
ARREST_raw	Edinburgh 2	463	300	C	0.014575835184913455	main
ARREST_raw	Edinburgh 2	463	400	C	0.016170336924485107	main
ARREST_raw	Edinburgh 2	463	500	C	0.017798960799896624	main
ARREST_raw	Edinburgh 2	463	600	C	0.0194614072804159	main
ARREST_raw	Edinburgh 2	463	700	C	0.021157373166296733	main
ARREST_raw	Edinburgh 2	463	800	C	0.02288655173133136	main
ARREST_raw	Edinburgh 2	463	900	C	0.02464863286327812	main
ARREST_raw	Edinburgh 2	463	1000	C	0.026443303202180135	main
ARREST_raw	Edinburgh 2	463	1100	C	0.028270246276582145	main
ARREST_raw	Edinburgh 2	463	1200	C	0.03012914263765798	main
ARREST_raw	Edinburgh 2	463	1300	C	0.03201966999126038	main
ARREST_raw	Edinburgh 2	463	1400	C	0.03394150332790491	main
ARREST_raw	Edinburgh 2	463	1500	C	0.03589431505069973	main
ARREST_raw	Edinburgh 2	463	1600	C	0.037877775101234135	main
ARREST_raw	Edinburgh 2	463	1700	C	0.03989155108343945	main
ARREST_raw	Edinburgh 2	463	1800	C	0.041935308385433134	main
ARREST_raw	Edinburgh 2	463	1900	C	0.04400871029936193	main
ARREST_raw	Edinburgh 2	463	2000	C	0.046111418139256566	main
ARREST_raw	Edinburgh 2	463	2100	C	0.048243091356910406	main
ARREST_raw	Edinburgh 2	463	2200	C	0.0504033876558001	main
ARREST_raw	Edinburgh 2	463	2300	C	0.052591963103057915	main
ARREST_raw	Edinburgh 2	463	2400	C	0.05480847223951324	main
ARREST_raw	Edinburgh 2	463	2500	C	0.057052568187816566	main
ARREST_raw	Edinburgh 2	463	2600	C	0.05932390275866262	main
ARREST_raw	Edinburgh 2	463	2700	C	0.061622126555125445	main
ARREST_raw	Edinburgh 2	463	2800	C	0.06394688907512136	main
ARREST_raw	Edinburgh 2	463	2900	C	0.06629783881201756	main
ARREST_raw	Edinburgh 2	463	3000	C	0.06867462335339769	main
ARREST_raw	Edinburgh 2	463	3100	C	0.07107688947800417	main
ARREST_raw	Edinburgh 2	463	3200	C	0.07350428325087088	main
ARREST_raw	Edinburgh 2	463	3300	C	0.07595645011666219	main
ARREST_raw	Edinburgh 2	463	3400	C	0.07843303499123555	main
ARREST_raw	Edinburgh 2	463	3500	C	0.08093368235144371	main
ARREST_raw	Edinburgh 2	463	3600	C	0.08345803632319126	main
ARREST_raw	Edinburgh 2	463	3700	C	0.08600574076776335	main
ARREST_raw	Edinburgh 2	463	3800	C	0.0885764393664451	main
ARREST_raw	Edinburgh 2	463	3900	C	0.09116977570344209	main
ARREST_raw	Edinburgh 2	463	4000	C	0.09378539334712599	main
ARREST_raw	Edinburgh 2	463	4100	C	0.09642293592961704	main
ARREST_raw	Edinburgh 2	463	4200	C	0.09908204722472147	main
ARREST_raw	Edinburgh 2	463	4300	C	0.10176237122424203	main
ARREST_raw	Edinburgh 2	463	4400	C	0.10446355221267667	main
ARREST_raw	Edinburgh 2	463	4500	C	0.1071852348403235	main
ARREST_raw	Edinburgh 2	463	4600	C	0.10992706419480724	main
ARREST_raw	Edinburgh 2	463	4700	C	0.11268868587104808	main
ARREST_raw	Edinburgh 2	463	4800	C	0.1154697460396843	main
ARREST_raw	Edinburgh 2	463	4900	C	0.11826989151397116	main
ARREST_raw	Edinburgh 2	463	5000	C	0.1210887698151687	main
ARREST_raw	Edinburgh 2	463	5100	C	0.1239260292364387	main
ARREST_raw	Edinburgh 2	463	5200	C	0.12678131890526634	main
ARREST_raw	Edinburgh 2	463	5300	C	0.12965428884442232	main
ARREST_raw	Edinburgh 2	463	5400	C	0.132544590031487	main
ARREST_raw	Edinburgh 2	463	5500	C	0.13545187445694673	main
ARREST_raw	Edinburgh 2	463	5600	C	0.13837579518088639	main
ARREST_raw	Edinburgh 2	463	5700	C	0.14131600638828934	main
ARREST_raw	Edinburgh 2	463	5800	C	0.1442721634429659	main
ARREST_raw	Edinburgh 2	463	5900	C	0.14724392294012523	main
ARREST_raw	Edinburgh 2	463	6000	C	0.15023094275760585	main
ARREST_raw	Edinburgh 2	463	6100	C	0.15323288210578745	main
ARREST_raw	Edinburgh 2	463	6200	C	0.15624940157619238	main
ARREST_raw	Edinburgh 2	463	6300	C	0.159280163188802	main
ARREST_raw	Edinburgh 2	463	6400	C	0.16232483043809798	main
ARREST_raw	Edinburgh 2	463	6500	C	0.16538306833784844	main
ARREST_raw	Edinburgh 2	463	6600	C	0.16845454346465571	main
ARREST_raw	Edinburgh 2	463	6700	C	0.1715389240002806	main
ARREST_raw	Edinburgh 2	463	6800	C	0.17463587977276007	main
ARREST_raw	Edinburgh 2	463	6900	C	0.1777450822963358	main
ARREST_raw	Edinburgh 2	463	7000	C	0.1808662048102081	main
ARREST_raw	Edinburgh 2	463	7100	C	0.18399892231613357	main
ARREST_raw	Edinburgh 2	463	7200	C	0.18714291161488017	main
ARREST_raw	Edinburgh 2	463	7300	C	0.1902978513415584	main
ARREST_raw	Edinburgh 2	463	7400	C	0.19346342199984157	main
ARREST_raw	Edinburgh 2	463	7500	C	0.19663930599509438	main
ARREST_raw	Edinburgh 2	463	7600	C	0.19982518766642288	main
ARREST_raw	Edinburgh 2	463	7700	C	0.20302075331766267	main
ARREST_raw	Edinburgh 2	463	7800	C	0.20622569124732115	main
ARREST_raw	Edinburgh 2	463	7900	C	0.20943969177748945	main
ARREST_raw	Edinburgh 2	463	8000	C	0.21266244728173733	main
ARREST_raw	Edinburgh 2	463	8100	C	0.2158936522120113	main
ARREST_raw	Edinburgh 2	463	8200	C	0.2191330031245441	main
ARREST_raw	Edinburgh 2	463	8300	C	0.2223801987047982	main
ARREST_raw	Edinburgh 2	463	8400	C	0.22563493979145233	main
ARREST_raw	Edinburgh 2	463	8500	C	0.2288969293994496	main
ARREST_raw	Edinburgh 2	463	8600	C	0.23216587274212086	main
ARREST_raw	Edinburgh 2	463	8700	C	0.23544147725239672	main
ARREST_raw	Edinburgh 2	463	8800	C	0.23872345260312555	main
ARREST_raw	Edinburgh 2	463	8900	C	0.24201151072651028	main
ARREST_raw	Edinburgh 2	463	9000	C	0.2453053658326776	main
ARREST_raw	Edinburgh 2	463	9100	C	0.24860473442739517	main
ARREST_raw	Edinburgh 2	463	9200	C	0.25190933532895243	main
ARREST_raw	Edinburgh 2	463	9300	C	0.2552188896842136	main
ARREST_raw	Edinburgh 2	463	9400	C	0.2585331209838645	main
ARREST_raw	Edinburgh 2	463	9500	C	0.26185175507685976	main
ARREST_raw	Edinburgh 2	463	9600	C	0.26517452018408916	main
ARREST_raw	Edinburgh 2	463	9700	C	0.2685011469112737	main
ARREST_raw	Edinburgh 2	463	9800	C	0.2718313682611069	main
ARREST_raw	Edinburgh 2	463	9900	C	0.27516491964465284	main
ARREST_raw	Edinburgh 2	463	10000	C	0.27850153889201534	main
ARREST_raw	Edinburgh 2	463	10100	C	0.28184096626229116	main
ARREST_raw	Edinburgh 2	463	10200	C	0.28518294445281966	main
ARREST_raw	Edinburgh 2	463	10300	C	0.28852721860774255	main
ARREST_raw	Edinburgh 2	463	10400	C	0.29187353632588586	main
ARREST_raw	Edinburgh 2	463	10500	C	0.29522164766797687	main
ARREST_raw	Edinburgh 2	463	10600	C	0.2985713051632083	main
ARREST_raw	Edinburgh 2	463	10700	C	0.30192226381516274	main
ARREST_raw	Edinburgh 2	463	10800	C	0.3052742811071085	main
ARREST_raw	Edinburgh 2	463	10900	C	0.3086271170066808	main
ARREST_raw	Edinburgh 2	463	11000	C	0.31198053396995695	main
ARREST_raw	Edinburgh 2	463	11100	C	0.31533429694494153	main
ARREST_raw	Edinburgh 2	463	11200	C	0.31868817337446964	main
ARREST_raw	Edinburgh 2	463	11300	C	0.3220419331985437	main
ARREST_raw	Edinburgh 2	463	11400	C	0.325395348856109	main
ARREST_raw	Edinburgh 2	463	11500	C	0.3287481952862873	main
ARREST_raw	Edinburgh 2	463	11600	C	0.3321002499290737	main
ARREST_raw	Edinburgh 2	463	11700	C	0.33545129272551044	main
ARREST_raw	Edinburgh 2	463	11800	C	0.33880110611734715	main
ARREST_raw	Edinburgh 2	463	11900	C	0.3421494750462005	main
ARREST_raw	Edinburgh 2	463	12000	C	0.3454961869522224	main
ARREST_raw	Edinburgh 2	463	12100	C	0.3488410317722872	main
ARREST_raw	Edinburgh 2	463	12200	C	0.35218380193770926	main
ARREST_raw	Edinburgh 2	463	12300	C	0.3555242923715005	main
ARREST_raw	Edinburgh 2	463	12400	C	0.3588623004851791	main
ARREST_raw	Edinburgh 2	463	12500	C	0.3621976261751384	main
ARREST_raw	Edinburgh 2	463	12600	C	0.36553007181858665	main
ARREST_raw	Edinburgh 2	463	12700	C	0.36885944226906686	main
ARREST_raw	Edinburgh 2	463	12800	C	0.37218554485156685	main
ARREST_raw	Edinburgh 2	463	12900	C	0.37550818935723007	main
ARREST_raw	Edinburgh 2	463	13000	C	0.37882718803767435	main
ARREST_raw	Edinburgh 2	463	13100	C	0.3821423555989304	main
ARREST_raw	Edinburgh 2	463	13200	C	0.38545350919500787	main
ARREST_raw	Edinburgh 2	463	13300	C	0.3887604684210979	main
ARREST_raw	Edinburgh 2	463	13400	C	0.39206305530642316	main
ARREST_raw	Edinburgh 2	463	13500	C	0.3953610943067415	main
ARREST_raw	Edinburgh 2	463	13600	C	0.3986544122965133	main
ARREST_raw	Edinburgh 2	463	13700	C	0.4019428385607431	main
ARREST_raw	Edinburgh 2	463	13800	C	0.4052262047864992	main
ARREST_raw	Edinburgh 2	463	13900	C	0.4085043450541256	main
ARREST_raw	Edinburgh 2	463	14000	C	0.4117770958281496	main
ARREST_raw	Edinburgh 2	463	14100	C	0.4150442959478957	main
ARREST_raw	Edinburgh 2	463	14200	C	0.41830578661781426	main
ARREST_raw	Edinburgh 2	463	14300	C	0.4215614113975309	main
ARREST_raw	Edinburgh 2	463	14400	C	0.4248110161916263	main
ARREST_raw	Edinburgh 2	463	14500	C	0.4280544492391535	main
ARREST_raw	Edinburgh 2	463	14600	C	0.43129156110290057	main
ARREST_raw	Edinburgh 2	463	14700	C	0.43452220465840485	main
ARREST_raw	Edinburgh 2	463	14800	C	0.43774623508272836	main
ARREST_raw	Edinburgh 2	463	14900	C	0.44096350984300015	main
ARREST_raw	Edinburgh 2	463	15000	C	0.44417388868473373	main
ARREST_raw	Edinburgh 2	463	15100	C	0.4473772336199241	main
ARREST_raw	Edinburgh 2	463	15200	C	0.4505734089149368	main
ARREST_raw	Edinburgh 2	463	15300	C	0.45376228107818917	main
ARREST_raw	Edinburgh 2	463	15400	C	0.45694371884763585	main
ARREST_raw	Edinburgh 2	463	15500	C	0.4601175931780621	main
ARREST_raw	Edinburgh 2	463	15600	C	0.46328377722819325	main
ARREST_raw	Edinburgh 2	463	15700	C	0.46644214634762626	main
ARREST_raw	Edinburgh 2	463	15800	C	0.4695925780635879	main
ARREST_raw	Edinburgh 2	463	15900	C	0.4727349520675297	main
ARREST_raw	Edinburgh 2	463	16000	C	0.47586915020156195	main
ARREST_raw	Edinburgh 2	463	16100	C	0.4789950564447355	main
ARREST_raw	Edinburgh 2	463	16200	C	0.48211255689917454	main
ARREST_raw	Edinburgh 2	463	16300	C	0.4852215397760702	main
ARREST_raw	Edinburgh 2	463	16400	C	0.4883218953815368	main
ARREST_raw	Edinburgh 2	463	16500	C	0.4914135161023383	main
ARREST_raw	Edinburgh 2	463	16600	C	0.4944962963914906	main
ARREST_raw	Edinburgh 2	463	16700	C	0.49757013275374484	main
ARREST_raw	Edinburgh 2	463	16800	C	0.5006349237309564	main
ARREST_raw	Edinburgh 2	463	16900	C	0.5036905698873466	main
ARREST_raw	Edinburgh 2	463	17000	C	0.5067369737946601	main
ARREST_raw	Edinburgh 2	463	17100	C	0.5097740400172253	main
ARREST_raw	Edinburgh 2	463	17200	C	0.5128016750969207	main
ARREST_raw	Edinburgh 2	463	17300	C	0.5158197875380537	main
ARREST_raw	Edinburgh 2	463	17400	C	0.5188282877921564	main
ARREST_raw	Edinburgh 2	463	17500	C	0.5218270882427027	main
ARREST_raw	Edinburgh 2	463	17600	C	0.5248161031897502	main
ARREST_raw	Edinburgh 2	463	17700	C	0.5277952488345156	main
ARREST_raw	Edinburgh 2	463	17800	C	0.5307644432638814	main
ARREST_raw	Edinburgh 2	463	17900	C	0.5337236064348481	main
ARREST_raw	Edinburgh 2	463	18000	C	0.5366726601589222	main
ARREST_raw	Edinburgh 2	463	18100	C	0.5396115280864608	main
ARREST_raw	Edinburgh 2	463	18200	C	0.5425401356909627	main
ARREST_raw	Edinburgh 2	463	18300	C	0.5454584102533186	main
ARREST_raw	Edinburgh 2	463	18400	C	0.5483662808460209	main
ARREST_raw	Edinburgh 2	463	18500	C	0.5512636783173376	main
ARREST_raw	Edinburgh 2	463	18600	C	0.5541505352754561	main
ARREST_raw	Edinburgh 2	463	18700	C	0.5570267860725965	main
ARREST_raw	Edinburgh 2	463	18800	C	0.5598923667891031	main
ARREST_raw	Edinburgh 2	463	18900	C	0.562747215217513	main
ARREST_raw	Edinburgh 2	463	19000	C	0.5655912708466091	main
ARREST_raw	Edinburgh 2	463	19100	C	0.568424474845459	main
ARREST_raw	Edinburgh 2	463	19200	C	0.571246770047444	main
ARREST_raw	Edinburgh 2	463	19300	C	0.5740581009342797	main
ARREST_raw	Edinburgh 2	463	19400	C	0.576858413620035	main
ARREST_raw	Edinburgh 2	463	19500	C	0.5796476558351498	main
ARREST_raw	Edinburgh 2	463	19600	C	0.5824257769104548	main
ARREST_raw	Edinburgh 2	463	19700	C	0.5851927277611986	main
ARREST_raw	Edinburgh 2	463	19800	C	0.5879484608710797	main
ARREST_raw	Edinburgh 2	463	19900	C	0.5906929302762972	main
ARREST_raw	Edinburgh 2	463	20000	C	0.5934260915496081	main
ARREST_raw	IDISA	490	100	C	0.012553488778770383	main
ARREST_raw	IDISA	490	200	C	0.015207461019613233	main
ARREST_raw	IDISA	490	300	C	0.0179604841631662	main
ARREST_raw	IDISA	490	400	C	0.020811093106473	main
ARREST_raw	IDISA	490	500	C	0.023757792261047794	main
ARREST_raw	IDISA	490	600	C	0.026799057559620976	main
ARREST_raw	IDISA	490	700	C	0.029933338411986976	main
ARREST_raw	IDISA	490	800	C	0.03315905961039922	main
ARREST_raw	IDISA	490	900	C	0.03647462318498518	main
ARREST_raw	IDISA	490	1000	C	0.0398784102096732	main
ARREST_raw	IDISA	490	1100	C	0.04336878255914678	main
ARREST_raw	IDISA	490	1200	C	0.046944084617358994	main
ARREST_raw	IDISA	490	1300	C	0.050602644938163355	main
ARREST_raw	IDISA	490	1400	C	0.05434277785862651	main
ARREST_raw	IDISA	490	1500	C	0.05816278506561112	main
ARREST_raw	IDISA	490	1600	C	0.06206095711622939	main
ARREST_raw	IDISA	490	1700	C	0.06603557491277712	main
ARREST_raw	IDISA	490	1800	C	0.0700849111327786	main
ARREST_raw	IDISA	490	1900	C	0.07420723161477416	main
ARREST_raw	IDISA	490	2000	C	0.07840079670049938	main
ARREST_raw	IDISA	490	2100	C	0.08266386253411151	main
ARREST_raw	IDISA	490	2200	C	0.08699468231912477	main
ARREST_raw	IDISA	490	2300	C	0.09139150753372538	main
ARREST_raw	IDISA	490	2400	C	0.09585258910514494	main
ARREST_raw	IDISA	490	2500	C	0.10037617854376923	main
ARREST_raw	IDISA	490	2600	C	0.10496052903767339	main
ARREST_raw	IDISA	490	2700	C	0.10960389650826985	main
ARREST_raw	IDISA	490	2800	C	0.11430454062776263	main
ARREST_raw	IDISA	490	2900	C	0.11906072579910376	main
ARREST_raw	IDISA	490	3000	C	0.12387072209914518	main
ARREST_raw	IDISA	490	3100	C	0.12873280618568628	main
ARREST_raw	IDISA	490	3200	C	0.13364526216911132	main
ARREST_raw	IDISA	490	3300	C	0.1386063824493149	main
ARREST_raw	IDISA	490	3400	C	0.14361446851861126	main
ARREST_raw	IDISA	490	3500	C	0.14866783173131892	main
ARREST_raw	IDISA	490	3600	C	0.15376479404071597	main
ARREST_raw	IDISA	490	3700	C	0.15890368870405236	main
ARREST_raw	IDISA	490	3800	C	0.1640828609563082	main
ARREST_raw	IDISA	490	3900	C	0.16930066865337645	main
ARREST_raw	IDISA	490	4000	C	0.1745554828853545	main
ARREST_raw	IDISA	490	4100	C	0.179845688560614	main
ARREST_raw	IDISA	490	4200	C	0.18516968496132147	main
ARREST_raw	IDISA	490	4300	C	0.19052588627107503	main
ARREST_raw	IDISA	490	4400	C	0.19591272207531285	main
ARREST_raw	IDISA	490	4500	C	0.20132863783515254	main
ARREST_raw	IDISA	490	4600	C	0.2067720953353045	main
ARREST_raw	IDISA	490	4700	C	0.21224157310670244	main
ARREST_raw	IDISA	490	4800	C	0.21773556682448791	main
ARREST_raw	IDISA	490	4900	C	0.22325258968197337	main
ARREST_raw	IDISA	490	5000	C	0.22879117274120742	main
ARREST_raw	IDISA	490	5100	C	0.23434986526075818	main
ARREST_raw	IDISA	490	5200	C	0.23992723500131585	main
ARREST_raw	IDISA	490	5300	C	0.24552186850972035	main
ARREST_raw	IDISA	490	5400	C	0.2511323713820006	main
ARREST_raw	IDISA	490	5500	C	0.25675736850601183	main
ARREST_raw	IDISA	490	5600	C	0.2623955042842463	main
ARREST_raw	IDISA	490	5700	C	0.2680454428373835	main
ARREST_raw	IDISA	490	5800	C	0.27370586818914233	main
ARREST_raw	IDISA	490	5900	C	0.27937548443298243	main
ARREST_raw	IDISA	490	6000	C	0.28505301588120224	main
ARREST_raw	IDISA	490	6100	C	0.29073720719696294	main
ARREST_raw	IDISA	490	6200	C	0.29642682350976957	main
ARREST_raw	IDISA	490	6300	C	0.3021206505149209	main
ARREST_raw	IDISA	490	6400	C	0.3078174945574417	main
ARREST_raw	IDISA	490	6500	C	0.31351618270099535	main
ARREST_raw	IDISA	490	6600	C	0.3192155627822665	main
ARREST_raw	IDISA	490	6700	C	0.3249145034512998	main
ARREST_raw	IDISA	490	6800	C	0.33061189419826553	main
ARREST_raw	IDISA	490	6900	C	0.33630664536712007	main
ARREST_raw	IDISA	490	7000	C	0.3419976881566156	main
ARREST_raw	IDISA	490	7100	C	0.34768397460910805	main
ARREST_raw	IDISA	490	7200	C	0.3533644775876017	main
ARREST_raw	IDISA	490	7300	C	0.3590381907414628	main
ARREST_raw	IDISA	490	7400	C	0.36470412846122124	main
ARREST_raw	IDISA	490	7500	C	0.3703613258228765	main
ARREST_raw	IDISA	490	7600	C	0.37600883852211064	main
ARREST_raw	IDISA	490	7700	C	0.3816457427988056	main
ARREST_raw	IDISA	490	7800	C	0.38727113535225444	main
ARREST_raw	IDISA	490	7900	C	0.39288413324744	main
ARREST_raw	IDISA	490	8000	C	0.39848387381276207	main
ARREST_raw	IDISA	490	8100	C	0.4040695145295645	main
ARREST_raw	IDISA	490	8200	C	0.40964023291382845	main
ARREST_raw	IDISA	490	8300	C	0.41519522639036843	main
ARREST_raw	IDISA	490	8400	C	0.4207337121598773	main
ARREST_raw	IDISA	490	8500	C	0.42625492705914614	main
ARREST_raw	IDISA	490	8600	C	0.4317581274147836	main
ARREST_raw	IDISA	490	8700	C	0.43724258889074996	main
ARREST_raw	IDISA	490	8800	C	0.4427076063300138	main
ARREST_raw	IDISA	490	8900	C	0.4481524935906265	main
ARREST_raw	IDISA	490	9000	C	0.45357658337651285	main
ARREST_raw	IDISA	490	9100	C	0.458979227063261	main
ARREST_raw	IDISA	490	9200	C	0.46435979451918286	main
ARREST_raw	IDISA	490	9300	C	0.46971767392192376	main
ARREST_raw	IDISA	490	9400	C	0.47505227157087915	main
ARREST_raw	IDISA	490	9500	C	0.4803630116956761	main
ARREST_raw	IDISA	490	9600	C	0.4856493362609656	main
ARREST_raw	IDISA	490	9700	C	0.49091070476777376	main
ARREST_raw	IDISA	490	9800	C	0.4961465940516391	main
ARREST_raw	IDISA	490	9900	C	0.501356498077772	main
ARREST_raw	IDISA	490	10000	C	0.5065399277334552	main
ARREST_raw	IDISA	490	10100	C	0.5116964106178984	main
ARREST_raw	IDISA	490	10200	C	0.5168254908297627	main
ARREST_raw	IDISA	490	10300	C	0.5219267287525503	main
ARREST_raw	IDISA	490	10400	C	0.5269997008380659	main
ARREST_raw	IDISA	490	10500	C	0.5320439993881294	main
ARREST_raw	IDISA	490	10600	C	0.5370592323347345	main
ARREST_raw	IDISA	490	10700	C	0.5420450230188281	main
ARREST_raw	IDISA	490	10800	C	0.5470010099678851	main
ARREST_raw	IDISA	490	10900	C	0.5519268466724438	main
ARREST_raw	IDISA	490	11000	C	0.5568222013617711	main
ARREST_raw	IDISA	490	11100	C	0.5616867567788051	main
ARREST_raw	IDISA	490	11200	C	0.5665202099545362	main
ARREST_raw	IDISA	490	11300	C	0.5713222719819666	main
ARREST_raw	IDISA	490	11400	C	0.5760926677897927	main
ARREST_raw	IDISA	490	11500	C	0.5808311359159463	main
ARREST_raw	IDISA	490	11600	C	0.5855374282811272	main
ARREST_raw	IDISA	490	11700	C	0.59021130996245	main
ARREST_raw	IDISA	490	11800	C	0.5948525589673361	main
ARREST_raw	IDISA	490	11900	C	0.5994609660077571	main
ARREST_raw	IDISA	490	12000	C	0.6040363342749508	main
ARREST_raw	IDISA	490	12100	C	0.608578479214719	main
ARREST_raw	IDISA	490	12200	C	0.6130872283034036	main
ARREST_raw	IDISA	490	12300	C	0.6175624208246511	main
ARREST_raw	IDISA	490	12400	C	0.6220039076470558	main
ARREST_raw	IDISA	490	12500	C	0.6264115510027741	main
ARREST_raw	IDISA	490	12600	C	0.6307852242672016	main
ARREST_raw	IDISA	490	12700	C	0.6351248117397948	main
ARREST_raw	IDISA	490	12800	C	0.6394302084261185	main
ARREST_raw	IDISA	490	12900	C	0.6437013198211966	main
ARREST_raw	IDISA	490	13000	C	0.6479380616942406	main
ARREST_raw	IDISA	490	13100	C	0.6521403598748237	main
ARREST_raw	IDISA	490	13200	C	0.656308150040571	main
ARREST_raw	IDISA	490	13300	C	0.660441377506425	main
ARREST_raw	IDISA	490	13400	C	0.6645399970155517	main
ARREST_raw	IDISA	490	13500	C	0.6686039725319385	main
ARREST_raw	IDISA	490	13600	C	0.672633277034745	main
ARREST_raw	IDISA	490	13700	C	0.6766278923144513	main
ARREST_raw	IDISA	490	13800	C	0.6805878087708581	main
ARREST_raw	IDISA	490	13900	C	0.6845130252129807	main
ARREST_raw	IDISA	490	14000	C	0.6884035486608788	main
ARREST_raw	IDISA	490	14100	C	0.6922593941494666	main
ARREST_raw	IDISA	490	14200	C	0.6960805845343385	main
ARREST_raw	IDISA	490	14300	C	0.6998671502996432	main
ARREST_raw	IDISA	490	14400	C	0.7036191293680439	main
ARREST_raw	IDISA	490	14500	C	0.7073365669127913	main
ARREST_raw	IDISA	490	14600	C	0.7110195151719408	main
ARREST_raw	IDISA	490	14700	C	0.7146680332647337	main
ARREST_raw	IDISA	490	14800	C	0.7182821870101749	main
ARREST_raw	IDISA	490	14900	C	0.7218620487478231	main
ARREST_raw	IDISA	490	15000	C	0.7254076971608129	main
ARREST_raw	IDISA	490	15100	C	0.72891921710113	main
ARREST_raw	IDISA	490	15200	C	0.7323966994171527	main
ARREST_raw	IDISA	490	15300	C	0.7358402407834749	main
ARREST_raw	IDISA	490	15400	C	0.7392499435330239	main
ARREST_raw	IDISA	490	15500	C	0.7426259154914795	main
ARREST_raw	IDISA	490	15600	C	0.7459682698140098	main
ARREST_raw	IDISA	490	15700	C	0.7492771248243236	main
ARREST_raw	IDISA	490	15800	C	0.7525526038560535	main
ARREST_raw	IDISA	490	15900	C	0.7557948350964657	main
ARREST_raw	IDISA	490	16000	C	0.7590039514325052	main
ARREST_raw	IDISA	490	16100	C	0.7621800902991758	main
ARREST_raw	IDISA	490	16200	C	0.7653233935302555	main
ARREST_raw	IDISA	490	16300	C	0.7684340072113454	main
ARREST_raw	IDISA	490	16400	C	0.7715120815352503	main
ARREST_raw	IDISA	490	16500	C	0.7745577706596891	main
ARREST_raw	IDISA	490	16600	C	0.7775712325673262	main
ARREST_raw	IDISA	490	16700	C	0.7805526289281226	main
ARREST_raw	IDISA	490	16800	C	0.7835021249639986	main
ARREST_raw	IDISA	490	16900	C	0.7864198893157965	main
ARREST_raw	IDISA	490	17000	C	0.7893060939125411	main
ARREST_raw	IDISA	490	17100	C	0.7921609138429831	main
ARREST_raw	IDISA	490	17200	C	0.7949845272294176	main
ARREST_raw	IDISA	490	17300	C	0.7977771151037635	main
ARREST_raw	IDISA	490	17400	C	0.8005388612858952	main
ARREST_raw	IDISA	490	17500	C	0.8032699522642103	main
ARREST_raw	IDISA	490	17600	C	0.8059705770784213	main
ARREST_raw	IDISA	490	17700	C	0.808640927204557	main
ARREST_raw	IDISA	490	17800	C	0.8112811964421565	main
ARREST_raw	IDISA	490	17900	C	0.8138915808036411	main
ARREST_raw	IDISA	490	18000	C	0.8164722784058513	main
ARREST_raw	IDISA	490	18100	C	0.8190234893637238	main
ARREST_raw	IDISA	490	18200	C	0.8215454156860995	main
ARREST_raw	IDISA	490	18300	C	0.824038261173638	main
ARREST_raw	IDISA	490	18400	C	0.8265022313188259	main
ARREST_raw	IDISA	490	18500	C	0.828937533208055	main
ARREST_raw	IDISA	490	18600	C	0.8313443754257515	main
ARREST_raw	IDISA	490	18700	C	0.8337229679605425	main
ARREST_raw	IDISA	490	18800	C	0.8360735221134304	main
ARREST_raw	IDISA	490	18900	C	0.8383962504079618	main
ARREST_raw	IDISA	490	19000	C	0.8406913665023666	main
ARREST_raw	IDISA	490	19100	C	0.8429590851036483	main
ARREST_raw	IDISA	490	19200	C	0.8451996218836015	main
ARREST_raw	IDISA	490	19300	C	0.8474131933967384	main
ARREST_raw	IDISA	490	19400	C	0.8496000170000977	main
ARREST_raw	IDISA	490	19500	C	0.8517603107749193	main
ARREST_raw	IDISA	490	19600	C	0.8538942934501578	main
ARREST_raw	IDISA	490	19700	C	0.856002184327815	main
ARREST_raw	IDISA	490	19800	C	0.8580842032100683	main
ARREST_raw	IDISA	490	19900	C	0.8601405703281702	main
ARREST_raw	IDISA	490	20000	C	0.8621715062730994	main
ARREST_raw	SABG-PCS	755	100	C	0.01137036669426661	main
ARREST_raw	SABG-PCS	755	200	C	0.012770396256319039	main
ARREST_raw	SABG-PCS	755	300	C	0.014199864838949416	main
ARREST_raw	SABG-PCS	755	400	C	0.015658545629449017	main
ARREST_raw	SABG-PCS	755	500	C	0.017146208948261243	main
ARREST_raw	SABG-PCS	755	600	C	0.01866262234632532	main
ARREST_raw	SABG-PCS	755	700	C	0.020207550701116794	main
ARREST_raw	SABG-PCS	755	800	C	0.02178075631138987	main
ARREST_raw	SABG-PCS	755	900	C	0.023381998990626873	main
ARREST_raw	SABG-PCS	755	1000	C	0.02501103615920197	main
ARREST_raw	SABG-PCS	755	1100	C	0.026667622935263258	main
ARREST_raw	SABG-PCS	755	1200	C	0.028351512224339737	main
ARREST_raw	SABG-PCS	755	1300	C	0.03006245480768155	main
ARREST_raw	SABG-PCS	755	1400	C	0.03180019942933643	main
ARREST_raw	SABG-PCS	755	1500	C	0.033564492881972385	main
ARREST_raw	SABG-PCS	755	1600	C	0.03535508009145172	main
ARREST_raw	SABG-PCS	755	1700	C	0.037171704200162914	main
ARREST_raw	SABG-PCS	755	1800	C	0.03901410664911942	main
ARREST_raw	SABG-PCS	755	1900	C	0.040882027258830944	main
ARREST_raw	SABG-PCS	755	2000	C	0.04277520430895443	main
ARREST_raw	SABG-PCS	755	2100	C	0.04469337461673495	main
ARREST_raw	SABG-PCS	755	2200	C	0.04663627361424039	main
ARREST_raw	SABG-PCS	755	2300	C	0.04860363542440027	main
ARREST_raw	SABG-PCS	755	2400	C	0.050595192935857014	main
ARREST_raw	SABG-PCS	755	2500	C	0.05261067787663476	main
ARREST_raw	SABG-PCS	755	2600	C	0.0546498208866375	main
ARREST_raw	SABG-PCS	755	2700	C	0.056712351588982024	main
ARREST_raw	SABG-PCS	755	2800	C	0.05879799866017543	main
ARREST_raw	SABG-PCS	755	2900	C	0.060906489899145266	main
ARREST_raw	SABG-PCS	755	3000	C	0.06303755229513097	main
ARREST_raw	SABG-PCS	755	3100	C	0.06519091209444416	main
ARREST_raw	SABG-PCS	755	3200	C	0.06736629486610946	main
ARREST_raw	SABG-PCS	755	3300	C	0.06956342556638961	main
ARREST_raw	SABG-PCS	755	3400	C	0.07178202860220939	main
ARREST_raw	SABG-PCS	755	3500	C	0.07402182789348277	main
ARREST_raw	SABG-PCS	755	3600	C	0.0762825469343551	main
ARREST_raw	SABG-PCS	755	3700	C	0.07856390885336706	main
ARREST_raw	SABG-PCS	755	3800	C	0.08086563647255207	main
ARREST_raw	SABG-PCS	755	3900	C	0.08318745236547354	main
ARREST_raw	SABG-PCS	755	4000	C	0.0855290789142138	main
ARREST_raw	SABG-PCS	755	4100	C	0.08789023836532184	main
ARREST_raw	SABG-PCS	755	4200	C	0.09027065288472935	main
ARREST_raw	SABG-PCS	755	4300	C	0.09267004461164685	main
ARREST_raw	SABG-PCS	755	4400	C	0.09508813571144592	main
ARREST_raw	SABG-PCS	755	4500	C	0.09752464842753761	main
ARREST_raw	SABG-PCS	755	4600	C	0.09997930513226017	main
ARREST_raw	SABG-PCS	755	4700	C	0.10245182837677846	main
ARREST_raw	SABG-PCS	755	4800	C	0.10494194094001252	main
ARREST_raw	SABG-PCS	755	4900	C	0.10744936587659759	main
ARREST_raw	SABG-PCS	755	5000	C	0.1099738265638911	main
ARREST_raw	SABG-PCS	755	5100	C	0.11251504674803048	main
ARREST_raw	SABG-PCS	755	5200	C	0.11507275058905664	main
ARREST_raw	SABG-PCS	755	5300	C	0.11764666270510893	main
ARREST_raw	SABG-PCS	755	5400	C	0.12023650821570186	main
ARREST_raw	SABG-PCS	755	5500	C	0.12284201278409546	main
ARREST_raw	SABG-PCS	755	5600	C	0.12546290265876447	main
ARREST_raw	SABG-PCS	755	5700	C	0.1280989047139801	main
ARREST_raw	SABG-PCS	755	5800	C	0.13074974648951165	main
ARREST_raw	SABG-PCS	755	5900	C	0.13341515622945743	main
ARREST_raw	SABG-PCS	755	6000	C	0.13609486292021644	main
ARREST_raw	SABG-PCS	755	6100	C	0.13878859632760632	main
ARREST_raw	SABG-PCS	755	6200	C	0.14149608703314276	main
ARREST_raw	SABG-PCS	755	6300	C	0.1442170664694844	main
ARREST_raw	SABG-PCS	755	6400	C	0.14695126695505611	main
ARREST_raw	SABG-PCS	755	6500	C	0.1496984217278574	main
ARREST_raw	SABG-PCS	755	6600	C	0.15245826497846993	main
ARREST_raw	SABG-PCS	755	6700	C	0.155230531882267	main
ARREST_raw	SABG-PCS	755	6800	C	0.15801495863084003	main
ARREST_raw	SABG-PCS	755	6900	C	0.16081128246264853	main
ARREST_raw	SABG-PCS	755	7000	C	0.1636192416929032	main
ARREST_raw	SABG-PCS	755	7100	C	0.16643857574269316	main
ARREST_raw	SABG-PCS	755	7200	C	0.16926902516736242	main
ARREST_raw	SABG-PCS	755	7300	C	0.17211033168415102	main
ARREST_raw	SABG-PCS	755	7400	C	0.17496223819910284	main
ARREST_raw	SABG-PCS	755	7500	C	0.17782448883325674	main
ARREST_raw	SABG-PCS	755	7600	C	0.18069682894812245	main
ARREST_raw	SABG-PCS	755	7700	C	0.18357900517045733	main
ARREST_raw	SABG-PCS	755	7800	C	0.18647076541634766	main
ARREST_raw	SABG-PCS	755	7900	C	0.18937185891460673	main
ARREST_raw	SABG-PCS	755	8000	C	0.19228203622949713	main
ARREST_raw	SABG-PCS	755	8100	C	0.1952010492827868	main
ARREST_raw	SABG-PCS	755	8200	C	0.19812865137514657	main
ARREST_raw	SABG-PCS	755	8300	C	0.20106459720690018	main
ARREST_raw	SABG-PCS	755	8400	C	0.20400864289813336	main
ARREST_raw	SABG-PCS	755	8500	C	0.2069605460081717	main
ARREST_raw	SABG-PCS	755	8600	C	0.20992006555443576	main
ARREST_raw	SABG-PCS	755	8700	C	0.21288696203068247	main
ARREST_raw	SABG-PCS	755	8800	C	0.21586099742463993	main
ARREST_raw	SABG-PCS	755	8900	C	0.21884193523504702	main
ARREST_raw	SABG-PCS	755	9000	C	0.22182954048810277	main
ARREST_raw	SABG-PCS	755	9100	C	0.22482357975333567	main
ARREST_raw	SABG-PCS	755	9200	C	0.22782382115890287	main
ARREST_raw	SABG-PCS	755	9300	C	0.23083003440632344	main
ARREST_raw	SABG-PCS	755	9400	C	0.23384199078465828	main
ARREST_raw	SABG-PCS	755	9500	C	0.2368594631841422	main
ARREST_raw	SABG-PCS	755	9600	C	0.23988222610927623	main
ARREST_raw	SABG-PCS	755	9700	C	0.24291005569139168	main
ARREST_raw	SABG-PCS	755	9800	C	0.2459427297006871	main
ARREST_raw	SABG-PCS	755	9900	C	0.24898002755775472	main
ARREST_raw	SABG-PCS	755	10000	C	0.25202173034459674	main
ARREST_raw	SABG-PCS	755	10100	C	0.2550676208151441	main
ARREST_raw	SABG-PCS	755	10200	C	0.25811748340528273	main
ARREST_raw	SABG-PCS	755	10300	C	0.2611711042423973	main
ARREST_raw	SABG-PCS	755	10400	C	0.2642282711544377	main
ARREST_raw	SABG-PCS	755	10500	C	0.26728877367851744	main
ARREST_raw	SABG-PCS	755	10600	C	0.27035240306905184	main
ARREST_raw	SABG-PCS	755	10700	C	0.27341895230544244	main
ARREST_raw	SABG-PCS	755	10800	C	0.27648821609931384	main
ARREST_raw	SABG-PCS	755	10900	C	0.27955999090131456	main
ARREST_raw	SABG-PCS	755	11000	C	0.2826340749074844	main
ARREST_raw	SABG-PCS	755	11100	C	0.2857102680651974	main
ARREST_raw	SABG-PCS	755	11200	C	0.28878837207869046	main
ARREST_raw	SABG-PCS	755	11300	C	0.29186819041417866	main
ARREST_raw	SABG-PCS	755	11400	C	0.29494952830456933	main
ARREST_raw	SABG-PCS	755	11500	C	0.29803219275378046	main
ARREST_raw	SABG-PCS	755	11600	C	0.3011159925406691	main
ARREST_raw	SABG-PCS	755	11700	C	0.3042007382225783	main
ARREST_raw	SABG-PCS	755	11800	C	0.3072862421385074	main
ARREST_raw	SABG-PCS	755	11900	C	0.31037231841191626	main
ARREST_raw	SABG-PCS	755	12000	C	0.31345878295316343	main
ARREST_raw	SABG-PCS	755	12100	C	0.31654545346159224	main
ARREST_raw	SABG-PCS	755	12200	C	0.3196321494272668	main
ARREST_raw	SABG-PCS	755	12300	C	0.3227186921323637	main
ARREST_raw	SABG-PCS	755	12400	C	0.3258049046522312	main
ARREST_raw	SABG-PCS	755	12500	C	0.328890611856115	main
ARREST_raw	SABG-PCS	755	12600	C	0.33197564040756233	main
ARREST_raw	SABG-PCS	755	12700	C	0.3350598187645082	main
ARREST_raw	SABG-PCS	755	12800	C	0.3381429771790503	main
ARREST_raw	SABG-PCS	755	12900	C	0.34122494769691913	main
ARREST_raw	SABG-PCS	755	13000	C	0.34430556415664837	main
ARREST_raw	SABG-PCS	755	13100	C	0.3473846621884522	main
ARREST_raw	SABG-PCS	755	13200	C	0.35046207921281525	main
ARREST_raw	SABG-PCS	755	13300	C	0.35353765443880125	main
ARREST_raw	SABG-PCS	755	13400	C	0.3566112288620854	main
ARREST_raw	SABG-PCS	755	13500	C	0.3596826452627164	main
ARREST_raw	SABG-PCS	755	13600	C	0.3627517482026157	main
ARREST_raw	SABG-PCS	755	13700	C	0.3658183840228143	main
ARREST_raw	SABG-PCS	755	13800	C	0.3688824008404401	main
ARREST_raw	SABG-PCS	755	13900	C	0.37194364854545403	main
ARREST_raw	SABG-PCS	755	14000	C	0.3750019787971457	main
ARREST_raw	SABG-PCS	755	14100	C	0.37805724502038995	main
ARREST_raw	SABG-PCS	755	14200	C	0.3811093024016725	main
ARREST_raw	SABG-PCS	755	14300	C	0.38415800788488774	main
ARREST_raw	SABG-PCS	755	14400	C	0.3872032201669158	main
ARREST_raw	SABG-PCS	755	14500	C	0.3902447996929811	main
ARREST_raw	SABG-PCS	755	14600	C	0.3932826086518013	main
ARREST_raw	SABG-PCS	755	14700	C	0.3963165109705279	main
ARREST_raw	SABG-PCS	755	14800	C	0.39934637230948455	main
ARREST_raw	SABG-PCS	755	14900	C	0.4023720600567101	main
ARREST_raw	SABG-PCS	755	15000	C	0.4053934433223074	main
ARREST_raw	SABG-PCS	755	15100	C	0.40841039293260517	main
ARREST_raw	SABG-PCS	755	15200	C	0.4114227814241358	main
ARREST_raw	SABG-PCS	755	15300	C	0.41443048303743724	main
ARREST_raw	SABG-PCS	755	15400	C	0.41743337371067835	main
ARREST_raw	SABG-PCS	755	15500	C	0.42043133107311526	main
ARREST_raw	SABG-PCS	755	15600	C	0.42342423443838306	main
ARREST_raw	SABG-PCS	755	15700	C	0.4264119647976272	main
ARREST_raw	SABG-PCS	755	15800	C	0.4293944048124775	main
ARREST_raw	SABG-PCS	755	15900	C	0.43237143880786966	main
ARREST_raw	SABG-PCS	755	16000	C	0.43534295276472	main
ARREST_raw	SABG-PCS	755	16100	C	0.43830883431245493	main
ARREST_raw	SABG-PCS	755	16200	C	0.441268972721402	main
ARREST_raw	SABG-PCS	755	16300	C	0.4442232588950422	main
ARREST_raw	SABG-PCS	755	16400	C	0.4471715853621343	main
ARREST_raw	SABG-PCS	755	16500	C	0.45011384626870776	main
ARREST_raw	SABG-PCS	755	16600	C	0.4530499373699326	main
ARREST_raw	SABG-PCS	755	16700	C	0.45597975602187046	main
ARREST_raw	SABG-PCS	755	16800	C	0.45890320117310435	main
ARREST_raw	SABG-PCS	755	16900	C	0.4618201733562618	main
ARREST_raw	SABG-PCS	755	17000	C	0.46473057467942314	main
ARREST_raw	SABG-PCS	755	17100	C	0.46763430881742607	main
ARREST_raw	SABG-PCS	755	17200	C	0.4705312810030693	main
ARREST_raw	SABG-PCS	755	17300	C	0.4734213980182138	main
ARREST_raw	SABG-PCS	755	17400	C	0.4763045681847926	main
ARREST_raw	SABG-PCS	755	17500	C	0.47918070135572555	main
ARREST_raw	SABG-PCS	755	17600	C	0.4820497089057467	main
ARREST_raw	SABG-PCS	755	17700	C	0.4849115037221461	main
ARREST_raw	SABG-PCS	755	17800	C	0.4877660001954284	main
ARREST_raw	SABG-PCS	755	17900	C	0.4906131142098946	main
ARREST_raw	SABG-PCS	755	18000	C	0.49345276313414443	main
ARREST_raw	SABG-PCS	755	18100	C	0.4962848658115093	main
ARREST_raw	SABG-PCS	755	18200	C	0.4991093425504125	main
ARREST_raw	SABG-PCS	755	18300	C	0.5019261151146643	main
ARREST_raw	SABG-PCS	755	18400	C	0.5047351067136925	main
ARREST_raw	SABG-PCS	755	18500	C	0.5075362419927114	main
ARREST_raw	SABG-PCS	755	18600	C	0.5103294470228334	main
ARREST_raw	SABG-PCS	755	18700	C	0.5131146492911239	main
ARREST_raw	SABG-PCS	755	18800	C	0.5158917776906043	main
ARREST_raw	SABG-PCS	755	18900	C	0.5186607625102055	main
ARREST_raw	SABG-PCS	755	19000	C	0.5214215354246721	main
ARREST_raw	SABG-PCS	755	19100	C	0.5241740294844228	main
ARREST_raw	SABG-PCS	755	19200	C	0.5269181791053703	main
ARREST_raw	SABG-PCS	755	19300	C	0.5296539200586976	main
ARREST_raw	SABG-PCS	755	19400	C	0.5323811894606004	main
ARREST_raw	SABG-PCS	755	19500	C	0.5350999257619935	main
ARREST_raw	SABG-PCS	755	19600	C	0.5378100687381844	main
ARREST_raw	SABG-PCS	755	19700	C	0.5405115594785175	main
ARREST_raw	SABG-PCS	755	19800	C	0.5432043403759887	main
ARREST_raw	SABG-PCS	755	19900	C	0.5458883551168392	main
ARREST_raw	SABG-PCS	755	20000	C	0.5485635486701191	main
ARREST_raw	ARREST	758	100	D	0.012811122720408186	main
ARREST_raw	ARREST	758	200	D	0.015743384786834125	main
ARREST_raw	ARREST	758	300	D	0.018794879453581048	main
ARREST_raw	ARREST	758	400	D	0.021963653139690287	main
ARREST_raw	ARREST	758	500	D	0.025247708704377758	main
ARREST_raw	ARREST	758	600	D	0.02864500863239139	main
ARREST_raw	ARREST	758	700	D	0.032153478130117596	main
ARREST_raw	ARREST	758	800	D	0.03577100813332479	main
ARREST_raw	ARREST	758	900	D	0.03949545822747269	main
ARREST_raw	ARREST	758	1000	D	0.043324659481573824	main
ARREST_raw	ARREST	758	1100	D	0.0472564171966251	main
ARREST_raw	ARREST	758	1200	D	0.051288513569676564	main
ARREST_raw	ARREST	758	1300	D	0.05541871027463452	main
ARREST_raw	ARREST	758	1400	D	0.059644750960932136	main
ARREST_raw	ARREST	758	1500	D	0.06396436367123248	main
ARREST_raw	ARREST	758	1600	D	0.06837526317935283	main
ARREST_raw	ARREST	758	1700	D	0.07287515324962901	main
ARREST_raw	ARREST	758	1800	D	0.07746172881895708	main
ARREST_raw	ARREST	758	1900	D	0.0821326781027717	main
ARREST_raw	ARREST	758	2000	D	0.08688568462623802	main
ARREST_raw	ARREST	758	2100	D	0.09171842918194995	main
ARREST_raw	ARREST	758	2200	D	0.09662859171543892	main
ARREST_raw	ARREST	758	2300	D	0.10161385313981197	main
ARREST_raw	ARREST	758	2400	D	0.10667189708084468	main
ARREST_raw	ARREST	758	2500	D	0.11180041155386256	main
ARREST_raw	ARREST	758	2600	D	0.11699709057375185	main
ARREST_raw	ARREST	758	2700	D	0.12225963569944254	main
ARREST_raw	ARREST	758	2800	D	0.12758575751421142	main
ARREST_raw	ARREST	758	2900	D	0.13297317704314993	main
ARREST_raw	ARREST	758	3000	D	0.13841962710914868	main
ARREST_raw	ARREST	758	3100	D	0.1439228536287377	main
ARREST_raw	ARREST	758	3200	D	0.14948061684912994	main
ARREST_raw	ARREST	758	3300	D	0.15509069252780372	main
ARREST_raw	ARREST	758	3400	D	0.16075087305595503	main
ARREST_raw	ARREST	758	3500	D	0.16645896852714892	main
ARREST_raw	ARREST	758	3600	D	0.1722128077524857	main
ARREST_raw	ARREST	758	3700	D	0.1780102392235925	main
ARREST_raw	ARREST	758	3800	D	0.18384913202474018	main
ARREST_raw	ARREST	758	3900	D	0.1897273766953772	main
ARREST_raw	ARREST	758	4000	D	0.1956428860443562	main
ARREST_raw	ARREST	758	4100	D	0.20159359591712456	main
ARREST_raw	ARREST	758	4200	D	0.2075774659171291	main
ARREST_raw	ARREST	758	4300	D	0.21359248008267973	main
ARREST_raw	ARREST	758	4400	D	0.21963664752049883	main
ARREST_raw	ARREST	758	4500	D	0.22570800299716687	main
ARREST_raw	ARREST	758	4600	D	0.23180460748966825	main
ARREST_raw	ARREST	758	4700	D	0.2379245486962146	main
ARREST_raw	ARREST	758	4800	D	0.24406594150851568	main
ARREST_raw	ARREST	758	4900	D	0.25022692844665195	main
ARREST_raw	ARREST	758	5000	D	0.25640568005767583	main
ARREST_raw	ARREST	758	5100	D	0.26260039527906776	main
ARREST_raw	ARREST	758	5200	D	0.268809301768143	main
ARREST_raw	ARREST	758	5300	D	0.27503065619849376	main
ARREST_raw	ARREST	758	5400	D	0.2812627445245327	main
ARREST_raw	ARREST	758	5500	D	0.2875038822151851	main
ARREST_raw	ARREST	758	5600	D	0.293752414457762	main
ARREST_raw	ARREST	758	5700	D	0.3000067163330217	main
ARREST_raw	ARREST	758	5800	D	0.3062651929624185	main
ARREST_raw	ARREST	758	5900	D	0.312526279628511	main
ARREST_raw	ARREST	758	6000	D	0.3187884418694853	main
ARREST_raw	ARREST	758	6100	D	0.32505017554873916	main
ARREST_raw	ARREST	758	6200	D	0.33131000690043533	main
ARREST_raw	ARREST	758	6300	D	0.3375664925519366	main
ARREST_raw	ARREST	758	6400	D	0.3438182195239998	main
ARREST_raw	ARREST	758	6500	D	0.3500638052095948	main
ARREST_raw	ARREST	758	6600	D	0.3563018973321943	main
ARREST_raw	ARREST	758	6700	D	0.3625311738843635	main
ARREST_raw	ARREST	758	6800	D	0.36875034304745713	main
ARREST_raw	ARREST	758	6900	D	0.37495814309321807	main
ARREST_raw	ARREST	758	7000	D	0.3811533422680481	main
ARREST_raw	ARREST	758	7100	D	0.387334738660709	main
ARREST_raw	ARREST	758	7200	D	0.39350116005418745	main
ARREST_raw	ARREST	758	7300	D	0.39965146376244953	main
ARREST_raw	ARREST	758	7400	D	0.40578453645278045	main
ARREST_raw	ARREST	758	7500	D	0.41189929395440084	main
ARREST_raw	ARREST	758	7600	D	0.4179946810540215	main
ARREST_raw	ARREST	758	7700	D	0.42406967127899164	main
ARREST_raw	ARREST	758	7800	D	0.43012326666867307	main
ARREST_raw	ARREST	758	7900	D	0.4361544975346551	main
ARREST_raw	ARREST	758	8000	D	0.442162422210415	main
ARREST_raw	ARREST	758	8100	D	0.4481461267910064	main
ARREST_raw	ARREST	758	8200	D	0.4541047248633405	main
ARREST_raw	ARREST	758	8300	D	0.4600373572276212	main
ARREST_raw	ARREST	758	8400	D	0.4659431916104607	main
ARREST_raw	ARREST	758	8500	D	0.47182142237020475	main
ARREST_raw	ARREST	758	8600	D	0.47767127019497224	main
ARREST_raw	ARREST	758	8700	D	0.48349198179389574	main
ARREST_raw	ARREST	758	8800	D	0.4892828295820454	main
ARREST_raw	ARREST	758	8900	D	0.49504311135949775	main
ARREST_raw	ARREST	758	9000	D	0.5007721499849935	main
ARREST_raw	ARREST	758	9100	D	0.5064692930446202	main
ARREST_raw	ARREST	758	9200	D	0.512133912515943	main
ARREST_raw	ARREST	758	9300	D	0.5177654044279862	main
ARREST_raw	ARREST	758	9400	D	0.5233631885174586	main
ARREST_raw	ARREST	758	9500	D	0.528926707881608	main
ARREST_raw	ARREST	758	9600	D	0.5344554286280683	main
ARREST_raw	ARREST	758	9700	D	0.5399488395220529	main
ARREST_raw	ARREST	758	9800	D	0.5454064516312438	main
ARREST_raw	ARREST	758	9900	D	0.5508277979687002	main
ARREST_raw	ARREST	758	10000	D	0.5562124331341093	main
ARREST_raw	ARREST	758	10100	D	0.5615599329536862	main
ARREST_raw	ARREST	758	10200	D	0.5668698941190193	main
ARREST_raw	ARREST	758	10300	D	0.572141933825145	main
ARREST_raw	ARREST	758	10400	D	0.5773756894081272	main
ARREST_raw	ARREST	758	10500	D	0.5825708179824058	main
ARREST_raw	ARREST	758	10600	D	0.5877269960781659	main
ARREST_raw	ARREST	758	10700	D	0.5928439192789727	main
ARREST_raw	ARREST	758	10800	D	0.5979213018599032	main
ARREST_raw	ARREST	758	10900	D	0.602958876426404	main
ARREST_raw	ARREST	758	11000	D	0.6079563935540797	main
ARREST_raw	ARREST	758	11100	D	0.6129136214296282	main
ARREST_raw	ARREST	758	11200	D	0.6178303454931113	main
ARREST_raw	ARREST	758	11300	D	0.6227063680817518	main
ARREST_raw	ARREST	758	11400	D	0.6275415080754343	main
ARREST_raw	ARREST	758	11500	D	0.6323356005440827	main
ARREST_raw	ARREST	758	11600	D	0.6370884963970732	main
ARREST_raw	ARREST	758	11700	D	0.6418000620348425	main
ARREST_raw	ARREST	758	11800	D	0.6464701790028342	main
ARREST_raw	ARREST	758	11900	D	0.6510987436479243	main
ARREST_raw	ARREST	758	12000	D	0.6556856667774604	main
ARREST_raw	ARREST	758	12100	D	0.6602308733210371	main
ARREST_raw	ARREST	758	12200	D	0.6647343019951251	main
ARREST_raw	ARREST	758	12300	D	0.6691959049706724	main
ARREST_raw	ARREST	758	12400	D	0.6736156475437753	main
ARREST_raw	ARREST	758	12500	D	0.677993507809522	main
ARREST_raw	ARREST	758	12600	D	0.6823294763391033	main
ARREST_raw	ARREST	758	12700	D	0.6866235558602738	main
ARREST_raw	ARREST	758	12800	D	0.6908757609412479	main
ARREST_raw	ARREST	758	12900	D	0.6950861176781064	main
ARREST_raw	ARREST	758	13000	D	0.699254663385782	main
ARREST_raw	ARREST	758	13100	D	0.7033814462926923	main
ARREST_raw	ARREST	758	13200	D	0.7074665252390763	main
ARREST_raw	ARREST	758	13300	D	0.7115099693790956	main
ARREST_raw	ARREST	758	13400	D	0.7155118578867441	main
ARREST_raw	ARREST	758	13500	D	0.719472279665619	main
ARREST_raw	ARREST	758	13600	D	0.7233913330625894	main
ARREST_raw	ARREST	758	13700	D	0.7272691255854038	main
ARREST_raw	ARREST	758	13800	D	0.731105773624267	main
ARREST_raw	ARREST	758	13900	D	0.734901402177419	main
ARREST_raw	ARREST	758	14000	D	0.7386561445807365	main
ARREST_raw	ARREST	758	14100	D	0.7423701422413855	main
ARREST_raw	ARREST	758	14200	D	0.7460435443755377	main
ARREST_raw	ARREST	758	14300	D	0.7496765077501663	main
ARREST_raw	ARREST	758	14400	D	0.7532691964289379	main
ARREST_raw	ARREST	758	14500	D	0.756821781522202	main
ARREST_raw	ARREST	758	14600	D	0.760334440941088	main
ARREST_raw	ARREST	758	14700	D	0.7638073591557103	main
ARREST_raw	ARREST	758	14800	D	0.7672407269574828	main
ARREST_raw	ARREST	758	14900	D	0.7706347412255372	main
ARREST_raw	ARREST	758	15000	D	0.773989604697243	main
ARREST_raw	ARREST	758	15100	D	0.7773055257428166	main
ARREST_raw	ARREST	758	15200	D	0.7805827181440139	main
ARREST_raw	ARREST	758	15300	D	0.7838214008768911	main
ARREST_raw	ARREST	758	15400	D	0.7870217978986178	main
ARREST_raw	ARREST	758	15500	D	0.7901841379383286	main
ARREST_raw	ARREST	758	15600	D	0.7933086542919907	main
ARREST_raw	ARREST	758	15700	D	0.7963955846212715	main
ARREST_raw	ARREST	758	15800	D	0.799445170756377	main
ARREST_raw	ARREST	758	15900	D	0.8024576585028443	main
ARREST_raw	ARREST	758	16000	D	0.8054332974522558	main
ARREST_raw	ARREST	758	16100	D	0.8083723407968519	main
ARREST_raw	ARREST	758	16200	D	0.8112750451480116	main
ARREST_raw	ARREST	758	16300	D	0.814141670358571	main
ARREST_raw	ARREST	758	16400	D	0.8169724793489493	main
ARREST_raw	ARREST	758	16500	D	0.8197677379370465	main
ARREST_raw	ARREST	758	16600	D	0.8225277146718837	main
ARREST_raw	ARREST	758	16700	D	0.8252526806709464	main
ARREST_raw	ARREST	758	16800	D	0.8279429094611983	main
ARREST_raw	ARREST	758	16900	D	0.8305986768237255	main
ARREST_raw	ARREST	758	17000	D	0.8332202606419771	main
ARREST_raw	ARREST	758	17100	D	0.8358079407535595	main
ARREST_raw	ARREST	758	17200	D	0.838361998805549	main
ARREST_raw	ARREST	758	17300	D	0.8408827181132785	main
ARREST_raw	ARREST	758	17400	D	0.8433703835225622	main
ARREST_raw	ARREST	758	17500	D	0.845825281275311	main
ARREST_raw	ARREST	758	17600	D	0.8482476988785035	main
ARREST_raw	ARREST	758	17700	D	0.8506379249764652	main
ARREST_raw	ARREST	758	17800	D	0.8529962492264141	main
ARREST_raw	ARREST	758	17900	D	0.8553229621772321	main
ARREST_raw	ARREST	758	18000	D	0.8576183551514138	main
ARREST_raw	ARREST	758	18100	D	0.8598827201301533	main
ARREST_raw	ARREST	758	18200	D	0.8621163496415228	main
ARREST_raw	ARREST	758	18300	D	0.8643195366516981	main
ARREST_raw	ARREST	758	18400	D	0.8664925744591874	main
ARREST_raw	ARREST	758	18500	D	0.8686357565920184	main
ARREST_raw	ARREST	758	18600	D	0.870749376707838	main
ARREST_raw	ARREST	758	18700	D	0.8728337284968809	main
ARREST_raw	ARREST	758	18800	D	0.8748891055877612	main
ARREST_raw	ARREST	758	18900	D	0.8769158014560409	main
ARREST_raw	ARREST	758	19000	D	0.8789141093355336	main
ARREST_raw	ARREST	758	19100	D	0.8808843221322948	main
ARREST_raw	ARREST	758	19200	D	0.8828267323412551	main
ARREST_raw	ARREST	758	19300	D	0.8847416319654512	main
ARREST_raw	ARREST	758	19400	D	0.8866293124378122	main
ARREST_raw	ARREST	758	19500	D	0.8884900645454518	main
ARREST_raw	ARREST	758	19600	D	0.8903241783564274	main
ARREST_raw	ARREST	758	19700	D	0.8921319431489171	main
ARREST_raw	ARREST	758	19800	D	0.893913647342774	main
ARREST_raw	ARREST	758	19900	D	0.8956695784334117	main
ARREST_raw	ARREST	758	20000	D	0.897400022927978	main
ARREST_raw	Edinburgh	458	100	D	0.011882402800269642	main
ARREST_raw	Edinburgh	458	200	D	0.013820178648439874	main
ARREST_raw	Edinburgh	458	300	D	0.01581275003643423	main
ARREST_raw	Edinburgh	458	400	D	0.017859529318938527	main
ARREST_raw	Edinburgh	458	500	D	0.019959919180603802	main
ARREST_raw	Edinburgh	458	600	D	0.02211331309470288	main
ARREST_raw	Edinburgh	458	700	D	0.0243190957732895	main
ARREST_raw	Edinburgh	458	800	D	0.026576643608910766	main
ARREST_raw	Edinburgh	458	900	D	0.028885325107927518	main
ARREST_raw	Edinburgh	458	1000	D	0.0312445013154955	main
ARREST_raw	Edinburgh	458	1100	D	0.03365352623227047	main
ARREST_raw	Edinburgh	458	1200	D	0.036111747222890234	main
ARREST_raw	Edinburgh	458	1300	D	0.03861850541630196	main
ARREST_raw	Edinburgh	458	1400	D	0.04117313609799589	main
ARREST_raw	Edinburgh	458	1500	D	0.043774969094209415	main
ARREST_raw	Edinburgh	458	1600	D	0.046423329148172154	main
ARREST_raw	Edinburgh	458	1700	D	0.049117536288459274	main
ARREST_raw	Edinburgh	458	1800	D	0.051856906189522545	main
ARREST_raw	Edinburgh	458	1900	D	0.054640750524473036	main
ARREST_raw	Edinburgh	458	2000	D	0.057468377310186725	main
ARREST_raw	Edinburgh	458	2100	D	0.060339091244808296	main
ARREST_raw	Edinburgh	458	2200	D	0.06325219403772897	main
ARREST_raw	Edinburgh	458	2300	D	0.06620698473211417	main
ARREST_raw	Edinburgh	458	2400	D	0.06920276002005932	main
ARREST_raw	Edinburgh	458	2500	D	0.07223881455045211	main
ARREST_raw	Edinburgh	458	2600	D	0.0753144412296205	main
ARREST_raw	Edinburgh	458	2700	D	0.07842893151484809	main
ARREST_raw	Edinburgh	458	2800	D	0.08158157570083635	main
ARREST_raw	Edinburgh	458	2900	D	0.08477166319919516	main
ARREST_raw	Edinburgh	458	3000	D	0.0879984828110465	main
ARREST_raw	Edinburgh	458	3100	D	0.09126132299282086	main
ARREST_raw	Edinburgh	458	3200	D	0.09455947211533244	main
ARREST_raw	Edinburgh	458	3300	D	0.0978922187162159	main
ARREST_raw	Edinburgh	458	3400	D	0.1012588517458084	main
ARREST_raw	Edinburgh	458	3500	D	0.10465866080656183	main
ARREST_raw	Edinburgh	458	3600	D	0.10809093638607159	main
ARREST_raw	Edinburgh	458	3700	D	0.11155497008380333	main
ARREST_raw	Edinburgh	458	3800	D	0.11505005483160713	main
ARREST_raw	Edinburgh	458	3900	D	0.11857548510810167	main
ARREST_raw	Edinburgh	458	4000	D	0.1221305571470136	main
ARREST_raw	Edinburgh	458	4100	D	0.12571456913956125	main
ARREST_raw	Edinburgh	458	4200	D	0.12932682143096252	main
ARREST_raw	Edinburgh	458	4300	D	0.13296661671115761	main
ARREST_raw	Edinburgh	458	4400	D	0.1366332601998289	main
ARREST_raw	Edinburgh	458	4500	D	0.1403260598258046	main
ARREST_raw	Edinburgh	458	4600	D	0.14404432640093034	main
ARREST_raw	Edinburgh	458	4700	D	0.14778737378849505	main
ARREST_raw	Edinburgh	458	4800	D	0.15155451906629314	main
ARREST_raw	Edinburgh	458	4900	D	0.1553450826844126	main
ARREST_raw	Edinburgh	458	5000	D	0.15915838861782572	main
ARREST_raw	Edinburgh	458	5100	D	0.16299376451387437	main
ARREST_raw	Edinburgh	458	5200	D	0.1668505418347268	main
ARREST_raw	Edinburgh	458	5300	D	0.1707280559948926	main
ARREST_raw	Edinburgh	458	5400	D	0.17462564649387868	main
ARREST_raw	Edinburgh	458	5500	D	0.1785426570440669	main
ARREST_raw	Edinburgh	458	5600	D	0.182478435693896	main
ARREST_raw	Edinburgh	458	5700	D	0.18643233494642952	main
ARREST_raw	Edinburgh	458	5800	D	0.19040371187339156	main
ARREST_raw	Edinburgh	458	5900	D	0.1943919282247486	main
ARREST_raw	Edinburgh	458	6000	D	0.19839635053391846	main
ARREST_raw	Edinburgh	458	6100	D	0.2024163502186871	main
ARREST_raw	Edinburgh	458	6200	D	0.20645130367790965	main
ARREST_raw	Edinburgh	458	6300	D	0.21050059238407515	main
ARREST_raw	Edinburgh	458	6400	D	0.21456360297181343	main
ARREST_raw	Edinburgh	458	6500	D	0.218639727322419	main
ARREST_raw	Edinburgh	458	6600	D	0.22272836264447016	main
ARREST_raw	Edinburgh	458	6700	D	0.22682891155061846	main
ARREST_raw	Edinburgh	458	6800	D	0.23094078213062397	main
ARREST_raw	Edinburgh	458	6900	D	0.23506338802070803	main
ARREST_raw	Edinburgh	458	7000	D	0.23919614846930315	main
ARREST_raw	Edinburgh	458	7100	D	0.24333848839926664	main
ARREST_raw	Edinburgh	458	7200	D	0.24748983846663386	main
ARREST_raw	Edinburgh	458	7300	D	0.25164963511598226	main
ARREST_raw	Edinburgh	458	7400	D	0.25581732063247553	main
ARREST_raw	Edinburgh	458	7500	D	0.2599923431906608	main
ARREST_raw	Edinburgh	458	7600	D	0.2641741569000864	main
ARREST_raw	Edinburgh	458	7700	D	0.2683622218478069	main
ARREST_raw	Edinburgh	458	7800	D	0.27255600413784886	main
ARREST_raw	Edinburgh	458	7900	D	0.2767549759276987	main
ARREST_raw	Edinburgh	458	8000	D	0.2809586154618827	main
ARREST_raw	Edinburgh	458	8100	D	0.28516640710270336	main
ARREST_raw	Edinburgh	458	8200	D	0.28937784135819633	main
ARREST_raw	Edinburgh	458	8300	D	0.29359241490737453	main
ARREST_raw	Edinburgh	458	8400	D	0.2978096306228192	main
ARREST_raw	Edinburgh	458	8500	D	0.30202899759068325	main
ARREST_raw	Edinburgh	458	8600	D	0.3062500311281673	main
ARREST_raw	Edinburgh	458	8700	D	0.3104722527985303	main
ARREST_raw	Edinburgh	458	8800	D	0.3146951904236932	main
ARREST_raw	Edinburgh	458	8900	D	0.31891837809449564	main
ARREST_raw	Edinburgh	458	9000	D	0.323141356178667	main
ARREST_raw	Edinburgh	458	9100	D	0.32736367132656463	main
ARREST_raw	Edinburgh	458	9200	D	0.3315848764747401	main
ARREST_raw	Edinburgh	458	9300	D	0.33580453084738815	main
ARREST_raw	Edinburgh	458	9400	D	0.3400221999557338	main
ARREST_raw	Edinburgh	458	9500	D	0.3442374555954122	main
ARREST_raw	Edinburgh	458	9600	D	0.3484498758418968	main
ARREST_raw	Edinburgh	458	9700	D	0.3526590450440247	main
ARREST_raw	Edinburgh	458	9800	D	0.3568645538156753	main
ARREST_raw	Edinburgh	458	9900	D	0.3610659990256544	main
ARREST_raw	Edinburgh	458	10000	D	0.365262983785829	main
ARREST_raw	Edinburgh	458	10100	D	0.3694551174375683	main
ARREST_raw	Edinburgh	458	10200	D	0.37364201553653853	main
ARREST_raw	Edinburgh	458	10300	D	0.37782329983589713	main
ARREST_raw	Edinburgh	458	10400	D	0.38199859826793925	main
ARREST_raw	Edinburgh	458	10500	D	0.3861675449242371	main
ARREST_raw	Edinburgh	458	10600	D	0.39032978003432495	main
ARREST_raw	Edinburgh	458	10700	D	0.3944849499429681	main
ARREST_raw	Edinburgh	458	10800	D	0.39863270708606724	main
ARREST_raw	Edinburgh	458	10900	D	0.40277270996523584	main
ARREST_raw	Edinburgh	458	11000	D	0.40690462312109976	main
ARREST_raw	Edinburgh	458	11100	D	0.4110281171053549	main
ARREST_raw	Edinburgh	458	11200	D	0.41514286845163095	main
ARREST_raw	Edinburgh	458	11300	D	0.41924855964519636	main
ARREST_raw	Edinburgh	458	11400	D	0.42334487909154994	main
ARREST_raw	Edinburgh	458	11500	D	0.4274315210839351	main
ARREST_raw	Edinburgh	458	11600	D	0.43150818576981453	main
ARREST_raw	Edinburgh	458	11700	D	0.43557457911634967	main
ARREST_raw	Edinburgh	458	11800	D	0.4396304128749131	main
ARREST_raw	Edinburgh	458	11900	D	0.44367540454467935	main
ARREST_raw	Edinburgh	458	12000	D	0.4477092773353245	main
ARREST_raw	Edinburgh	458	12100	D	0.45173176012887006	main
ARREST_raw	Edinburgh	458	12200	D	0.4557425874407103	main
ARREST_raw	Edinburgh	458	12300	D	0.45974149937985265	main
ARREST_raw	Edinburgh	458	12400	D	0.463728241608404	main
ARREST_raw	Edinburgh	458	12500	D	0.46770256530034093	main
ARREST_raw	Edinburgh	458	12600	D	0.47166422709958844	main
ARREST_raw	Edinburgh	458	12700	D	0.4756129890774462	main
ARREST_raw	Edinburgh	458	12800	D	0.4795486186893856	main
ARREST_raw	Edinburgh	458	12900	D	0.4834708887312539	main
ARREST_raw	Edinburgh	458	13000	D	0.48737957729491166	main
ARREST_raw	Edinburgh	458	13100	D	0.49127446772333316	main
ARREST_raw	Edinburgh	458	13200	D	0.49515534856519805	main
ARREST_raw	Edinburgh	458	13300	D	0.4990220135290009	main
ARREST_raw	Edinburgh	458	13400	D	0.5028742614367087	main
ARREST_raw	Edinburgh	458	13500	D	0.5067118961769896	main
ARREST_raw	Edinburgh	458	13600	D	0.5105347266580407	main
ARREST_raw	Edinburgh	458	13700	D	0.5143425667600365	main
ARREST_raw	Edinburgh	458	13800	D	0.5181352352872324	main
ARREST_raw	Edinburgh	458	13900	D	0.5219125559197335	main
ARREST_raw	Edinburgh	458	14000	D	0.5256743571649665	main
ARREST_raw	Edinburgh	458	14100	D	0.5294204723088649	main
ARREST_raw	Edinburgh	458	14200	D	0.5331507393668025	main
ARREST_raw	Edinburgh	458	14300	D	0.5368650010342852	main
ARREST_raw	Edinburgh	458	14400	D	0.5405631046374345	main
ARREST_raw	Edinburgh	458	14500	D	0.5442449020832733	main
ARREST_raw	Edinburgh	458	14600	D	0.5479102498098408	main
ARREST_raw	Edinburgh	458	14700	D	0.5515590087361553	main
ARREST_raw	Edinburgh	458	14800	D	0.5551910442120431	main
ARREST_raw	Edinburgh	458	14900	D	0.5588062259678536	main
ARREST_raw	Edinburgh	458	15000	D	0.5624044280640798	main
ARREST_raw	Edinburgh	458	15100	D	0.5659855288408996	main
ARREST_raw	Edinburgh	458	15200	D	0.5695494108676601	main
ARREST_raw	Edinburgh	458	15300	D	0.5730959608923175	main
ARREST_raw	Edinburgh	458	15400	D	0.5766250697908508	main
ARREST_raw	Edinburgh	458	15500	D	0.5801366325166686	main
ARREST_raw	Edinburgh	458	15600	D	0.5836305480500192	main
ARREST_raw	Edinburgh	458	15700	D	0.5871067193474253	main
ARREST_raw	Edinburgh	458	15800	D	0.5905650532911534	main
ARREST_raw	Edinburgh	458	15900	D	0.5940054606387353	main
ARREST_raw	Edinburgh	458	16000	D	0.5974278559725568	main
ARREST_raw	Edinburgh	458	16100	D	0.6008321576495217	main
ARREST_raw	Edinburgh	458	16200	D	0.6042182877508131	main
ARREST_raw	Edinburgh	458	16300	D	0.6075861720317572	main
ARREST_raw	Edinburgh	458	16400	D	0.6109357398718074	main
ARREST_raw	Edinburgh	458	16500	D	0.6142669242246568	main
ARREST_raw	Edinburgh	458	16600	D	0.6175796615684946	main
ARREST_raw	Edinburgh	458	16700	D	0.6208738918564167	main
ARREST_raw	Edinburgh	458	16800	D	0.6241495584669994	main
ARREST_raw	Edinburgh	458	16900	D	0.6274066081550498	main
ARREST_raw	Edinburgh	458	17000	D	0.6306449910025436	main
ARREST_raw	Edinburgh	458	17100	D	0.6338646603697565	main
ARREST_raw	Edinburgh	458	17200	D	0.6370655728466037	main
ARREST_raw	Edinburgh	458	17300	D	0.6402476882041939	main
ARREST_raw	Edinburgh	458	17400	D	0.6434109693466079	main
ARREST_raw	Edinburgh	458	17500	D	0.6465553822629111	main
ARREST_raw	Edinburgh	458	17600	D	0.6496808959794056	main
ARREST_raw	Edinburgh	458	17700	D	0.652787482512136	main
ARREST_raw	Edinburgh	458	17800	D	0.6558751168196495	main
ARREST_raw	Edinburgh	458	17900	D	0.6589437767560221	main
ARREST_raw	Edinburgh	458	18000	D	0.6619934430241599	main
ARREST_raw	Edinburgh	458	18100	D	0.6650240991293768	main
ARREST_raw	Edinburgh	458	18200	D	0.6680357313332606	main
ARREST_raw	Edinburgh	458	18300	D	0.6710283286078313	main
ARREST_raw	Edinburgh	458	18400	D	0.6740018825899995	main
ARREST_raw	Edinburgh	458	18500	D	0.6769563875363276	main
ARREST_raw	Edinburgh	458	18600	D	0.6798918402781036	main
ARREST_raw	Edinburgh	458	18700	D	0.6828082401767313	main
ARREST_raw	Edinburgh	458	18800	D	0.6857055890794409	main
ARREST_raw	Edinburgh	458	18900	D	0.6885838912753246	main
ARREST_raw	Edinburgh	458	19000	D	0.691443153451707	main
ARREST_raw	Edinburgh	458	19100	D	0.6942833846508474	main
ARREST_raw	Edinburgh	458	19200	D	0.697104596226983	main
ARREST_raw	Edinburgh	458	19300	D	0.6999068018037167	main
ARREST_raw	Edinburgh	458	19400	D	0.7026900172317524	main
ARREST_raw	Edinburgh	458	19500	D	0.7054542605469797	main
ARREST_raw	Edinburgh	458	19600	D	0.7081995519289161	main
ARREST_raw	Edinburgh	458	19700	D	0.710925913659505	main
ARREST_raw	Edinburgh	458	19800	D	0.7136333700822757	main
ARREST_raw	Edinburgh	458	19900	D	0.7163219475618665	main
ARREST_raw	Edinburgh	458	20000	D	0.7189916744439148	main
ARREST_raw	Edinburgh 2	463	100	D	0.012757693050551522	main
ARREST_raw	Edinburgh 2	463	200	D	0.01563209225669493	main
ARREST_raw	Edinburgh 2	463	300	D	0.018621396628951126	main
ARREST_raw	Edinburgh 2	463	400	D	0.02172376161883871	main
ARREST_raw	Edinburgh 2	463	500	D	0.024937302104481196	main
ARREST_raw	Edinburgh 2	463	600	D	0.028260095295693843	main
ARREST_raw	Edinburgh 2	463	700	D	0.03169018355927877	main
ARREST_raw	Edinburgh 2	463	800	D	0.03522557716529795	main
ARREST_raw	Edinburgh 2	463	900	D	0.03886425695513929	main
ARREST_raw	Edinburgh 2	463	1000	D	0.04260417693223029	main
ARREST_raw	Edinburgh 2	463	1100	D	0.0464432667762924	main
ARREST_raw	Edinburgh 2	463	1200	D	0.05037943428206171	main
ARREST_raw	Edinburgh 2	463	1300	D	0.05441056772343533	main
ARREST_raw	Edinburgh 2	463	1400	D	0.058534538144030424	main
ARREST_raw	Edinburgh 2	463	1500	D	0.06274920157517172	main
ARREST_raw	Edinburgh 2	463	1600	D	0.06705240118234546	main
ARREST_raw	Edinburgh 2	463	1700	D	0.07144196934118097	main
ARREST_raw	Edinburgh 2	463	1800	D	0.07591572964404192	main
ARREST_raw	Edinburgh 2	463	1900	D	0.08047149883832505	main
ARREST_raw	Edinburgh 2	463	2000	D	0.08510708869758299	main
ARREST_raw	Edinburgh 2	463	2100	D	0.08982030782659645	main
ARREST_raw	Edinburgh 2	463	2200	D	0.09460896340154235	main
ARREST_raw	Edinburgh 2	463	2300	D	0.09947086284640316	main
ARREST_raw	Edinburgh 2	463	2400	D	0.10440381544678223	main
ARREST_raw	Edinburgh 2	463	2500	D	0.10940563390228997	main
ARREST_raw	Edinburgh 2	463	2600	D	0.11447413581867327	main
ARREST_raw	Edinburgh 2	463	2700	D	0.11960714514086768	main
ARREST_raw	Edinburgh 2	463	2800	D	0.1248024935281482	main
ARREST_raw	Edinburgh 2	463	2900	D	0.13005802167256464	main
ARREST_raw	Edinburgh 2	463	3000	D	0.1353715805618375	main
ARREST_raw	Edinburgh 2	463	3100	D	0.1407410326879005	main
ARREST_raw	Edinburgh 2	463	3200	D	0.14616425320226267	main
ARREST_raw	Edinburgh 2	463	3300	D	0.15163913101937	main
ARREST_raw	Edinburgh 2	463	3400	D	0.15716356986913416	main
ARREST_raw	Edinburgh 2	463	3500	D	0.16273548929979664	main
ARREST_raw	Edinburgh 2	463	3600	D	0.1683528256322867	main
ARREST_raw	Edinburgh 2	463	3700	D	0.17401353286722665	main
ARREST_raw	Edinburgh 2	463	3800	D	0.17971558354573225	main
ARREST_raw	Edinburgh 2	463	3900	D	0.1854569695651399	main
ARREST_raw	Edinburgh 2	463	4000	D	0.1912357029507955	main
ARREST_raw	Edinburgh 2	463	4100	D	0.1970498165850174	main
ARREST_raw	Edinburgh 2	463	4200	D	0.2028973648943454	main
ARREST_raw	Edinburgh 2	463	4300	D	0.2087764244961694	main
ARREST_raw	Edinburgh 2	463	4400	D	0.21468509480582731	main
ARREST_raw	Edinburgh 2	463	4500	D	0.22062149860524094	main
ARREST_raw	Edinburgh 2	463	4600	D	0.22658378257415457	main
ARREST_raw	Edinburgh 2	463	4700	D	0.23257011778502323	main
ARREST_raw	Edinburgh 2	463	4800	D	0.2385787001625862	main
ARREST_raw	Edinburgh 2	463	4900	D	0.24460775090914466	main
ARREST_raw	Edinburgh 2	463	5000	D	0.25065551689655485	main
ARREST_raw	Edinburgh 2	463	5100	D	0.25672027102592687	main
ARREST_raw	Edinburgh 2	463	5200	D	0.2628003125560091	main
ARREST_raw	Edinburgh 2	463	5300	D	0.26889396740122173	main
ARREST_raw	Edinburgh 2	463	5400	D	0.27499958840028893	main
ARREST_raw	Edinburgh 2	463	5500	D	0.2811155555564028	main
ARREST_raw	Edinburgh 2	463	5600	D	0.2872402762498376	main
ARREST_raw	Edinburgh 2	463	5700	D	0.29337218542391896	main
ARREST_raw	Edinburgh 2	463	5800	D	0.2995097457452318	main
ARREST_raw	Edinburgh 2	463	5900	D	0.30565144773894404	main
ARREST_raw	Edinburgh 2	463	6000	D	0.3117958099000959	main
ARREST_raw	Edinburgh 2	463	6100	D	0.31794137878170237	main
ARREST_raw	Edinburgh 2	463	6200	D	0.3240867290604832	main
ARREST_raw	Edinburgh 2	463	6300	D	0.33023046358104136	main
ARREST_raw	Edinburgh 2	463	6400	D	0.33637121337927	main
ARREST_raw	Edinburgh 2	463	6500	D	0.34250763768577386	main
ARREST_raw	Edinburgh 2	463	6600	D	0.34863842391005995	main
ARREST_raw	Edinburgh 2	463	6700	D	0.35476228760624673	main
ARREST_raw	Edinburgh 2	463	6800	D	0.36087797242101705	main
ARREST_raw	Edinburgh 2	463	6900	D	0.36698425002452983	main
ARREST_raw	Edinburgh 2	463	7000	D	0.373079920024991	main
ARREST_raw	Edinburgh 2	463	7100	D	0.3791638098675595	main
ARREST_raw	Edinburgh 2	463	7200	D	0.3852347747182606	main
ARREST_raw	Edinburgh 2	463	7300	D	0.39129169733355573	main
ARREST_raw	Edinburgh 2	463	7400	D	0.39733348791620304	main
ARREST_raw	Edinburgh 2	463	7500	D	0.403359083958035	main
ARREST_raw	Edinburgh 2	463	7600	D	0.40936745007025044	main
ARREST_raw	Edinburgh 2	463	7700	D	0.41535757780182037	main
ARREST_raw	Edinburgh 2	463	7800	D	0.4213284854465785	main
ARREST_raw	Edinburgh 2	463	7900	D	0.4272792178395616	main
ARREST_raw	Edinburgh 2	463	8000	D	0.4332088461431407	main
ARREST_raw	Edinburgh 2	463	8100	D	0.43911646762348666	main
ARREST_raw	Edinburgh 2	463	8200	D	0.44500120541787946	main
ARREST_raw	Edinburgh 2	463	8300	D	0.45086220829336854	main
ARREST_raw	Edinburgh 2	463	8400	D	0.45669865039728086	main
ARREST_raw	Edinburgh 2	463	8500	D	0.4625097310000462	main
ARREST_raw	Edinburgh 2	463	8600	D	0.4682946742308105	main
ARREST_raw	Edinburgh 2	463	8700	D	0.4740527288062857	main
ARREST_raw	Edinburgh 2	463	8800	D	0.47978316775327434	main
ARREST_raw	Edinburgh 2	463	8900	D	0.4854852881252951	main
ARREST_raw	Edinburgh 2	463	9000	D	0.49115841071372324	main
ARREST_raw	Edinburgh 2	463	9100	D	0.49680187975384216	main
ARREST_raw	Edinburgh 2	463	9200	D	0.5024150626262025	main
ARREST_raw	Edinburgh 2	463	9300	D	0.507997349553654	main
ARREST_raw	Edinburgh 2	463	9400	D	0.5135481532944279	main
ARREST_raw	Edinburgh 2	463	9500	D	0.5190669088316096	main
ARREST_raw	Edinburgh 2	463	9600	D	0.5245530730593545	main
ARREST_raw	Edinburgh 2	463	9700	D	0.5300061244661716	main
ARREST_raw	Edinburgh 2	463	9800	D	0.5354255628155946	main
ARREST_raw	Edinburgh 2	463	9900	D	0.5408109088245528	main
ARREST_raw	Edinburgh 2	463	10000	D	0.5461617038397364	main
ARREST_raw	Edinburgh 2	463	10100	D	0.5514775095122468	main
ARREST_raw	Edinburgh 2	463	10200	D	0.5567579074708103	main
ARREST_raw	Edinburgh 2	463	10300	D	0.5620024989938196	main
ARREST_raw	Edinburgh 2	463	10400	D	0.5672109046804669	main
ARREST_raw	Edinburgh 2	463	10500	D	0.5723827641212129	main
ARREST_raw	Edinburgh 2	463	10600	D	0.5775177355678335	main
ARREST_raw	Edinburgh 2	463	10700	D	0.5826154956032744	main
ARREST_raw	Edinburgh 2	463	10800	D	0.587675738811537	main
ARREST_raw	Edinburgh 2	463	10900	D	0.5926981774478036	main
ARREST_raw	Edinburgh 2	463	11000	D	0.5976825411090125	main
ARREST_raw	Edinburgh 2	463	11100	D	0.6026285764050748	main
ARREST_raw	Edinburgh 2	463	11200	D	0.607536046630924	main
ARREST_raw	Edinburgh 2	463	11300	D	0.6124047314395755	main
ARREST_raw	Edinburgh 2	463	11400	D	0.6172344265163714	main
ARREST_raw	Edinburgh 2	463	11500	D	0.6220249432545752	main
ARREST_raw	Edinburgh 2	463	11600	D	0.62677610843247	main
ARREST_raw	Edinburgh 2	463	11700	D	0.6314877638921184	main
ARREST_raw	Edinburgh 2	463	11800	D	0.6361597662199191	main
ARREST_raw	Edinburgh 2	463	11900	D	0.6407919864291046	main
ARREST_raw	Edinburgh 2	463	12000	D	0.6453843096443024	main
ARREST_raw	Edinburgh 2	463	12100	D	0.6499366347882913	main
ARREST_raw	Edinburgh 2	463	12200	D	0.6544488742710639	main
ARREST_raw	Edinburgh 2	463	12300	D	0.6589209536813105	main
ARREST_raw	Edinburgh 2	463	12400	D	0.6633528114804264	main
ARREST_raw	Edinburgh 2	463	12500	D	0.6677443986991474	main
ARREST_raw	Edinburgh 2	463	12600	D	0.6720956786368995	main
ARREST_raw	Edinburgh 2	463	12700	D	0.6764066265639617	main
ARREST_raw	Edinburgh 2	463	12800	D	0.6806772294265143	main
ARREST_raw	Edinburgh 2	463	12900	D	0.6849074855546597	main
ARREST_raw	Edinburgh 2	463	13000	D	0.6890974043734841	main
ARREST_raw	Edinburgh 2	463	13100	D	0.6932470061172287	main
ARREST_raw	Edinburgh 2	463	13200	D	0.6973563215466368	main
ARREST_raw	Edinburgh 2	463	13300	D	0.701425391669533	main
ARREST_raw	Edinburgh 2	463	13400	D	0.7054542674646906	main
ARREST_raw	Edinburgh 2	463	13500	D	0.7094430096090372	main
ARREST_raw	Edinburgh 2	463	13600	D	0.7133916882082441	main
ARREST_raw	Edinburgh 2	463	13700	D	0.7173003825307466	main
ARREST_raw	Edinburgh 2	463	13800	D	0.7211691807452245	main
ARREST_raw	Edinburgh 2	463	13900	D	0.7249981796615874	main
ARREST_raw	Edinburgh 2	463	14000	D	0.7287874844754885	main
ARREST_raw	Edinburgh 2	463	14100	D	0.7325372085163999	main
ARREST_raw	Edinburgh 2	463	14200	D	0.7362474729992707	main
ARREST_raw	Edinburgh 2	463	14300	D	0.7399184067797884	main
ARREST_raw	Edinburgh 2	463	14400	D	0.7435501461132654	main
ARREST_raw	Edinburgh 2	463	14500	D	0.74714283441716	main
ARREST_raw	Edinburgh 2	463	14600	D	0.7506966220372514	main
ARREST_raw	Edinburgh 2	463	14700	D	0.754211666017468	main
ARREST_raw	Edinburgh 2	463	14800	D	0.7576881298733862	main
ARREST_raw	Edinburgh 2	463	14900	D	0.761126183369395	main
ARREST_raw	Edinburgh 2	463	15000	D	0.7645260022995342	main
ARREST_raw	Edinburgh 2	463	15100	D	0.7678877682719994	main
ARREST_raw	Edinburgh 2	463	15200	D	0.7712116684973187	main
ARREST_raw	Edinburgh 2	463	15300	D	0.7744978955801838	main
ARREST_raw	Edinburgh 2	463	15400	D	0.7777466473149437	main
ARREST_raw	Edinburgh 2	463	15500	D	0.7809581264847334	main
ARREST_raw	Edinburgh 2	463	15600	D	0.7841325406642441	main
ARREST_raw	Edinburgh 2	463	15700	D	0.7872701020261079	main
ARREST_raw	Edinburgh 2	463	15800	D	0.7903710271508877	main
ARREST_raw	Edinburgh 2	463	15900	D	0.7934355368406569	main
ARREST_raw	Edinburgh 2	463	16000	D	0.7964638559361478	main
ARREST_raw	Edinburgh 2	463	16100	D	0.7994562131374484	main
ARREST_raw	Edinburgh 2	463	16200	D	0.8024128408282292	main
ARREST_raw	Edinburgh 2	463	16300	D	0.8053339749034754	main
ARREST_raw	Edinburgh 2	463	16400	D	0.80821985460069945	main
ARREST_raw	Edinburgh 2	463	16500	D	0.8110707223346116	main
ARREST_raw	Edinburgh 2	463	16600	D	0.8138868235352186	main
ARREST_raw	Edinburgh 2	463	16700	D	0.8166684064893271	main
ARREST_raw	Edinburgh 2	463	16800	D	0.8194157221854176	main
ARREST_raw	Edinburgh 2	463	16900	D	0.8221290241618648	main
ARREST_raw	Edinburgh 2	463	17000	D	0.8248085683584712	main
ARREST_raw	Edinburgh 2	463	17100	D	0.8274546129712815	main
ARREST_raw	Edinburgh 2	463	17200	D	0.830067418310648	main
ARREST_raw	Edinburgh 2	463	17300	D	0.8326472466625124	main
ARREST_raw	Edinburgh 2	463	17400	D	0.8351943621528704	main
ARREST_raw	Edinburgh 2	463	17500	D	0.8377090306153847	main
ARREST_raw	Edinburgh 2	463	17600	D	0.8401915194621139	main
ARREST_raw	Edinburgh 2	463	17700	D	0.8426420975573148	main
ARREST_raw	Edinburgh 2	463	17800	D	0.8450610350942911	main
ARREST_raw	Edinburgh 2	463	17900	D	0.847448603475245	main
ARREST_raw	Edinburgh 2	463	18000	D	0.8498050751940971	main
ARREST_raw	Edinburgh 2	463	18100	D	0.852130723722238	main
ARREST_raw	Edinburgh 2	463	18200	D	0.8544258233971718	main
ARREST_raw	Edinburgh 2	463	18300	D	0.8566906493140152	main
ARREST_raw	Edinburgh 2	463	18400	D	0.8589254772198117	main
ARREST_raw	Edinburgh 2	463	18500	D	0.8611305834106252	main
ARREST_raw	Edinburgh 2	463	18600	D	0.863306244631372	main
ARREST_raw	Edinburgh 2	463	18700	D	0.8654527379783499	main
ARREST_raw	Edinburgh 2	463	18800	D	0.8675703408044332	main
ARREST_raw	Edinburgh 2	463	18900	D	0.8696593306268833	main
ARREST_raw	Edinburgh 2	463	19000	D	0.8717199850377443	main
ARREST_raw	Edinburgh 2	463	19100	D	0.8737525816167809	main
ARREST_raw	Edinburgh 2	463	19200	D	0.8757573978469173	main
ARREST_raw	Edinburgh 2	463	19300	D	0.8777347110321405	main
ARREST_raw	Edinburgh 2	463	19400	D	0.879684798217828	main
ARREST_raw	Edinburgh 2	463	19500	D	0.8816079361134579	main
ARREST_raw	Edinburgh 2	463	19600	D	0.8835044010176661	main
ARREST_raw	Edinburgh 2	463	19700	D	0.8853744687456074	main
ARREST_raw	Edinburgh 2	463	19800	D	0.8872184145585833	main
ARREST_raw	Edinburgh 2	463	19900	D	0.8890365130958978	main
ARREST_raw	Edinburgh 2	463	20000	D	0.8908290383089009	main
ARREST_raw	IDISA	490	100	D	0.014747051666704203	main
ARREST_raw	IDISA	490	200	D	0.019826322457751955	main
ARREST_raw	IDISA	490	300	D	0.025228802629726044	main
ARREST_raw	IDISA	490	400	D	0.030945155784493528	main
ARREST_raw	IDISA	490	500	D	0.03696575884924247	main
ARREST_raw	IDISA	490	600	D	0.04328074017573058	main
ARREST_raw	IDISA	490	700	D	0.049880015792336585	main
ARREST_raw	IDISA	490	800	D	0.05675332384510834	main
ARREST_raw	IDISA	490	900	D	0.06389025726628494	main
ARREST_raw	IDISA	490	1000	D	0.07128029471075126	main
ARREST_raw	IDISA	490	1100	D	0.07891282980257808	main
ARREST_raw	IDISA	490	1200	D	0.08677719873524081	main
ARREST_raw	IDISA	490	1300	D	0.0948627062703018	main
ARREST_raw	IDISA	490	1400	D	0.10315865018030312	main
ARREST_raw	IDISA	490	1500	D	0.11165434418237796	main
ARREST_raw	IDISA	490	1600	D	0.12033913940964402	main
ARREST_raw	IDISA	490	1700	D	0.12920244446782958	main
ARREST_raw	IDISA	490	1800	D	0.13823374412479572	main
ARREST_raw	IDISA	490	1900	D	0.1474226166806848	main
ARREST_raw	IDISA	490	2000	D	0.15675875006634976	main
ARREST_raw	IDISA	490	2100	D	0.166231956717522	main
ARREST_raw	IDISA	490	2200	D	0.17583218727184668	main
ARREST_raw	IDISA	490	2300	D	0.18554954313550853	main
ARREST_raw	IDISA	490	2400	D	0.1953742879656366	main
ARREST_raw	IDISA	490	2500	D	0.20529685811408438	main
ARREST_raw	IDISA	490	2600	D	0.21530787207749513	main
ARREST_raw	IDISA	490	2700	D	0.22539813899781713	main
ARREST_raw	IDISA	490	2800	D	0.2355586662566197	main
ARREST_raw	IDISA	490	2900	D	0.24578066620570016	main
ARREST_raw	IDISA	490	3000	D	0.25605556207556246	main
ARREST_raw	IDISA	490	3100	D	0.26637499310239576	main
ARREST_raw	IDISA	490	3200	D	0.27673081891319906	main
ARREST_raw	IDISA	490	3300	D	0.28711512320768307	main
ARREST_raw	IDISA	490	3400	D	0.29752021677454665	main
ARREST_raw	IDISA	490	3500	D	0.3079386398786642	main
ARREST_raw	IDISA	490	3600	D	0.31836316405465803	main
ARREST_raw	IDISA	490	3700	D	0.3287867933412443	main
ARREST_raw	IDISA	490	3800	D	0.33920276498965285	main
ARREST_raw	IDISA	490	3900	D	0.3496045496783393	main
ARREST_raw	IDISA	490	4000	D	0.3599858512651113	main
ARREST_raw	IDISA	490	4100	D	0.3703406061067044	main
ARREST_raw	IDISA	490	4200	D	0.380662981974768	main
ARREST_raw	IDISA	490	4300	D	0.39094737659614476	main
ARREST_raw	IDISA	490	4400	D	0.4011884158442629	main
ARREST_raw	IDISA	490	4500	D	0.41138095160741694	main
ARREST_raw	IDISA	490	4600	D	0.42152005935867454	main
ARREST_raw	IDISA	490	4700	D	0.43160103545111983	main
ARREST_raw	IDISA	490	4800	D	0.4416193941611555	main
ARREST_raw	IDISA	490	4900	D	0.45157086450158834	main
ARREST_raw	IDISA	490	5000	D	0.46145138682526377	main
ARREST_raw	IDISA	490	5100	D	0.47125710923907116	main
ARREST_raw	IDISA	490	5200	D	0.48098438384721964	main
ARREST_raw	IDISA	490	5300	D	0.49062976284177584	main
ARREST_raw	IDISA	490	5400	D	0.5001899944575898	main
ARREST_raw	IDISA	490	5500	D	0.5096620188078689	main
ARREST_raw	IDISA	490	5600	D	0.5190429636158288	main
ARREST_raw	IDISA	490	5700	D	0.5283301398570546	main
ARREST_raw	IDISA	490	5800	D	0.5375210373264051	main
ARREST_raw	IDISA	490	5900	D	0.5466133201425452	main
ARREST_raw	IDISA	490	6000	D	0.5556048222024474	main
ARREST_raw	IDISA	490	6100	D	0.5644935425975044	main
ARREST_raw	IDISA	490	6200	D	0.5732776410021886	main
ARREST_raw	IDISA	490	6300	D	0.5819554330455501	main
ARREST_raw	IDISA	490	6400	D	0.5905253856751927	main
ARREST_raw	IDISA	490	6500	D	0.5989861125227522	main
ARREST_raw	IDISA	490	6600	D	0.607336369279318	main
ARREST_raw	IDISA	490	6700	D	0.6155750490886504	main
ARREST_raw	IDISA	490	6800	D	0.6237011779655213	main
ARREST_raw	IDISA	490	6900	D	0.6317139102459597	main
ARREST_raw	IDISA	490	7000	D	0.6396125240756904	main
ARREST_raw	IDISA	490	7100	D	0.6473964169425734	main
ARREST_raw	IDISA	490	7200	D	0.6550651012583814	main
ARREST_raw	IDISA	490	7300	D	0.6626181999948209	main
ARREST_raw	IDISA	490	7400	D	0.6700554423782744	main
ARREST_raw	IDISA	490	7500	D	0.6773766596473423	main
ARREST_raw	IDISA	490	7600	D	0.6845817808768829	main
ARREST_raw	IDISA	490	7700	D	0.6916708288718794	main
ARREST_raw	IDISA	490	7800	D	0.6986439161341182	main
ARREST_raw	IDISA	490	7900	D	0.7055012409043397	main
ARREST_raw	IDISA	490	8000	D	0.7122430832821982	main
ARREST_raw	IDISA	490	8100	D	0.7188698014260869	main
ARREST_raw	IDISA	490	8200	D	0.7253818278345916	main
ARREST_raw	IDISA	490	8300	D	0.7317796657110792	main
ARREST_raw	IDISA	490	8400	D	0.7380638854126752	main
ARREST_raw	IDISA	490	8500	D	0.7442351209846514	main
ARREST_raw	IDISA	490	8600	D	0.7502940667810157	main
ARREST_raw	IDISA	490	8700	D	0.7562414741719021	main
ARREST_raw	IDISA	490	8800	D	0.762078148338146	main
ARREST_raw	IDISA	490	8900	D	0.7678049451532611	main
ARREST_raw	IDISA	490	9000	D	0.7734227681528572	main
ARREST_raw	IDISA	490	9100	D	0.7789325655913737	main
ARREST_raw	IDISA	490	9200	D	0.7843353275858644	main
ARREST_raw	IDISA	490	9300	D	0.7896320833464265	main
ARREST_raw	IDISA	490	9400	D	0.7948238984927272	main
ARREST_raw	IDISA	490	9500	D	0.7999118724559843	main
ARREST_raw	IDISA	490	9600	D	0.8048971359656297	main
ARREST_raw	IDISA	490	9700	D	0.8097808486197859	main
ARREST_raw	IDISA	490	9800	D	0.8145641965386019	main
ARREST_raw	IDISA	490	9900	D	0.8192483900993986	main
ARREST_raw	IDISA	490	10000	D	0.8238346617525085	main
ARREST_raw	IDISA	490	10100	D	0.828324263916609	main
ARREST_raw	IDISA	490	10200	D	0.8327184669523023	main
ARREST_raw	IDISA	490	10300	D	0.8370185572126263	main
ARREST_raw	IDISA	490	10400	D	0.8412258351691324	main
ARREST_raw	IDISA	490	10500	D	0.8453416136121287	main
ARREST_raw	IDISA	490	10600	D	0.849367215923636	main
ARREST_raw	IDISA	490	10700	D	0.8533039744215791	main
ARREST_raw	IDISA	490	10800	D	0.8571532287737067	main
ARREST_raw	IDISA	490	10900	D	0.8609163244796973	main
ARREST_raw	IDISA	490	11000	D	0.86459461141991	main
ARREST_raw	IDISA	490	11100	D	0.868189442469198	main
ARREST_raw	IDISA	490	11200	D	0.8717021721742118	main
ARREST_raw	IDISA	490	11300	D	0.8751341554925954	main
ARREST_raw	IDISA	490	11400	D	0.8784867465924872	main
ARREST_raw	IDISA	490	11500	D	0.8817612977107212	main
ARREST_raw	IDISA	490	11600	D	0.884959158068138	main
ARREST_raw	IDISA	490	11700	D	0.8880816728404102	main
ARREST_raw	IDISA	490	11800	D	0.8911301821827993	main
ARREST_raw	IDISA	490	11900	D	0.8941060203072648	main
ARREST_raw	IDISA	490	12000	D	0.8970105146103609	main
ARREST_raw	IDISA	490	12100	D	0.8998449848503682	main
ARREST_raw	IDISA	490	12200	D	0.902610742372123	main
ARREST_raw	IDISA	490	12300	D	0.9053090893780216	main
ARREST_raw	IDISA	490	12400	D	0.9079413182436972	main
ARREST_raw	IDISA	490	12500	D	0.9105087108768886	main
ARREST_raw	IDISA	490	12600	D	0.913012538118034	main
ARREST_raw	IDISA	490	12700	D	0.9154540591811534	main
ARREST_raw	IDISA	490	12800	D	0.9178345211336006	main
ARREST_raw	IDISA	490	12900	D	0.9201551584132925	main
ARREST_raw	IDISA	490	13000	D	0.9224171923820482	main
ARREST_raw	IDISA	490	13100	D	0.9246218309136939	main
ARREST_raw	IDISA	490	13200	D	0.9267702680156196	main
ARREST_raw	IDISA	490	13300	D	0.9288636834824979	main
ARREST_raw	IDISA	490	13400	D	0.9309032425809012	main
ARREST_raw	IDISA	490	13500	D	0.9328900957635856	main
ARREST_raw	IDISA	490	13600	D	0.9348253784122342	main
ARREST_raw	IDISA	490	13700	D	0.9367102106074818	main
ARREST_raw	IDISA	490	13800	D	0.9385456969250711	main
ARREST_raw	IDISA	490	13900	D	0.9403329262570204	main
ARREST_raw	IDISA	490	14000	D	0.9420729716567088	main
ARREST_raw	IDISA	490	14100	D	0.9437668902068169	main
ARREST_raw	IDISA	490	14200	D	0.9454157229090854	main
ARREST_raw	IDISA	490	14300	D	0.9470204945948852	main
ARREST_raw	IDISA	490	14400	D	0.9485822138556216	main
ARREST_raw	IDISA	490	14500	D	0.9501018729920191	main
ARREST_raw	IDISA	490	14600	D	0.9515804479813668	main
ARREST_raw	IDISA	490	14700	D	0.9530188984618259	main
ARREST_raw	IDISA	490	14800	D	0.9544181677329343	main
ARREST_raw	IDISA	490	14900	D	0.9557791827714652	main
ARREST_raw	IDISA	490	15000	D	0.957102854261825	main
ARREST_raw	IDISA	490	15100	D	0.9583900766402043	main
ARREST_raw	IDISA	490	15200	D	0.9596417281517182	main
ARREST_raw	IDISA	490	15300	D	0.9608586709197985	main
ARREST_raw	IDISA	490	15400	D	0.9620417510271283	main
ARREST_raw	IDISA	490	15500	D	0.9631917986074292	main
ARREST_raw	IDISA	490	15600	D	0.9643096279474411	main
ARREST_raw	IDISA	490	15700	D	0.965396037598452	main
ARREST_raw	IDISA	490	15800	D	0.966451810496765	main
ARREST_raw	IDISA	490	15900	D	0.9674777140925076	main
ARREST_raw	IDISA	490	16000	D	0.9684745004862124	main
ARREST_raw	IDISA	490	16100	D	0.9694429065726213	main
ARREST_raw	IDISA	490	16200	D	0.9703836541911831	main
ARREST_raw	IDISA	490	16300	D	0.9712974502827408	main
ARREST_raw	IDISA	490	16400	D	0.9721849870519178	main
ARREST_raw	IDISA	490	16500	D	0.9730469421347404	main
ARREST_raw	IDISA	490	16600	D	0.9738839787710449	main
ARREST_raw	IDISA	490	16700	D	0.9746967459812437	main
ARREST_raw	IDISA	490	16800	D	0.9754858787470372	main
ARREST_raw	IDISA	490	16900	D	0.976251998195681	main
ARREST_raw	IDISA	490	17000	D	0.9769957117874309	main
ARREST_raw	IDISA	490	17100	D	0.9777176135058088	main
ARREST_raw	IDISA	490	17200	D	0.9784182840503446	main
ARREST_raw	IDISA	490	17300	D	0.9790982910314713	main
ARREST_raw	IDISA	490	17400	D	0.9797581891672581	main
ARREST_raw	IDISA	490	17500	D	0.9803985204816879	main
ARREST_raw	IDISA	490	17600	D	0.9810198145041957	main
ARREST_raw	IDISA	490	17700	D	0.9816225884702019	main
ARREST_raw	IDISA	490	17800	D	0.9822073475223827	main
ARREST_raw	IDISA	490	17900	D	0.9827745849124409	main
ARREST_raw	IDISA	490	18000	D	0.9833247822031433	main
ARREST_raw	IDISA	490	18100	D	0.9838584094704128	main
ARREST_raw	IDISA	490	18200	D	0.9843759255052664	main
ARREST_raw	IDISA	490	18300	D	0.9848777780154098	main
ARREST_raw	IDISA	490	18400	D	0.9853644038263014	main
ARREST_raw	IDISA	490	18500	D	0.9858362290815194	main
ARREST_raw	IDISA	490	18600	D	0.986293669442265	main
ARREST_raw	IDISA	490	18700	D	0.9867371302858543	main
ARREST_raw	IDISA	490	18800	D	0.9871670069030526	main
ARREST_raw	IDISA	490	18900	D	0.9875836846941216	main
ARREST_raw	IDISA	490	19000	D	0.9879875393634521	main
ARREST_raw	IDISA	490	19100	D	0.9883789371126669	main
ARREST_raw	IDISA	490	19200	D	0.9887582348320859	main
ARREST_raw	IDISA	490	19300	D	0.9891257802904535	main
ARREST_raw	IDISA	490	19400	D	0.9894819123228339	main
ARREST_raw	IDISA	490	19500	D	0.9898269610165891	main
ARREST_raw	IDISA	490	19600	D	0.9901612478953616	main
ARREST_raw	IDISA	490	19700	D	0.9904850861009872	main
ARREST_raw	IDISA	490	19800	D	0.9907987805732722	main
ARREST_raw	IDISA	490	19900	D	0.9911026282275768	main
ARREST_raw	IDISA	490	20000	D	0.9913969181301455	main
ARREST_raw	SABG-PCS	755	100	D	0.012562938978228466	main
ARREST_raw	SABG-PCS	755	200	D	0.01522708683521079	main
ARREST_raw	SABG-PCS	755	300	D	0.017990995176200508	main
ARREST_raw	SABG-PCS	755	400	D	0.020853182603169595	main
ARREST_raw	SABG-PCS	755	500	D	0.023812136810012263	main
ARREST_raw	SABG-PCS	755	600	D	0.026866316625306697	main
ARREST_raw	SABG-PCS	755	700	D	0.030014154003067506	main
ARREST_raw	SABG-PCS	755	800	D	0.033254055961945195	main
ARREST_raw	SABG-PCS	755	900	D	0.03658440647335803	main
ARREST_raw	SABG-PCS	755	1000	D	0.04000356829906193	main
ARREST_raw	SABG-PCS	755	1100	D	0.04350988477868689	main
ARREST_raw	SABG-PCS	755	1200	D	0.0471016815677886	main
ARREST_raw	SABG-PCS	755	1300	D	0.05077726832698293	main
ARREST_raw	SABG-PCS	755	1400	D	0.054534940362748974	main
ARREST_raw	SABG-PCS	755	1500	D	0.058372980220500525	main
ARREST_raw	SABG-PCS	755	1600	D	0.06228965923054308	main
ARREST_raw	SABG-PCS	755	1700	D	0.06628323900754551	main
ARREST_raw	SABG-PCS	755	1800	D	0.07035197290417006	main
ARREST_raw	SABG-PCS	755	1900	D	0.07449410741951046	main
ARREST_raw	SABG-PCS	755	2000	D	0.07870788356300606	main
ARREST_raw	SABG-PCS	755	2100	D	0.08299153817450178	main
ARREST_raw	SABG-PCS	755	2200	D	0.08734330520113542	main
ARREST_raw	SABG-PCS	755	2300	D	0.09176141693174145	main
ARREST_raw	SABG-PCS	755	2400	D	0.09624410518946369	main
ARREST_raw	SABG-PCS	755	2500	D	0.10078960248327784	main
ARREST_raw	SABG-PCS	755	2600	D	0.1053961431191266	main
ARREST_raw	SABG-PCS	755	2700	D	0.11006196427137693	main
ARREST_raw	SABG-PCS	755	2800	D	0.11478530701530787	main
ARREST_raw	SABG-PCS	755	2900	D	0.11956441732134293	main
ARREST_raw	SABG-PCS	755	3000	D	0.12439754701174088	main
ARREST_raw	SABG-PCS	755	3100	D	0.12928295468045914	main
ARREST_raw	SABG-PCS	755	3200	D	0.13421890657690605	main
ARREST_raw	SABG-PCS	755	3300	D	0.13920367745429418	main
ARREST_raw	SABG-PCS	755	3400	D	0.14423555138331112	main
ARREST_raw	SABG-PCS	755	3500	D	0.14931282253181521	main
ARREST_raw	SABG-PCS	755	3600	D	0.15443379591126938	main
ARREST_raw	SABG-PCS	755	3700	D	0.15959678809061684	main
ARREST_raw	SABG-PCS	755	3800	D	0.164800127878305	main
ARREST_raw	SABG-PCS	755	3900	D	0.1700421569731534	main
ARREST_raw	SABG-PCS	755	4000	D	0.1753212305847649	main
ARREST_raw	SABG-PCS	755	4100	D	0.1806357180241699	main
ARREST_raw	SABG-PCS	755	4200	D	0.18598400326538933	main
ARREST_raw	SABG-PCS	755	4300	D	0.1913644854785982	main
ARREST_raw	SABG-PCS	755	4400	D	0.1967755795355658	main
ARREST_raw	SABG-PCS	755	4500	D	0.2022157164880397	main
ARREST_raw	SABG-PCS	755	4600	D	0.20768334401974065	main
ARREST_raw	SABG-PCS	755	4700	D	0.21317692687262169	main
ARREST_raw	SABG-PCS	755	4800	D	0.21869494724804428	main
ARREST_raw	SABG-PCS	755	4900	D	0.22423590518351322	main
ARREST_raw	SABG-PCS	755	5000	D	0.22979831890560676	main
ARREST_raw	SABG-PCS	755	5100	D	0.2353807251597313	main
ARREST_raw	SABG-PCS	755	5200	D	0.24098167951731975	main
ARREST_raw	SABG-PCS	755	5300	D	0.2465997566610898	main
ARREST_raw	SABG-PCS	755	5400	D	0.2522335506489637	main
ARREST_raw	SABG-PCS	755	5500	D	0.25788167515724936	main
ARREST_raw	SABG-PCS	755	5600	D	0.2635427637036728	main
ARREST_raw	SABG-PCS	755	5700	D	0.2692154698508381	main
ARREST_raw	SABG-PCS	755	5800	D	0.27489846739069124	main
ARREST_raw	SABG-PCS	755	5900	D	0.2805904505105494	main
ARREST_raw	SABG-PCS	755	6000	D	0.286290133941253	main
ARREST_raw	SABG-PCS	755	6100	D	0.29199625308798194	main
ARREST_raw	SABG-PCS	755	6200	D	0.297707564144279	main
ARREST_raw	SABG-PCS	755	6300	D	0.3034228441898065	main
ARREST_raw	SABG-PCS	755	6400	D	0.309140891272354	main
ARREST_raw	SABG-PCS	755	6500	D	0.31486052447461343	main
ARREST_raw	SABG-PCS	755	6600	D	0.32058058396621725	main
ARREST_raw	SABG-PCS	755	6700	D	0.3262999310415369	main
ARREST_raw	SABG-PCS	755	6800	D	0.33201744814372525	main
ARREST_raw	SABG-PCS	755	6900	D	0.3377320388754743	main
ARREST_raw	SABG-PCS	755	7000	D	0.34344262799696	main
ARREST_raw	SABG-PCS	755	7100	D	0.349148161411428	main
ARREST_raw	SABG-PCS	755	7200	D	0.3548476061388669	main
ARREST_raw	SABG-PCS	755	7300	D	0.3605399502782133	main
ARREST_raw	SABG-PCS	755	7400	D	0.366224202958515	main
ARREST_raw	SABG-PCS	755	7500	D	0.3718993942794757	main
ARREST_raw	SABG-PCS	755	7600	D	0.37756457524179465	main
ARREST_raw	SABG-PCS	755	7700	D	0.3832188176677036	main
ARREST_raw	SABG-PCS	755	7800	D	0.3888612141120984	main
ARREST_raw	SABG-PCS	755	7900	D	0.39449087776465186	main
ARREST_raw	SABG-PCS	755	8000	D	0.40010694234328537	main
ARREST_raw	SABG-PCS	755	8100	D	0.40570856197937055	main
ARREST_raw	SABG-PCS	755	8200	D	0.41129491109502025	main
ARREST_raw	SABG-PCS	755	8300	D	0.41686518427282493	main
ARREST_raw	SABG-PCS	755	8400	D	0.42241859611837695	main
ARREST_raw	SABG-PCS	755	8500	D	0.42795438111592154	main
ARREST_raw	SABG-PCS	755	8600	D	0.43347179347746034	main
ARREST_raw	SABG-PCS	755	8700	D	0.4389701069856311	main
ARREST_raw	SABG-PCS	755	8800	D	0.44444861483067555	main
ARREST_raw	SABG-PCS	755	8900	D	0.44990662944179705	main
ARREST_raw	SABG-PCS	755	9000	D	0.45534348231321253	main
ARREST_raw	SABG-PCS	755	9100	D	0.46075852382517957	main
ARREST_raw	SABG-PCS	755	9200	D	0.46615112306028617	main
ARREST_raw	SABG-PCS	755	9300	D	0.47152066761527867	main
ARREST_raw	SABG-PCS	755	9400	D	0.4768665634086896	main
ARREST_raw	SABG-PCS	755	9500	D	0.4821882344845313	main
ARREST_raw	SABG-PCS	755	9600	D	0.48748512281230405	main
ARREST_raw	SABG-PCS	755	9700	D	0.49275668808356954	main
ARREST_raw	SABG-PCS	755	9800	D	0.4980024075053203	main
ARREST_raw	SABG-PCS	755	9900	D	0.5032217755903874	main
ARREST_raw	SABG-PCS	755	10000	D	0.5084143039451047	main
ARREST_raw	SABG-PCS	755	10100	D	0.5135795210544518	main
ARREST_raw	SABG-PCS	755	10200	D	0.5187169720648852	main
ARREST_raw	SABG-PCS	755	10300	D	0.5238262185650695	main
ARREST_raw	SABG-PCS	755	10400	D	0.5289068383646995	main
ARREST_raw	SABG-PCS	755	10500	D	0.5339584252716174	main
ARREST_raw	SABG-PCS	755	10600	D	0.5389805888674029	main
ARREST_raw	SABG-PCS	755	10700	D	0.5439729542816237	main
ARREST_raw	SABG-PCS	755	10800	D	0.5489351619649212	main
ARREST_raw	SABG-PCS	755	10900	D	0.5538668674611005	main
ARREST_raw	SABG-PCS	755	11000	D	0.5587677411783891	main
ARREST_raw	SABG-PCS	755	11100	D	0.5636374681600234	main
ARREST_raw	SABG-PCS	755	11200	D	0.5684757478543181	main
ARREST_raw	SABG-PCS	755	11300	D	0.5732822938843658	main
ARREST_raw	SABG-PCS	755	11400	D	0.5780568338175063	main
ARREST_raw	SABG-PCS	755	11500	D	0.5827991089347115	main
ARREST_raw	SABG-PCS	755	11600	D	0.5875088740000116	main
ARREST_raw	SABG-PCS	755	11700	D	0.5921858970300925	main
ARREST_raw	SABG-PCS	755	11800	D	0.5968299590641921	main
ARREST_raw	SABG-PCS	755	11900	D	0.6014408539344087	main
ARREST_raw	SABG-PCS	755	12000	D	0.606018388036536	main
ARREST_raw	SABG-PCS	755	12100	D	0.6105623801015413	main
ARREST_raw	SABG-PCS	755	12200	D	0.6150726609677821	main
ARREST_raw	SABG-PCS	755	12300	D	0.6195490733540698	main
ARREST_raw	SABG-PCS	755	12400	D	0.6239914716336741	main
ARREST_raw	SABG-PCS	755	12500	D	0.6283997216093624	main
ARREST_raw	SABG-PCS	755	12600	D	0.6327737002895605	main
ARREST_raw	SABG-PCS	755	12700	D	0.6371132956657235	main
ARREST_raw	SABG-PCS	755	12800	D	0.6414184064909946	main
ARREST_raw	SABG-PCS	755	12900	D	0.6456889420602312	main
ARREST_raw	SABG-PCS	755	13000	D	0.6499248219914715	main
ARREST_raw	SABG-PCS	755	13100	D	0.6541259760089131	main
ARREST_raw	SABG-PCS	755	13200	D	0.6582923437274673	main
ARREST_raw	SABG-PCS	755	13300	D	0.6624238744389581	main
ARREST_raw	SABG-PCS	755	13400	D	0.6665205269000216	main
ARREST_raw	SABG-PCS	755	13500	D	0.6705822691217647	main
ARREST_raw	SABG-PCS	755	13600	D	0.6746090781612373	main
ARREST_raw	SABG-PCS	755	13700	D	0.6786009399147713	main
ARREST_raw	SABG-PCS	755	13800	D	0.6825578489132291	main
ARREST_raw	SABG-PCS	755	13900	D	0.6864798081192125	main
ARREST_raw	SABG-PCS	755	14000	D	0.6903668287262721	main
ARREST_raw	SABG-PCS	755	14100	D	0.6942189299601591	main
ARREST_raw	SABG-PCS	755	14200	D	0.6980361388821525	main
ARREST_raw	SABG-PCS	755	14300	D	0.7018184901945017	main
ARREST_raw	SABG-PCS	755	14400	D	0.7055660260480143	main
ARREST_raw	SABG-PCS	755	14500	D	0.7092787958518206	main
ARREST_raw	SABG-PCS	755	14600	D	0.7129568560853381	main
ARREST_raw	SABG-PCS	755	14700	D	0.7166002701124692	main
ARREST_raw	SABG-PCS	755	14800	D	0.7202091079980479	main
ARREST_raw	SABG-PCS	755	14900	D	0.7237834463265613	main
ARREST_raw	SABG-PCS	755	15000	D	0.7273233680231633	main
ARREST_raw	SABG-PCS	755	15100	D	0.7308289621769977	main
ARREST_raw	SABG-PCS	755	15200	D	0.7343003238668475	main
ARREST_raw	SABG-PCS	755	15300	D	0.7377375539891208	main
ARREST_raw	SABG-PCS	755	15400	D	0.7411407590881889	main
ARREST_raw	SABG-PCS	755	15500	D	0.7445100511890821	main
ARREST_raw	SABG-PCS	755	15600	D	0.7478455476325574	main
ARREST_raw	SABG-PCS	755	15700	D	0.7511473709125353	main
ARREST_raw	SABG-PCS	755	15800	D	0.7544156485159241	main
ARREST_raw	SABG-PCS	755	15900	D	0.7576505127648222	main
ARREST_raw	SABG-PCS	755	16000	D	0.7608521006611075	main
ARREST_raw	SABG-PCS	755	16100	D	0.7640205537334153	main
ARREST_raw	SABG-PCS	755	16200	D	0.7671560178865001	main
ARREST_raw	SABG-PCS	755	16300	D	0.7702586432529828	main
ARREST_raw	SABG-PCS	755	16400	D	0.7733285840474777	main
ARREST_raw	SABG-PCS	755	16500	D	0.7763659984230984	main
ARREST_raw	SABG-PCS	755	16600	D	0.7793710483303318	main
ARREST_raw	SABG-PCS	755	16700	D	0.7823438993782796	main
ARREST_raw	SABG-PCS	755	16800	D	0.7852847206982565	main
ARREST_raw	SABG-PCS	755	16900	D	0.7881936848097345	main
ARREST_raw	SABG-PCS	755	17000	D	0.7910709674886294	main
ARREST_raw	SABG-PCS	755	17100	D	0.7939167476379131	main
ARREST_raw	SABG-PCS	755	17200	D	0.796731207160545	main
ARREST_raw	SABG-PCS	755	17300	D	0.7995145308347061	main
ARREST_raw	SABG-PCS	755	17400	D	0.8022669061913252	main
ARREST_raw	SABG-PCS	755	17500	D	0.8049885233938847	main
ARREST_raw	SABG-PCS	755	17600	D	0.8076795751204865	main
ARREST_raw	SABG-PCS	755	17700	D	0.8103402564481682	main
ARREST_raw	SABG-PCS	755	17800	D	0.8129707647394508	main
ARREST_raw	SABG-PCS	755	17900	D	0.8155712995311006	main
ARREST_raw	SABG-PCS	755	18000	D	0.8181420624250906	main
ARREST_raw	SABG-PCS	755	18100	D	0.8206832569817424	main
ARREST_raw	SABG-PCS	755	18200	D	0.8231950886150279	main
ARREST_raw	SABG-PCS	755	18300	D	0.8256777644900177	main
ARREST_raw	SABG-PCS	755	18400	D	0.828131493422452	main
ARREST_raw	SABG-PCS	755	18500	D	0.830556485780415	main
ARREST_raw	SABG-PCS	755	18600	D	0.832952953388094	main
ARREST_raw	SABG-PCS	755	18700	D	0.8353211094316039	main
ARREST_raw	SABG-PCS	755	18800	D	0.8376611683668513	main
ARREST_raw	SABG-PCS	755	18900	D	0.8399733458294238	main
ARREST_raw	SABG-PCS	755	19000	D	0.8422578585464745	main
ARREST_raw	SABG-PCS	755	19100	D	0.8445149242505902	main
ARREST_raw	SABG-PCS	755	19200	D	0.8467447615956094	main
ARREST_raw	SABG-PCS	755	19300	D	0.8489475900743804	main
ARREST_raw	SABG-PCS	755	19400	D	0.8511236299384232	main
ARREST_raw	SABG-PCS	755	19500	D	0.8532731021194864	main
ARREST_raw	SABG-PCS	755	19600	D	0.8553962281529641	main
ARREST_raw	SABG-PCS	755	19700	D	0.8574932301031554	main
ARREST_raw	SABG-PCS	755	19800	D	0.8595643304903463	main
ARREST_raw	SABG-PCS	755	19900	D	0.8616097522196815	main
ARREST_raw	SABG-PCS	755	20000	D	0.863629718511811	main
ARREST_raw	ARREST	758	100	E	0.013408465686528315	main
ARREST_raw	ARREST	758	200	E	0.0169928656106364	main
ARREST_raw	ARREST	758	300	E	0.020749820335479674	main
ARREST_raw	ARREST	758	400	E	0.024675853881464982	main
ARREST_raw	ARREST	758	500	E	0.028767402000463127	main
ARREST_raw	ARREST	758	600	E	0.033020820172970033	main
ARREST_raw	ARREST	758	700	E	0.03743239133146081	main
ARREST_raw	ARREST	758	800	E	0.04199833331341296	main
ARREST_raw	ARREST	758	900	E	0.046714806047677526	main
ARREST_raw	ARREST	758	1000	E	0.05157791847807491	main
ARREST_raw	ARREST	758	1100	E	0.05658373522825477	main
ARREST_raw	ARREST	758	1200	E	0.06172828301202271	main
ARREST_raw	ARREST	758	1300	E	0.06700755679347192	main
ARREST_raw	ARREST	758	1400	E	0.07241752570138538	main
ARREST_raw	ARREST	758	1500	E	0.07795413870247836	main
ARREST_raw	ARREST	758	1600	E	0.08361333003815541	main
ARREST_raw	ARREST	758	1700	E	0.0893910244295325	main
ARREST_raw	ARREST	758	1800	E	0.09528314205554977	main
ARREST_raw	ARREST	758	1900	E	0.10128560330905767	main
ARREST_raw	ARREST	758	2000	E	0.10739433333580983	main
ARREST_raw	ARREST	758	2100	E	0.11360526636133239	main
ARREST_raw	ARREST	758	2200	E	0.1199143498106694	main
ARREST_raw	ARREST	758	2300	E	0.12631754822601915	main
ARREST_raw	ARREST	758	2400	E	0.13281084698729495	main
ARREST_raw	ARREST	758	2500	E	0.1393902558406359	main
ARREST_raw	ARREST	758	2600	E	0.14605181223989427	main
ARREST_raw	ARREST	758	2700	E	0.1527915845061153	main
ARREST_raw	ARREST	758	2800	E	0.159605674809998	main
ARREST_raw	ARREST	758	2900	E	0.16649022198230967	main
ARREST_raw	ARREST	758	3000	E	0.17344140415718734	main
ARREST_raw	ARREST	758	3100	E	0.180455441253229	main
ARREST_raw	ARREST	758	3200	E	0.18752859729723148	main
ARREST_raw	ARREST	758	3300	E	0.19465718259538745	main
ARREST_raw	ARREST	758	3400	E	0.20183755575670426	main
ARREST_raw	ARREST	758	3500	E	0.20906612557334814	main
ARREST_raw	ARREST	758	3600	E	0.216339352762565	main
ARREST_raw	ARREST	758	3700	E	0.2236537515747652	main
ARREST_raw	ARREST	758	3800	E	0.23100589127228977	main
ARREST_raw	ARREST	758	3900	E	0.23839239748331909	main
ARREST_raw	ARREST	758	4000	E	0.2458099534353032	main
ARREST_raw	ARREST	758	4100	E	0.25325530107223027	main
ARREST_raw	ARREST	758	4200	E	0.26072524205996905	main
ARREST_raw	ARREST	758	4300	E	0.26821663868384893	main
ARREST_raw	ARREST	758	4400	E	0.275726414642564	main
ARREST_raw	ARREST	758	4500	E	0.2832515557424037	main
ARREST_raw	ARREST	758	4600	E	0.2907891104957402	main
ARREST_raw	ARREST	758	4700	E	0.2983361906276166	main
ARREST_raw	ARREST	758	4800	E	0.3058899714941983	main
ARREST_raw	ARREST	758	4900	E	0.31344769241676995	main
ARREST_raw	ARREST	758	5000	E	0.3210066569348793	main
ARREST_raw	ARREST	758	5100	E	0.32856423298213666	main
ARREST_raw	ARREST	758	5200	E	0.3361178529881115	main
ARREST_raw	ARREST	758	5300	E	0.34366501390966697	main
ARREST_raw	ARREST	758	5400	E	0.3512032771950019	main
ARREST_raw	ARREST	758	5500	E	0.3587302686835848	main
ARREST_raw	ARREST	758	5600	E	0.36624367844507466	main
ARREST_raw	ARREST	758	5700	E	0.3737412605602519	main
ARREST_raw	ARREST	758	5800	E	0.381220832846891	main
ARREST_raw	ARREST	758	5900	E	0.3886802765334326	main
ARREST_raw	ARREST	758	6000	E	0.3961175358832245	main
ARREST_raw	ARREST	758	6100	E	0.40353061777203314	main
ARREST_raw	ARREST	758	6200	E	0.41091759122143245	main
ARREST_raw	ARREST	758	6300	E	0.4182765868906101	main
ARREST_raw	ARREST	758	6400	E	0.42560579652905495	main
ARREST_raw	ARREST	758	6500	E	0.43290347239250104	main
ARREST_raw	ARREST	758	6600	E	0.44016792662444093	main
ARREST_raw	ARREST	758	6700	E	0.44739753060544285	main
ARREST_raw	ARREST	758	6800	E	0.4545907142724285	main
ARREST_raw	ARREST	758	6900	E	0.4617459654100037	main
ARREST_raw	ARREST	758	7000	E	0.4688618289158586	main
ARREST_raw	ARREST	758	7100	E	0.47593690604218397	main
ARREST_raw	ARREST	758	7200	E	0.4829698536149898	main
ARREST_raw	ARREST	758	7300	E	0.4899593832331297	main
ARREST_raw	ARREST	758	7400	E	0.49690426044878877	main
ARREST_raw	ARREST	758	7500	E	0.503803303931109	main
ARREST_raw	ARREST	758	7600	E	0.5106553846145794	main
ARREST_raw	ARREST	758	7700	E	0.5174594248337419	main
ARREST_raw	ARREST	758	7800	E	0.5242143974457165	main
ARREST_raw	ARREST	758	7900	E	0.5309193249419795	main
ARREST_raw	ARREST	758	8000	E	0.5375732785507752	main
ARREST_raw	ARREST	758	8100	E	0.5441753773314911	main
ARREST_raw	ARREST	758	8200	E	0.5507247872622555	main
ARREST_raw	ARREST	758	8300	E	0.5572207203219801	main
ARREST_raw	ARREST	758	8400	E	0.5636624335680067	main
ARREST_raw	ARREST	758	8500	E	0.5700492282104691	main
ARREST_raw	ARREST	758	8600	E	0.5763804486844345	main
ARREST_raw	ARREST	758	8700	E	0.5826554817208303	main
ARREST_raw	ARREST	758	8800	E	0.5888737554171299	main
ARREST_raw	ARREST	758	8900	E	0.5950347383087135	main
ARREST_raw	ARREST	758	9000	E	0.601137938441776	main
ARREST_raw	ARREST	758	9100	E	0.6071829024486177	main
ARREST_raw	ARREST	758	9200	E	0.6131692146261065	main
ARREST_raw	ARREST	758	9300	E	0.6190964960180569	main
ARREST_raw	ARREST	758	9400	E	0.6249644035022378	main
ARREST_raw	ARREST	758	9500	E	0.6307726288826774	main
ARREST_raw	ARREST	758	9600	E	0.6365208979878992	main
ARREST_raw	ARREST	758	9700	E	0.6422089697756845	main
ARREST_raw	ARREST	758	9800	E	0.647836635444923	main
ARREST_raw	ARREST	758	9900	E	0.6534037175550822	main
ARREST_raw	ARREST	758	10000	E	0.6589100691537861	main
ARREST_raw	ARREST	758	10100	E	0.6643555729129691	main
ARREST_raw	ARREST	758	10200	E	0.669740140274039	main
ARREST_raw	ARREST	758	10300	E	0.67506371060245	main
ARREST_raw	ARREST	758	10400	E	0.6803262503520601	main
ARREST_raw	ARREST	758	10500	E	0.6855277522396233	main
ARREST_raw	ARREST	758	10600	E	0.6906682344297344	main
ARREST_raw	ARREST	758	10700	E	0.6957477397305214	main
ARREST_raw	ARREST	758	10800	E	0.70076633480036	main
ARREST_raw	ARREST	758	10900	E	0.7057241093658488	main
ARREST_raw	ARREST	758	11000	E	0.7106211754512819	main
ARREST_raw	ARREST	758	11100	E	0.7154576666198071	main
ARREST_raw	ARREST	758	11200	E	0.7202337372264626	main
ARREST_raw	ARREST	758	11300	E	0.7249495616832458	main
ARREST_raw	ARREST	758	11400	E	0.7296053337363599	main
ARREST_raw	ARREST	758	11500	E	0.7342012657557613	main
ARREST_raw	ARREST	758	11600	E	0.738737588037109	main
ARREST_raw	ARREST	758	11700	E	0.7432145481162113	main
ARREST_raw	ARREST	758	11800	E	0.7476324100960383	main
ARREST_raw	ARREST	758	11900	E	0.7519914539863528	main
ARREST_raw	ARREST	758	12000	E	0.7562919750560131	main
ARREST_raw	ARREST	758	12100	E	0.7605342831979625	main
ARREST_raw	ARREST	758	12200	E	0.764718702306927	main
ARREST_raw	ARREST	758	12300	E	0.7688455696698235	main
ARREST_raw	ARREST	758	12400	E	0.7729152353688615	main
ARREST_raw	ARREST	758	12500	E	0.7769280616973244	main
ARREST_raw	ARREST	758	12600	E	0.7808844225879878	main
ARREST_raw	ARREST	758	12700	E	0.7847847030541409	main
ARREST_raw	ARREST	758	12800	E	0.7886292986431479	main
ARREST_raw	ARREST	758	12900	E	0.792418614902491	main
ARREST_raw	ARREST	758	13000	E	0.7961530668582273	main
ARREST_raw	ARREST	758	13100	E	0.7998330785057689	main
ARREST_raw	ARREST	758	13200	E	0.8034590823129071	main
ARREST_raw	ARREST	758	13300	E	0.8070315187349831	main
ARREST_raw	ARREST	758	13400	E	0.8105508357421	main
ARREST_raw	ARREST	758	13500	E	0.8140174883582703	main
ARREST_raw	ARREST	758	13600	E	0.8174319382123822	main
ARREST_raw	ARREST	758	13700	E	0.8207946531008672	main
ARREST_raw	ARREST	758	13800	E	0.8241061065619375	main
ARREST_raw	ARREST	758	13900	E	0.8273667774612684	main
ARREST_raw	ARREST	758	14000	E	0.8305771495889879	main
ARREST_raw	ARREST	758	14100	E	0.8337377112678317	main
ARREST_raw	ARREST	758	14200	E	0.8368489549723265	main
ARREST_raw	ARREST	758	14300	E	0.8399113769588478	main
ARREST_raw	ARREST	758	14400	E	0.8429254769064075	main
ARREST_raw	ARREST	758	14500	E	0.8458917575680168	main
ARREST_raw	ARREST	758	14600	E	0.8488107244324666	main
ARREST_raw	ARREST	758	14700	E	0.8516828853963734	main
ARREST_raw	ARREST	758	14800	E	0.8545087504463227	main
ARREST_raw	ARREST	758	14900	E	0.8572888313509569	main
ARREST_raw	ARREST	758	15000	E	0.8600236413628377	main
ARREST_raw	ARREST	758	15100	E	0.8627136949299227	main
ARREST_raw	ARREST	758	15200	E	0.8653595074164868	main
ARREST_raw	ARREST	758	15300	E	0.8679615948333268	main
ARREST_raw	ARREST	758	15400	E	0.8705204735770755	main
ARREST_raw	ARREST	758	15500	E	0.8730366601784643	main
ARREST_raw	ARREST	758	15600	E	0.8755106710593606	main
ARREST_raw	ARREST	758	15700	E	0.8779430222984144	main
ARREST_raw	ARREST	758	15800	E	0.880334229405145	main
ARREST_raw	ARREST	758	15900	E	0.882684807102302	main
ARREST_raw	ARREST	758	16000	E	0.8849952691163276	main
ARREST_raw	ARREST	758	16100	E	0.887266127975759	main
ARREST_raw	ARREST	758	16200	E	0.8894978948173995	main
ARREST_raw	ARREST	758	16300	E	0.8916910792000938	main
ARREST_raw	ARREST	758	16400	E	0.8938461889259453	main
ARREST_raw	ARREST	758	16500	E	0.8959637298688052	main
ARREST_raw	ARREST	758	16600	E	0.8980442058098755	main
ARREST_raw	ARREST	758	16700	E	0.9000881182802609	main
ARREST_raw	ARREST	758	16800	E	0.9020959664103124	main
ARREST_raw	ARREST	758	16900	E	0.9040682467855968	main
ARREST_raw	ARREST	758	17000	E	0.9060054533093425	main
ARREST_raw	ARREST	758	17100	E	0.9079080770711988	main
ARREST_raw	ARREST	758	17200	E	0.9097766062221555	main
ARREST_raw	ARREST	758	17300	E	0.9116115258554724	main
ARREST_raw	ARREST	758	17400	E	0.9134133178934625	main
ARREST_raw	ARREST	758	17500	E	0.9151824609799839	main
ARREST_raw	ARREST	758	17600	E	0.9169194303784893	main
ARREST_raw	ARREST	758	17700	E	0.9186246978754884	main
ARREST_raw	ARREST	758	17800	E	0.9202987316892783	main
ARREST_raw	ARREST	758	17900	E	0.9219419963838024	main
ARREST_raw	ARREST	758	18000	E	0.9235549527874934	main
ARREST_raw	ARREST	758	18100	E	0.9251380579169659	main
ARREST_raw	ARREST	758	18200	E	0.9266917649054212	main
ARREST_raw	ARREST	758	18300	E	0.9282165229356295	main
ARREST_raw	ARREST	758	18400	E	0.92971277717736	main
ARREST_raw	ARREST	758	18500	E	0.9311809687291261	main
ARREST_raw	ARREST	758	18600	E	0.9326215345641212	main
ARREST_raw	ARREST	758	18700	E	0.9340349074802168	main
ARREST_raw	ARREST	758	18800	E	0.9354215160539016	main
ARREST_raw	ARREST	758	18900	E	0.9367817845980403	main
ARREST_raw	ARREST	758	19000	E	0.9381161331233316	main
ARREST_raw	ARREST	758	19100	E	0.9394249773033508	main
ARREST_raw	ARREST	758	19200	E	0.9407087284430606	main
ARREST_raw	ARREST	758	19300	E	0.9419677934506787	main
ARREST_raw	ARREST	758	19400	E	0.9432025748127919	main
ARREST_raw	ARREST	758	19500	E	0.9444134705726084	main
ARREST_raw	ARREST	758	19600	E	0.9456008743112428	main
ARREST_raw	ARREST	758	19700	E	0.9467651751319295	main
ARREST_raw	ARREST	758	19800	E	0.9479067576470622	main
ARREST_raw	ARREST	758	19900	E	0.9490260019679639	main
ARREST_raw	ARREST	758	20000	E	0.950123283697285	main
ARREST_raw	Edinburgh	458	100	E	0.01273376996506892	main
ARREST_raw	Edinburgh	458	200	E	0.015582286382147426	main
ARREST_raw	Edinburgh	458	300	E	0.018543794329702767	main
ARREST_raw	Edinburgh	458	400	E	0.021616496739247593	main
ARREST_raw	Edinburgh	458	500	E	0.024798557257898257	main
ARREST_raw	Edinburgh	458	600	E	0.02808810303441811	main
ARREST_raw	Edinburgh	458	700	E	0.031483227429425	main
ARREST_raw	Edinburgh	458	800	E	0.03498199265048774	main
ARREST_raw	Edinburgh	458	900	E	0.03858243231287872	main
ARREST_raw	Edinburgh	458	1000	E	0.042282553926784594	main
ARREST_raw	Edinburgh	458	1100	E	0.04608034131181482	main
ARREST_raw	Edinburgh	458	1200	E	0.04997375693967676	main
ARREST_raw	Edinburgh	458	1300	E	0.05396074420592012	main
ARREST_raw	Edinburgh	458	1400	E	0.05803922963167696	main
ARREST_raw	Edinburgh	458	1500	E	0.062207124996353835	main
ARREST_raw	Edinburgh	458	1600	E	0.06646232940224706	main
ARREST_raw	Edinburgh	458	1700	E	0.07080273127208503	main
ARREST_raw	Edinburgh	458	1800	E	0.07522621028050835	main
ARREST_raw	Edinburgh	458	1900	E	0.07973063922052437	main
ARREST_raw	Edinburgh	458	2000	E	0.08431388580598287	main
ARREST_raw	Edinburgh	458	2100	E	0.08897381441113439	main
ARREST_raw	Edinburgh	458	2200	E	0.09370828774834572	main
ARREST_raw	Edinburgh	458	2300	E	0.0985151684850536	main
ARREST_raw	Edinburgh	458	2400	E	0.10339232080104976	main
ARREST_raw	Edinburgh	458	2500	E	0.10833761188719515	main
ARREST_raw	Edinburgh	458	2600	E	0.11334891338666708	main
ARREST_raw	Edinburgh	458	2700	E	0.11842410277984716	main
ARREST_raw	Edinburgh	458	2800	E	0.12356106471396233	main
ARREST_raw	Edinburgh	458	2900	E	0.12875769227858835	main
ARREST_raw	Edinburgh	458	3000	E	0.1340118882281336	main
ARREST_raw	Edinburgh	458	3100	E	0.1393215661524102	main
ARREST_raw	Edinburgh	458	3200	E	0.1446846515964063	main
ARREST_raw	Edinburgh	458	3300	E	0.1500990831303678	main
ARREST_raw	Edinburgh	458	3400	E	0.15556281337129074	main
ARREST_raw	Edinburgh	458	3500	E	0.16107380995692844	main
ARREST_raw	Edinburgh	458	3600	E	0.1666300564734029	main
ARREST_raw	Edinburgh	458	3700	E	0.17222955333751355	main
ARREST_raw	Edinburgh	458	3800	E	0.17787031863482028	main
ARREST_raw	Edinburgh	458	3900	E	0.1835503889145782	main
ARREST_raw	Edinburgh	458	4000	E	0.18926781994258557	main
ARREST_raw	Edinburgh	458	4100	E	0.19502068741300504	main
ARREST_raw	Edinburgh	458	4200	E	0.20080708762020372	main
ARREST_raw	Edinburgh	458	4300	E	0.20662513809164684	main
ARREST_raw	Edinburgh	458	4400	E	0.21247297818287547	main
ARREST_raw	Edinburgh	458	4500	E	0.2183487696355798	main
ARREST_raw	Edinburgh	458	4600	E	0.2242506970997742	main
ARREST_raw	Edinburgh	458	4700	E	0.23017696862106551	main
ARREST_raw	Edinburgh	458	4800	E	0.23612581609399252	main
ARREST_raw	Edinburgh	458	4900	E	0.24209549568240774	main
ARREST_raw	Edinburgh	458	5000	E	0.2480842882078509	main
ARREST_raw	Edinburgh	458	5100	E	0.25409049950685914	main
ARREST_raw	Edinburgh	458	5200	E	0.2601124607581392	main
ARREST_raw	Edinburgh	458	5300	E	0.266148528780517	main
ARREST_raw	Edinburgh	458	5400	E	0.27219708630256256	main
ARREST_raw	Edinburgh	458	5500	E	0.2782565422047796	main
ARREST_raw	Edinburgh	458	5600	E	0.28432533173522745	main
ARREST_raw	Edinburgh	458	5700	E	0.2904019166994365	main
ARREST_raw	Edinburgh	458	5800	E	0.296484785625456	main
ARREST_raw	Edinburgh	458	5900	E	0.3025724539048674	main
ARREST_raw	Edinburgh	458	6000	E	0.30866346391057065	main
ARREST_raw	Edinburgh	458	6100	E	0.31475638509214854	main
ARREST_raw	Edinburgh	458	6200	E	0.32084981404958735	main
ARREST_raw	Edinburgh	458	6300	E	0.3269423745861274	main
ARREST_raw	Edinburgh	458	6400	E	0.3330327177409952	main
ARREST_raw	Edinburgh	458	6500	E	0.33911952180275606	main
ARREST_raw	Edinburgh	458	6600	E	0.3452014923040163	main
ARREST_raw	Edinburgh	458	6700	E	0.3512773619981767	main
ARREST_raw	Edinburgh	458	6800	E	0.3573458908189413	main
ARREST_raw	Edinburgh	458	6900	E	0.3634058658232546	main
ARREST_raw	Edinburgh	458	7000	E	0.3694561011183356	main
ARREST_raw	Edinburgh	458	7100	E	0.3754954377734625	main
ARREST_raw	Edinburgh	458	7200	E	0.38152274371713624	main
ARREST_raw	Edinburgh	458	7300	E	0.38753691362025566	main
ARREST_raw	Edinburgh	458	7400	E	0.3935368687659029	main
ARREST_raw	Edinburgh	458	7500	E	0.39952155690633795	main
ARREST_raw	Edinburgh	458	7600	E	0.40548995210777883	main
ARREST_raw	Edinburgh	458	7700	E	0.4114410545835352	main
ARREST_raw	Edinburgh	458	7800	E	0.4173738905160439	main
ARREST_raw	Edinburgh	458	7900	E	0.42328751186834956	main
ARREST_raw	Edinburgh	458	8000	E	0.42918099618554606	main
ARREST_raw	Edinburgh	458	8100	E	0.4350534463867014	main
ARREST_raw	Edinburgh	458	8200	E	0.44090399054775087	main
ARREST_raw	Edinburgh	458	8300	E	0.44673178167585437	main
ARREST_raw	Edinburgh	458	8400	E	0.4525359974756804	main
ARREST_raw	Edinburgh	458	8500	E	0.45831584010808346	main
ARREST_raw	Edinburgh	458	8600	E	0.4640705359416156	main
ARREST_raw	Edinburgh	458	8700	E	0.469799335297308	main
ARREST_raw	Edinburgh	458	8800	E	0.4755015121871421	main
ARREST_raw	Edinburgh	458	8900	E	0.48117636404662734	main
ARREST_raw	Edinburgh	458	9000	E	0.48682321146187046	main
ARREST_raw	Edinburgh	458	9100	E	0.49244139789153507	main
ARREST_raw	Edinburgh	458	9200	E	0.4980302893840568	main
ARREST_raw	Edinburgh	458	9300	E	0.5035892742904828	main
ARREST_raw	Edinburgh	458	9400	E	0.5091177629732854	main
ARREST_raw	Edinburgh	458	9500	E	0.5146151875114896	main
ARREST_raw	Edinburgh	458	9600	E	0.5200810014024473	main
ARREST_raw	Edinburgh	458	9700	E	0.525514679260578	main
ARREST_raw	Edinburgh	458	9800	E	0.5309157165133811	main
ARREST_raw	Edinburgh	458	9900	E	0.5362836290950264	main
ARREST_raw	Edinburgh	458	10000	E	0.5416179531378049	main
ARREST_raw	Edinburgh	458	10100	E	0.5469182446617231	main
ARREST_raw	Edinburgh	458	10200	E	0.5521840792625105	main
ARREST_raw	Edinburgh	458	10300	E	0.5574150517982988	main
ARREST_raw	Edinburgh	458	10400	E	0.5626107760752266	main
ARREST_raw	Edinburgh	458	10500	E	0.5677708845322098	main
ARREST_raw	Edinburgh	458	10600	E	0.572895027925112	main
ARREST_raw	Edinburgh	458	10700	E	0.5779828750105387	main
ARREST_raw	Edinburgh	458	10800	E	0.5830341122294727	main
ARREST_raw	Edinburgh	458	10900	E	0.5880484433909596	main
ARREST_raw	Edinburgh	458	11000	E	0.5930255893560379	main
ARREST_raw	Edinburgh	458	11100	E	0.5979652877221139	main
ARREST_raw	Edinburgh	458	11200	E	0.602867292507958	main
ARREST_raw	Edinburgh	458	11300	E	0.6077313738395053	main
ARREST_raw	Edinburgh	458	11400	E	0.6125573176366242	main
ARREST_raw	Edinburgh	458	11500	E	0.6173449253010195	main
ARREST_raw	Edinburgh	458	11600	E	0.6220940134054221	main
ARREST_raw	Edinburgh	458	11700	E	0.6268044133842177	main
ARREST_raw	Edinburgh	458	11800	E	0.631475971225649	main
ARREST_raw	Edinburgh	458	11900	E	0.6361085471657342	main
ARREST_raw	Edinburgh	458	12000	E	0.6407020153840257	main
ARREST_raw	Edinburgh	458	12100	E	0.6452562637013337	main
ARREST_raw	Edinburgh	458	12200	E	0.6497711932795275	main
ARREST_raw	Edinburgh	458	12300	E	0.654246718323534	main
ARREST_raw	Edinburgh	458	12400	E	0.658682765785626	main
ARREST_raw	Edinburgh	458	12500	E	0.6630792750721108	main
ARREST_raw	Edinburgh	458	12600	E	0.667436197752507	main
ARREST_raw	Edinburgh	458	12700	E	0.6717534972712982	main
ARREST_raw	Edinburgh	458	12800	E	0.6760311486623539	main
ARREST_raw	Edinburgh	458	12900	E	0.6802691382660855	main
ARREST_raw	Edinburgh	458	13000	E	0.6844674634494221	main
ARREST_raw	Edinburgh	458	13100	E	0.6886261323286684	main
ARREST_raw	Edinburgh	458	13200	E	0.692745163495312	main
ARREST_raw	Edinburgh	458	13300	E	0.6968245857448401	main
ARREST_raw	Edinburgh	458	13400	E	0.7008644378086248	main
ARREST_raw	Edinburgh	458	13500	E	0.7048647680889211	main
ARREST_raw	Edinburgh	458	13600	E	0.7088256343970345	main
ARREST_raw	Edinburgh	458	13700	E	0.7127471036946975	main
ARREST_raw	Edinburgh	458	13800	E	0.7166292518386966	main
ARREST_raw	Edinburgh	458	13900	E	0.7204721633287865	main
ARREST_raw	Edinburgh	458	14000	E	0.7242759310589242	main
ARREST_raw	Edinburgh	458	14100	E	0.7280406560718542	main
ARREST_raw	Edinburgh	458	14200	E	0.731766447317072	main
ARREST_raw	Edinburgh	458	14300	E	0.7354534214121846	main
ARREST_raw	Edinburgh	458	14400	E	0.7391017024076962	main
ARREST_raw	Edinburgh	458	14500	E	0.7427114215552302	main
ARREST_raw	Edinburgh	458	14600	E	0.7462827170792035	main
ARREST_raw	Edinburgh	458	14700	E	0.7498157339519702	main
ARREST_raw	Edinburgh	458	14800	E	0.7533106236724335	main
ARREST_raw	Edinburgh	458	14900	E	0.756767544048145	main
ARREST_raw	Edinburgh	458	15000	E	0.760186658980884	main
ARREST_raw	Edinburgh	458	15100	E	0.7635681382557306	main
ARREST_raw	Edinburgh	458	15200	E	0.7669121573336187	main
ARREST_raw	Edinburgh	458	15300	E	0.7702188971473816	main
ARREST_raw	Edinburgh	458	15400	E	0.7734885439012713	main
ARREST_raw	Edinburgh	458	15500	E	0.7767212888739556	main
ARREST_raw	Edinburgh	458	15600	E	0.7799173282249794	main
ARREST_raw	Edinburgh	458	15700	E	0.7830768628046821	main
ARREST_raw	Edinburgh	458	15800	E	0.7862000979675567	main
ARREST_raw	Edinburgh	458	15900	E	0.7892872433890388	main
ARREST_raw	Edinburgh	458	16000	E	0.7923385128857117	main
ARREST_raw	Edinburgh	458	16100	E	0.7953541242389071	main
ARREST_raw	Edinburgh	458	16200	E	0.7983342990216857	main
ARREST_raw	Edinburgh	458	16300	E	0.8012792624291782	main
ARREST_raw	Edinburgh	458	16400	E	0.8041892431122633	main
ARREST_raw	Edinburgh	458	16500	E	0.8070644730145649	main
ARREST_raw	Edinburgh	458	16600	E	0.8099051872127396	main
ARREST_raw	Edinburgh	458	16700	E	0.8127116237600361	main
ARREST_raw	Edinburgh	458	16800	E	0.8154840235330941	main
ARREST_raw	Edinburgh	458	16900	E	0.8182226300819637	main
ARREST_raw	Edinburgh	458	17000	E	0.8209276894833107	main
ARREST_raw	Edinburgh	458	17100	E	0.8235994501967836	main
ARREST_raw	Edinburgh	458	17200	E	0.8262381629245131	main
ARREST_raw	Edinburgh	458	17300	E	0.8288440804737118	main
ARREST_raw	Edinburgh	458	17400	E	0.8314174576223439	main
ARREST_raw	Edinburgh	458	17500	E	0.8339585509878351	main
ARREST_raw	Edinburgh	458	17600	E	0.8364676188987896	main
ARREST_raw	Edinburgh	458	17700	E	0.8389449212696799	main
ARREST_raw	Edinburgh	458	17800	E	0.8413907194784784	main
ARREST_raw	Edinburgh	458	17900	E	0.8438052762471967	main
ARREST_raw	Edinburgh	458	18000	E	0.8461888555252962	main
ARREST_raw	Edinburgh	458	18100	E	0.8485417223759387	main
ARREST_raw	Edinburgh	458	18200	E	0.8508641428650384	main
ARREST_raw	Edinburgh	458	18300	E	0.8531563839530818	main
ARREST_raw	Edinburgh	458	18400	E	0.8554187133896815	main
ARREST_raw	Edinburgh	458	18500	E	0.8576513996108217	main
ARREST_raw	Edinburgh	458	18600	E	0.8598547116387675	main
ARREST_raw	Edinburgh	458	18700	E	0.8620289189845947	main
ARREST_raw	Edinburgh	458	18800	E	0.864174291553306	main
ARREST_raw	Edinburgh	458	18900	E	0.8662910995514976	main
ARREST_raw	Edinburgh	458	19000	E	0.8683796133975372	main
ARREST_raw	Edinburgh	458	19100	E	0.8704401036342179	main
ARREST_raw	Edinburgh	458	19200	E	0.8724728408438502	main
ARREST_raw	Edinburgh	458	19300	E	0.8744780955657543	main
ARREST_raw	Edinburgh	458	19400	E	0.8764561382161178	main
ARREST_raw	Edinburgh	458	19500	E	0.878407239010177	main
ARREST_raw	Edinburgh	458	19600	E	0.8803316678866913	main
ARREST_raw	Edinburgh	458	19700	E	0.8822296944346653	main
ARREST_raw	Edinburgh	458	19800	E	0.8841015878222901	main
ARREST_raw	Edinburgh	458	19900	E	0.8859476167280604	main
ARREST_raw	Edinburgh	458	20000	E	0.8877680492740323	main
ARREST_raw	Edinburgh 2	463	100	E	0.011861864298077895	main
ARREST_raw	Edinburgh 2	463	200	E	0.013777923149029148	main
ARREST_raw	Edinburgh 2	463	300	E	0.015747617637144384	main
ARREST_raw	Edinburgh 2	463	400	E	0.0177703791288637	main
ARREST_raw	Edinburgh 2	463	500	E	0.019845629715610658	main
ARREST_raw	Edinburgh 2	463	600	E	0.021972782648616462	main
ARREST_raw	Edinburgh 2	463	700	E	0.02415124276577707	main
ARREST_raw	Edinburgh 2	463	800	E	0.026380406910592957	main
ARREST_raw	Edinburgh 2	463	900	E	0.028659664343239633	main
ARREST_raw	Edinburgh 2	463	1000	E	0.03098839714381918	main
ARREST_raw	Edinburgh 2	463	1100	E	0.03336598060785012	main
ARREST_raw	Edinburgh 2	463	1200	E	0.03579178363404667	main
ARREST_raw	Edinburgh 2	463	1300	E	0.03826516910444755	main
ARREST_raw	Edinburgh 2	463	1400	E	0.040785494256953325	main
ARREST_raw	Edinburgh 2	463	1500	E	0.04335211105033021	main
ARREST_raw	Edinburgh 2	463	1600	E	0.04596436652174585	main
ARREST_raw	Edinburgh 2	463	1700	E	0.04862160313689923	main
ARREST_raw	Edinburgh 2	463	1800	E	0.05132315913280883	main
ARREST_raw	Edinburgh 2	463	1900	E	0.054068368853327886	main
ARREST_raw	Edinburgh 2	463	2000	E	0.05685656307745124	main
ARREST_raw	Edinburgh 2	463	2100	E	0.05968706934048562	main
ARREST_raw	Edinburgh 2	463	2200	E	0.06255921224815053	main
ARREST_raw	Edinburgh 2	463	2300	E	0.06547231378368279	main
ARREST_raw	Edinburgh 2	463	2400	E	0.06842569360801509	main
ARREST_raw	Edinburgh 2	463	2500	E	0.07141866935310115	main
ARREST_raw	Edinburgh 2	463	2600	E	0.0744505569084628	main
ARREST_raw	Edinburgh 2	463	2700	E	0.07752067070103141	main
ARREST_raw	Edinburgh 2	463	2800	E	0.08062832396835873	main
ARREST_raw	Edinburgh 2	463	2900	E	0.08377282902527405	main
ARREST_raw	Edinburgh 2	463	3000	E	0.08695349752406267	main
ARREST_raw	Edinburgh 2	463	3100	E	0.09016964070824296	main
ARREST_raw	Edinburgh 2	463	3200	E	0.09342056966001855	main
ARREST_raw	Edinburgh 2	463	3300	E	0.09670559554148417	main
ARREST_raw	Edinburgh 2	463	3400	E	0.10002402982966319	main
ARREST_raw	Edinburgh 2	463	3500	E	0.10337518454545236	main
ARREST_raw	Edinburgh 2	463	3600	E	0.10675837247655728	main
ARREST_raw	Edinburgh 2	463	3700	E	0.11017290739449292	main
ARREST_raw	Edinburgh 2	463	3800	E	0.11361810426573005	main
ARREST_raw	Edinburgh 2	463	3900	E	0.1170932794570666	main
ARREST_raw	Edinburgh 2	463	4000	E	0.12059775093530367	main
ARREST_raw	Edinburgh 2	463	4100	E	0.12413083846130346	main
ARREST_raw	Edinburgh 2	463	4200	E	0.12769186377851038	main
ARREST_raw	Edinburgh 2	463	4300	E	0.13128015079601463	main
ARREST_raw	Edinburgh 2	463	4400	E	0.13489502576623558	main
ARREST_raw	Edinburgh 2	463	4500	E	0.13853581745730514	main
ARREST_raw	Edinburgh 2	463	4600	E	0.14220185732023205	main
ARREST_raw	Edinburgh 2	463	4700	E	0.14589247965092156	main
ARREST_raw	Edinburgh 2	463	4800	E	0.14960702174713325	main
ARREST_raw	Edinburgh 2	463	4900	E	0.15334482406045347	main
ARREST_raw	Edinburgh 2	463	5000	E	0.15710523034336044	main
ARREST_raw	Edinburgh 2	463	5100	E	0.1608875877914614	main
ARREST_raw	Edinburgh 2	463	5200	E	0.16469124718097772	main
ARREST_raw	Edinburgh 2	463	5300	E	0.16851556300155557	main
ARREST_raw	Edinburgh 2	463	5400	E	0.17235989358448034	main
ARREST_raw	Edinburgh 2	463	5500	E	0.17622360122637115	main
ARREST_raw	Edinburgh 2	463	5600	E	0.1801060523084288	main
ARREST_raw	Edinburgh 2	463	5700	E	0.18400661741131719	main
ARREST_raw	Edinburgh 2	463	5800	E	0.18792467142575098	main
ARREST_raw	Edinburgh 2	463	5900	E	0.19185959365886418	main
ARREST_raw	Edinburgh 2	463	6000	E	0.19581076793643604	main
ARREST_raw	Edinburgh 2	463	6100	E	0.19977758270104584	main
ARREST_raw	Edinburgh 2	463	6200	E	0.20375943110623085	main
ARREST_raw	Edinburgh 2	463	6300	E	0.2077557111067213	main
ARREST_raw	Edinburgh 2	463	6400	E	0.2117658255448237	main
ARREST_raw	Edinburgh 2	463	6500	E	0.2157891822330239	main
ARREST_raw	Edinburgh 2	463	6600	E	0.21982519403288225	main
ARREST_raw	Edinburgh 2	463	6700	E	0.22387327893028963	main
ARREST_raw	Edinburgh 2	463	6800	E	0.22793286010715852	main
ARREST_raw	Edinburgh 2	463	6900	E	0.23200336600961124	main
ARREST_raw	Edinburgh 2	463	7000	E	0.23608423041274207	main
ARREST_raw	Edinburgh 2	463	7100	E	0.24017489248201707	main
ARREST_raw	Edinburgh 2	463	7200	E	0.24427479683137798	main
ARREST_raw	Edinburgh 2	463	7300	E	0.2483833935781221	main
ARREST_raw	Edinburgh 2	463	7400	E	0.2525001383946185	main
ARREST_raw	Edinburgh 2	463	7500	E	0.25662449255693043	main
ARREST_raw	Edinburgh 2	463	7600	E	0.26075592299040695	main
ARREST_raw	Edinburgh 2	463	7700	E	0.26489390231230747	main
ARREST_raw	Edinburgh 2	463	7800	E	0.26903790887152546	main
ARREST_raw	Edinburgh 2	463	7900	E	0.2731874267854699	main
ARREST_raw	Edinburgh 2	463	8000	E	0.2773419459741713	main
ARREST_raw	Edinburgh 2	463	8100	E	0.281500962191668	main
ARREST_raw	Edinburgh 2	463	8200	E	0.28566397705474156	main
ARREST_raw	Edinburgh 2	463	8300	E	0.2898304980690519	main
ARREST_raw	Edinburgh 2	463	8400	E	0.2940000386527397	main
ARREST_raw	Edinburgh 2	463	8500	E	0.2981721181575474	main
ARREST_raw	Edinburgh 2	463	8600	E	0.302346261887525	main
ARREST_raw	Edinburgh 2	463	8700	E	0.3065220011153681	main
ARREST_raw	Edinburgh 2	463	8800	E	0.31069887309645383	main
ARREST_raw	Edinburgh 2	463	8900	E	0.3148764210806235	main
ARREST_raw	Edinburgh 2	463	9000	E	0.3190541943217713	main
ARREST_raw	Edinburgh 2	463	9100	E	0.32323174808528954	main
ARREST_raw	Edinburgh 2	463	9200	E	0.3274086436534288	main
ARREST_raw	Edinburgh 2	463	9300	E	0.3315844483286212	main
ARREST_raw	Edinburgh 2	463	9400	E	0.3357587354348206	main
ARREST_raw	Edinburgh 2	463	9500	E	0.33993108431691177	main
ARREST_raw	Edinburgh 2	463	9600	E	0.3441010803382393	main
ARREST_raw	Edinburgh 2	463	9700	E	0.3482683148763037	main
ARREST_raw	Edinburgh 2	463	9800	E	0.35243238531667687	main
ARREST_raw	Edinburgh 2	463	9900	E	0.35659289504518343	main
ARREST_raw	Edinburgh 2	463	10000	E	0.36074945343839737	main
ARREST_raw	Edinburgh 2	463	10100	E	0.36490167585249855	main
ARREST_raw	Edinburgh 2	463	10200	E	0.36904918361053785	main
ARREST_raw	Edinburgh 2	463	10300	E	0.3731916039881562	main
ARREST_raw	Edinburgh 2	463	10400	E	0.37732857019779964	main
ARREST_raw	Edinburgh 2	463	10500	E	0.3814597213714793	main
ARREST_raw	Edinburgh 2	463	10600	E	0.38558470254211563	main
ARREST_raw	Edinburgh 2	463	10700	E	0.38970316462351096	main
ARREST_raw	Edinburgh 2	463	10800	E	0.3938147643889961	main
ARREST_raw	Edinburgh 2	463	10900	E	0.3979191644487845	main
ARREST_raw	Edinburgh 2	463	11000	E	0.40201603322608226	main
ARREST_raw	Edinburgh 2	463	11100	E	0.4061050449319912	main
ARREST_raw	Edinburgh 2	463	11200	E	0.410185879539243	main
ARREST_raw	Edinburgh 2	463	11300	E	0.4142582227548066	main
ARREST_raw	Edinburgh 2	463	11400	E	0.41832176599140225	main
ARREST_raw	Edinburgh 2	463	11500	E	0.42237620633796347	main
ARREST_raw	Edinburgh 2	463	11600	E	0.42642124652908264	main
ARREST_raw	Edinburgh 2	463	11700	E	0.4304565949134763	main
ARREST_raw	Edinburgh 2	463	11800	E	0.4344819654215034	main
ARREST_raw	Edinburgh 2	463	11900	E	0.4384970775317749	main
ARREST_raw	Edinburgh 2	463	12000	E	0.442501656236887	main
ARREST_raw	Edinburgh 2	463	12100	E	0.4464954320083112	main
ARREST_raw	Edinburgh 2	463	12200	E	0.45047814076047477	main
ARREST_raw	Edinburgh 2	463	12300	E	0.45444952381406367	main
ARREST_raw	Edinburgh 2	463	12400	E	0.4584093278585799	main
ARREST_raw	Edinburgh 2	463	12500	E	0.4623573049141839	main
ARREST_raw	Edinburgh 2	463	12600	E	0.4662932122928536	main
ARREST_raw	Edinburgh 2	463	12700	E	0.4702168125588865	main
ARREST_raw	Edinburgh 2	463	12800	E	0.47412787348878016	main
ARREST_raw	Edinburgh 2	463	12900	E	0.4780261680305139	main
ARREST_raw	Edinburgh 2	463	13000	E	0.48191147426226266	main
ARREST_raw	Edinburgh 2	463	13100	E	0.4857835753505707	main
ARREST_raw	Edinburgh 2	463	13200	E	0.489642259508011	main
ARREST_raw	Edinburgh 2	463	13300	E	0.4934873199503571	main
ARREST_raw	Edinburgh 2	463	13400	E	0.4973185548532958	main
ARREST_raw	Edinburgh 2	463	13500	E	0.5011357673086995	main
ARREST_raw	Edinburgh 2	463	13600	E	0.5049387652804913	main
ARREST_raw	Edinburgh 2	463	13700	E	0.5087273615601213	main
ARREST_raw	Edinburgh 2	463	13800	E	0.5125013737216793	main
ARREST_raw	Edinburgh 2	463	13900	E	0.5162606240766683	main
ARREST_raw	Edinburgh 2	463	14000	E	0.5200049396284603	main
ARREST_raw	Edinburgh 2	463	14100	E	0.5237341520264567	main
ARREST_raw	Edinburgh 2	463	14200	E	0.5274480975199749	main
ARREST_raw	Edinburgh 2	463	14300	E	0.531146616911885	main
ARREST_raw	Edinburgh 2	463	14400	E	0.5348295555120108	main
ARREST_raw	Edinburgh 2	463	14500	E	0.5384967630903237	main
ARREST_raw	Edinburgh 2	463	14600	E	0.542148093829941	main
ARREST_raw	Edinburgh 2	463	14700	E	0.5457834062799565	main
ARREST_raw	Edinburgh 2	463	14800	E	0.5494025633081137	main
ARREST_raw	Edinburgh 2	463	14900	E	0.5530054320533456	main
ARREST_raw	Edinburgh 2	463	15000	E	0.5565918838781977	main
ARREST_raw	Edinburgh 2	463	15100	E	0.5601617943211501	main
ARREST_raw	Edinburgh 2	463	15200	E	0.5637150430488591	main
ARREST_raw	Edinburgh 2	463	15300	E	0.5672515138083294	main
ARREST_raw	Edinburgh 2	463	15400	E	0.5707710943790409	main
ARREST_raw	Edinburgh 2	463	15500	E	0.5742736765250378	main
ARREST_raw	Edinburgh 2	463	15600	E	0.5777591559469999	main
ARREST_raw	Edinburgh 2	463	15700	E	0.5812274322343121	main
ARREST_raw	Edinburgh 2	463	15800	E	0.5846784088171421	main
ARREST_raw	Edinburgh 2	463	15900	E	0.5881119929185452	main
ARREST_raw	Edinburgh 2	463	16000	E	0.5915280955066063	main
ARREST_raw	Edinburgh 2	463	16100	E	0.5949266312466357	main
ARREST_raw	Edinburgh 2	463	16200	E	0.5983075184534279	main
ARREST_raw	Edinburgh 2	463	16300	E	0.6016706790436015	main
ARREST_raw	Edinburgh 2	463	16400	E	0.6050160384880268	main
ARREST_raw	Edinburgh 2	463	16500	E	0.6083435257643539	main
ARREST_raw	Edinburgh 2	463	16600	E	0.6116530733096615	main
ARREST_raw	Edinburgh 2	463	16700	E	0.6149446169732209	main
ARREST_raw	Edinburgh 2	463	16800	E	0.6182180959694046	main
ARREST_raw	Edinburgh 2	463	16900	E	0.621473452830735	main
ARREST_raw	Edinburgh 2	463	17000	E	0.6247106333610948	main
ARREST_raw	Edinburgh 2	463	17100	E	0.6279295865890993	main
ARREST_raw	Edinburgh 2	463	17200	E	0.6311302647216483	main
ARREST_raw	Edinburgh 2	463	17300	E	0.6343126230976626	main
ARREST_raw	Edinburgh 2	463	17400	E	0.6374766201420135	main
ARREST_raw	Edinburgh 2	463	17500	E	0.6406222173196585	main
ARREST_raw	Edinburgh 2	463	17600	E	0.6437493790899844	main
ARREST_raw	Edinburgh 2	463	17700	E	0.6468580728613749	main
ARREST_raw	Edinburgh 2	463	17800	E	0.6499482689460011	main
ARREST_raw	Edinburgh 2	463	17900	E	0.6530199405148513	main
ARREST_raw	Edinburgh 2	463	18000	E	0.6560730635529977	main
ARREST_raw	Edinburgh 2	463	18100	E	0.6591076168151195	main
ARREST_raw	Edinburgh 2	463	18200	E	0.6621235817812758	main
ARREST_raw	Edinburgh 2	463	18300	E	0.6651209426129436	main
ARREST_raw	Edinburgh 2	463	18400	E	0.668099686109325	main
ARREST_raw	Edinburgh 2	463	18500	E	0.6710598016639289	main
ARREST_raw	Edinburgh 2	463	18600	E	0.6740012812214313	main
ARREST_raw	Edinburgh 2	463	18700	E	0.6769241192348253	main
ARREST_raw	Edinburgh 2	463	18800	E	0.6798283126228584	main
ARREST_raw	Edinburgh 2	463	18900	E	0.6827138607277681	main
ARREST_raw	Edinburgh 2	463	19000	E	0.6855807652733197	main
ARREST_raw	Edinburgh 2	463	19100	E	0.6884290303231471	main
ARREST_raw	Edinburgh 2	463	19200	E	0.6912586622394057	main
ARREST_raw	Edinburgh 2	463	19300	E	0.6940696696417381	main
ARREST_raw	Edinburgh 2	463	19400	E	0.6968620633665611	main
ARREST_raw	Edinburgh 2	463	19500	E	0.6996358564266696	main
ARREST_raw	Edinburgh 2	463	19600	E	0.7023910639711701	main
ARREST_raw	Edinburgh 2	463	19700	E	0.7051277032457428	main
ARREST_raw	Edinburgh 2	463	19800	E	0.7078457935532336	main
ARREST_raw	Edinburgh 2	463	19900	E	0.7105453562145831	main
ARREST_raw	Edinburgh 2	463	20000	E	0.7132264145300928	main
ARREST_raw	IDISA	490	100	E	0.02224259019941932	main
ARREST_raw	IDISA	490	200	E	0.03640636356687743	main
ARREST_raw	IDISA	490	300	E	0.05234865058341698	main
ARREST_raw	IDISA	490	400	E	0.06991890255615463	main
ARREST_raw	IDISA	490	500	E	0.08896166306539799	main
ARREST_raw	IDISA	490	600	E	0.10931916436474376	main
ARREST_raw	IDISA	490	700	E	0.13083357200712187	main
ARREST_raw	IDISA	490	800	E	0.15334890233159792	main
ARREST_raw	IDISA	490	900	E	0.17671263815140015	main
ARREST_raw	IDISA	490	1000	E	0.20077706815035445	main
ARREST_raw	IDISA	490	1100	E	0.22540037522521716	main
ARREST_raw	IDISA	490	1200	E	0.25044749839450076	main
ARREST_raw	IDISA	490	1300	E	0.2757907920073426	main
ARREST_raw	IDISA	490	1400	E	0.30131050489490285	main
ARREST_raw	IDISA	490	1500	E	0.326895100868028	main
ARREST_raw	IDISA	490	1600	E	0.3524414406260785	main
ARREST_raw	IDISA	490	1700	E	0.37785484374273903	main
ARREST_raw	IDISA	490	1800	E	0.40304904796830265	main
ARREST_raw	IDISA	490	1900	E	0.4279460816613645	main
ARREST_raw	IDISA	490	2000	E	0.4524760637578351	main
ARREST_raw	IDISA	490	2100	E	0.4765769443189223	main
ARREST_raw	IDISA	490	2200	E	0.5001941973855498	main
ARREST_raw	IDISA	490	2300	E	0.5232804766145358	main
ARREST_raw	IDISA	490	2400	E	0.5457952429888643	main
ARREST_raw	IDISA	490	2500	E	0.5677043727852904	main
ARREST_raw	IDISA	490	2600	E	0.5889797529499704	main
ARREST_raw	IDISA	490	2700	E	0.60959887007795	main
ARREST_raw	IDISA	490	2800	E	0.6295443983148015	main
ARREST_raw	IDISA	490	2900	E	0.6488037906971442	main
ARREST_raw	IDISA	490	3000	E	0.6673688777209565	main
ARREST_raw	IDISA	490	3100	E	0.6852354762696116	main
ARREST_raw	IDISA	490	3200	E	0.7024030114440374	main
ARREST_raw	IDISA	490	3300	E	0.7188741533116348	main
ARREST_raw	IDISA	490	3400	E	0.7346544701245658	main
ARREST_raw	IDISA	490	3500	E	0.7497520991477366	main
ARREST_raw	IDISA	490	3600	E	0.7641774358780902	main
ARREST_raw	IDISA	490	3700	E	0.7779428421255914	main
ARREST_raw	IDISA	490	3800	E	0.79106237315856	main
ARREST_raw	IDISA	490	3900	E	0.8035515238878405	main
ARREST_raw	IDISA	490	4000	E	0.8154269938719991	main
ARREST_raw	IDISA	490	4100	E	0.8267064707657164	main
ARREST_raw	IDISA	490	4200	E	0.8374084317024578	main
ARREST_raw	IDISA	490	4300	E	0.8475519619971836	main
ARREST_raw	IDISA	490	4400	E	0.8571565904723675	main
ARREST_raw	IDISA	490	4500	E	0.8662421406481948	main
ARREST_raw	IDISA	490	4600	E	0.8748285969929899	main
ARREST_raw	IDISA	490	4700	E	0.8829359854003758	main
ARREST_raw	IDISA	490	4800	E	0.8905842670432701	main
ARREST_raw	IDISA	490	4900	E	0.8977932447496834	main
ARREST_raw	IDISA	490	5000	E	0.9045824810496517	main
ARREST_raw	IDISA	490	5100	E	0.9109712270549706	main
ARREST_raw	IDISA	490	5200	E	0.9169783613522984	main
ARREST_raw	IDISA	490	5300	E	0.9226223381144308	main
ARREST_raw	IDISA	490	5400	E	0.9279211436630155	main
ARREST_raw	IDISA	490	5500	E	0.9328922607477153	main
ARREST_raw	IDISA	490	5600	E	0.9375526398409927	main
ARREST_raw	IDISA	490	5700	E	0.9419186767835397	main
ARREST_raw	IDISA	490	5800	E	0.9460061961522925	main
ARREST_raw	IDISA	490	5900	E	0.9498304397603949	main
ARREST_raw	IDISA	490	6000	E	0.9534060597359526	main
ARREST_raw	IDISA	490	6100	E	0.9567471156635681	main
ARREST_raw	IDISA	490	6200	E	0.9598670753091316	main
ARREST_raw	IDISA	490	6300	E	0.9627788184839233	main
ARREST_raw	IDISA	490	6400	E	0.9654946436385112	main
ARREST_raw	IDISA	490	6500	E	0.9680262768100906	main
ARREST_raw	IDISA	490	6600	E	0.9703848825786251	main
ARREST_raw	IDISA	490	6700	E	0.972581076717374	main
ARREST_raw	IDISA	490	6800	E	0.9746249402520257	main
ARREST_raw	IDISA	490	6900	E	0.9765260346696959	main
ARREST_raw	IDISA	490	7000	E	0.9782934180444641	main
ARREST_raw	IDISA	490	7100	E	0.979935661869918	main
ARREST_raw	IDISA	490	7200	E	0.9814608684113796	main
ARREST_raw	IDISA	490	7300	E	0.9828766884111318	main
ARREST_raw	IDISA	490	7400	E	0.9841903389990857	main
ARREST_raw	IDISA	490	7500	E	0.985408621678987	main
ARREST_raw	IDISA	490	7600	E	0.9865379402765134	main
ARREST_raw	IDISA	490	7700	E	0.9875843187505146	main
ARREST_raw	IDISA	490	7800	E	0.9885534187822766	main
ARREST_raw	IDISA	490	7900	E	0.9894505570701038	main
ARREST_raw	IDISA	490	8000	E	0.9902807222677822	main
ARREST_raw	IDISA	490	8100	E	0.9910485915156926	main
ARREST_raw	IDISA	490	8200	E	0.99175854652253	main
ARREST_raw	IDISA	490	8300	E	0.9924146891638489	main
ARREST_raw	IDISA	490	8400	E	0.9930208565710393	main
ARREST_raw	IDISA	490	8500	E	0.9935806356909216	main
ARREST_raw	IDISA	490	8600	E	0.9940973773019808	main
ARREST_raw	IDISA	490	8700	E	0.9945742094784161	main
ARREST_raw	IDISA	490	8800	E	0.9950140504976945	main
ARREST_raw	IDISA	490	8900	E	0.9954196211912474	main
ARREST_raw	IDISA	490	9000	E	0.995793456741362	main
ARREST_raw	IDISA	490	9100	E	0.9961379179302634	main
ARREST_raw	IDISA	490	9200	E	0.9964552018498819	main
ARREST_raw	IDISA	490	9300	E	0.9967473520829208	main
ARREST_raw	IDISA	490	9400	E	0.9970162683675962	main
ARREST_raw	IDISA	490	9500	E	0.9972637157598653	main
ARREST_raw	IDISA	490	9600	E	0.9974913333081176	main
ARREST_raw	IDISA	490	9700	E	0.997700642256215	main
ARREST_raw	IDISA	490	9800	E	0.9978930537914468	main
ARREST_raw	IDISA	490	9900	E	0.9980698763544502	main
ARREST_raw	IDISA	490	10000	E	0.9982323225284644	main
ARREST_raw	IDISA	490	10100	E	0.9983815155254374	main
ARREST_raw	IDISA	490	10200	E	0.9985184952865396	main
ARREST_raw	IDISA	490	10300	E	0.998644224214546	main
ARREST_raw	IDISA	490	10400	E	0.9987595925553673	main
ARREST_raw	IDISA	490	10500	E	0.998865423445741	main
ARREST_raw	IDISA	490	10600	E	0.9989624776437573	main
ARREST_raw	IDISA	490	10700	E	0.9990514579584984	main
ARREST_raw	IDISA	490	10800	E	0.9991330133946282	main
ARREST_raw	IDISA	490	10900	E	0.9992077430272908	main
ARREST_raw	IDISA	490	11000	E	0.999276199622162	main
ARREST_raw	IDISA	490	11100	E	0.9993388930149745	main
ARREST_raw	IDISA	490	11200	E	0.9993962932642844	main
ARREST_raw	IDISA	490	11300	E	0.9994488335906931	main
ARREST_raw	IDISA	490	11400	E	0.9994969131151802	main
ARREST_raw	IDISA	490	11500	E	0.9995408994086361	main
ARREST_raw	IDISA	490	11600	E	0.9995811308641339	main
ARREST_raw	IDISA	490	11700	E	0.99961791890292	main
ARREST_raw	IDISA	490	11800	E	0.9996515500245667	main
ARREST_raw	IDISA	490	11900	E	0.9996822877111995	main
ARREST_raw	IDISA	490	12000	E	0.9997103741951889	main
ARREST_raw	IDISA	490	12100	E	0.9997360320992013	main
ARREST_raw	IDISA	490	12200	E	0.9997594659570106	main
ARREST_raw	IDISA	490	12300	E	0.9997808636230056	main
ARREST_raw	IDISA	490	12400	E	0.9998003975778731	main
ARREST_raw	IDISA	490	12500	E	0.999818226137503	main
ARREST_raw	IDISA	490	12600	E	0.9998344945717453	main
ARREST_raw	IDISA	490	12700	E	0.9998493361392478	main
ARREST_raw	IDISA	490	12800	E	0.9998628730442248	main
ARREST_raw	IDISA	490	12900	E	0.9998752173206455	main
ARREST_raw	IDISA	490	13000	E	0.9998864716489814	main
ARREST_raw	IDISA	490	13100	E	0.9998967301103294	main
ARREST_raw	IDISA	490	13200	E	0.999906078882416	main
ARREST_raw	IDISA	490	13300	E	0.9999145968816895	main
ARREST_raw	IDISA	490	13400	E	0.9999223563554371	main
ARREST_raw	IDISA	490	13500	E	0.9999294234275945	main
ARREST_raw	IDISA	490	13600	E	0.9999358586016716	main
ARREST_raw	IDISA	490	13700	E	0.9999417172239845	main
ARREST_raw	IDISA	490	13800	E	0.9999470499101653	main
ARREST_raw	IDISA	490	13900	E	0.999951902937713	main
ARREST_raw	IDISA	490	14000	E	0.9999563186071584	main
ARREST_raw	IDISA	490	14100	E	0.9999603355742326	main
ARREST_raw	IDISA	490	14200	E	0.9999639891552589	main
ARREST_raw	IDISA	490	14300	E	0.9999673116078293	main
ARREST_raw	IDISA	490	14400	E	0.9999703323886788	main
ARREST_raw	IDISA	490	14500	E	0.9999730783905295	main
ARREST_raw	IDISA	490	14600	E	0.9999755741595479	main
ARREST_raw	IDISA	490	14700	E	0.9999778420949377	main
ARREST_raw	IDISA	490	14800	E	0.9999799026320791	main
ARREST_raw	IDISA	490	14900	E	0.9999817744105146	main
ARREST_raw	IDISA	490	15000	E	0.999983474427991	main
ARREST_raw	IDISA	490	15100	E	0.9999850181816702	main
ARREST_raw	IDISA	490	15200	E	0.9999864197975394	main
ARREST_raw	IDISA	490	15300	E	0.9999876921489732	main
ARREST_raw	IDISA	490	15400	E	0.9999888469653216	main
ARREST_raw	IDISA	490	15500	E	0.9999898949313405	main
ARREST_raw	IDISA	490	15600	E	0.9999908457782051	main
ARREST_raw	IDISA	490	15700	E	0.9999917083668008	main
ARREST_raw	IDISA	490	15800	E	0.9999924907639224	main
ARREST_raw	IDISA	490	15900	E	0.999993200311969	main
ARREST_raw	IDISA	490	16000	E	0.9999938436926715	main
ARREST_raw	IDISA	490	16100	E	0.9999944269853486	main
ARREST_raw	IDISA	490	16200	E	0.9999949557201482	main
ARREST_raw	IDISA	490	16300	E	0.9999954349266923	main
ARREST_raw	IDISA	490	16400	E	0.9999958691785122	main
ARREST_raw	IDISA	490	16500	E	0.9999962626336267	main
ARREST_raw	IDISA	490	16600	E	0.9999966190715909	main
ARREST_raw	IDISA	490	16700	E	0.9999969419273126	main
ARREST_raw	IDISA	490	16800	E	0.9999972343219131	main
ARREST_raw	IDISA	490	16900	E	0.9999974990908816	main
ARREST_raw	IDISA	490	17000	E	0.9999977388097568	main
ARREST_raw	IDISA	490	17100	E	0.9999979558175456	main
ARREST_raw	IDISA	490	17200	E	0.9999981522380756	main
ARREST_raw	IDISA	490	17300	E	0.9999983299994574	main
ARREST_raw	IDISA	490	17400	E	0.9999984908518211	main
ARREST_raw	IDISA	490	17500	E	0.9999986363834763	main
ARREST_raw	IDISA	490	17600	E	0.9999987680356329	main
ARREST_raw	IDISA	490	17700	E	0.999998887115807	main
ARREST_raw	IDISA	490	17800	E	0.9999989948100282	main
ARREST_raw	IDISA	490	17900	E	0.9999990921939519	main
ARREST_raw	IDISA	490	18000	E	0.9999991802429739	main
ARREST_raw	IDISA	490	18100	E	0.9999992598414336	main
ARREST_raw	IDISA	490	18200	E	0.9999993317909879	main
ARREST_raw	IDISA	490	18300	E	0.9999993968182271	main
ARREST_raw	IDISA	490	18400	E	0.9999994555816027	main
ARREST_raw	IDISA	490	18500	E	0.9999995086777245	main
ARREST_raw	IDISA	490	18600	E	0.9999995566470867	main
ARREST_raw	IDISA	490	18700	E	0.9999995999792723	main
ARREST_raw	IDISA	490	18800	E	0.9999996391176816	main
ARREST_raw	IDISA	490	18900	E	0.9999996744638294	main
ARREST_raw	IDISA	490	19000	E	0.999999706381248	main
ARREST_raw	IDISA	490	19100	E	0.9999997351990323	main
ARREST_raw	IDISA	490	19200	E	0.999999761215059	main
ARREST_raw	IDISA	490	19300	E	0.9999997846989094	main
ARREST_raw	IDISA	490	19400	E	0.9999998058945224	main
ARREST_raw	IDISA	490	19500	E	0.9999998250226025	main
ARREST_raw	IDISA	490	19600	E	0.9999998422828054	main
ARREST_raw	IDISA	490	19700	E	0.9999998578557193	main
ARREST_raw	IDISA	490	19800	E	0.9999998719046648	main
ARREST_raw	IDISA	490	19900	E	0.999999884577325	main
ARREST_raw	IDISA	490	20000	E	0.999999896007225	main
ARREST_raw	SABG-PCS	755	100	E	0.023084105063474025	main
ARREST_raw	SABG-PCS	755	200	E	0.038330435299714916	main
ARREST_raw	SABG-PCS	755	300	E	0.055566459574821314	main
ARREST_raw	SABG-PCS	755	400	E	0.07461007144196363	main
ARREST_raw	SABG-PCS	755	500	E	0.09527354661110476	main
ARREST_raw	SABG-PCS	755	600	E	0.1173669645715073	main
ARREST_raw	SABG-PCS	755	700	E	0.14070113065548429	main
ARREST_raw	SABG-PCS	755	800	E	0.16509003677560685	main
ARREST_raw	SABG-PCS	755	900	E	0.19035289993041948	main
ARREST_raw	SABG-PCS	755	1000	E	0.216315817563554	main
ARREST_raw	SABG-PCS	755	1100	E	0.24281307815795017	main
ARREST_raw	SABG-PCS	755	1200	E	0.2696881642054362	main
ARREST_raw	SABG-PCS	755	1300	E	0.296794483044172	main
ARREST_raw	SABG-PCS	755	1400	E	0.32399585911421735	main
ARREST_raw	SABG-PCS	755	1500	E	0.3511668190384595	main
ARREST_raw	SABG-PCS	755	1600	E	0.37819269867025607	main
ARREST_raw	SABG-PCS	755	1700	E	0.40496959892433915	main
ARREST_raw	SABG-PCS	755	1800	E	0.43140421487567093	main
ARREST_raw	SABG-PCS	755	1900	E	0.4574135603133024	main
ARREST_raw	SABG-PCS	755	2000	E	0.4829246077052418	main
ARREST_raw	SABG-PCS	755	2100	E	0.5078738613903767	main
ARREST_raw	SABG-PCS	755	2200	E	0.5322068797827025	main
ARREST_raw	SABG-PCS	755	2300	E	0.5558777604639846	main
ARREST_raw	SABG-PCS	755	2400	E	0.5788486002614828	main
ARREST_raw	SABG-PCS	755	2500	E	0.6010889407616536	main
ARREST_raw	SABG-PCS	755	2600	E	0.6225752081999316	main
ARREST_raw	SABG-PCS	755	2700	E	0.6432901552893999	main
ARREST_raw	SABG-PCS	755	2800	E	0.6632223113041145	main
ARREST_raw	SABG-PCS	755	2900	E	0.6823654456112236	main
ARREST_raw	SABG-PCS	755	3000	E	0.7007180488439873	main
ARREST_raw	SABG-PCS	755	3100	E	0.7182828350186172	main
ARREST_raw	SABG-PCS	755	3200	E	0.7350662671143666	main
ARREST_raw	SABG-PCS	755	3300	E	0.7510781079510146	main
ARREST_raw	SABG-PCS	755	3400	E	0.766330997603185	main
ARREST_raw	SABG-PCS	755	3500	E	0.7808400580792709	main
ARREST_raw	SABG-PCS	755	3600	E	0.7946225255566738	main
ARREST_raw	SABG-PCS	755	3700	E	0.8076974100974186	main
ARREST_raw	SABG-PCS	755	3800	E	0.8200851824621223	main
ARREST_raw	SABG-PCS	755	3900	E	0.8318074873892156	main
ARREST_raw	SABG-PCS	755	4000	E	0.8428868825041558	main
ARREST_raw	SABG-PCS	755	4100	E	0.8533466018643527	main
ARREST_raw	SABG-PCS	755	4200	E	0.8632103430244039	main
ARREST_raw	SABG-PCS	755	4300	E	0.872502076418064	main
ARREST_raw	SABG-PCS	755	4400	E	0.88124587579373	main
ARREST_raw	SABG-PCS	755	4500	E	0.8894657684050056	main
ARREST_raw	SABG-PCS	755	4600	E	0.897185603643457	main
ARREST_raw	SABG-PCS	755	4700	E	0.9044289388036668	main
ARREST_raw	SABG-PCS	755	4800	E	0.9112189406881678	main
ARREST_raw	SABG-PCS	755	4900	E	0.9175783017891704	main
ARREST_raw	SABG-PCS	755	5000	E	0.9235291698228438	main
ARREST_raw	SABG-PCS	755	5100	E	0.9290930894382254	main
ARREST_raw	SABG-PCS	755	5200	E	0.9342909549748342	main
ARREST_raw	SABG-PCS	755	5300	E	0.9391429731991857	main
ARREST_raw	SABG-PCS	755	5400	E	0.9436686350093192	main
ARREST_raw	SABG-PCS	755	5500	E	0.9478866951570042	main
ARREST_raw	SABG-PCS	755	5600	E	0.9518151590985302	main
ARREST_raw	SABG-PCS	755	5700	E	0.9554712761460886	main
ARREST_raw	SABG-PCS	755	5800	E	0.9588715381520482	main
ARREST_raw	SABG-PCS	755	5900	E	0.9620316830173725	main
ARREST_raw	SABG-PCS	755	6000	E	0.9649667023725836	main
ARREST_raw	SABG-PCS	755	6100	E	0.9676908528346895	main
ARREST_raw	SABG-PCS	755	6200	E	0.9702176702961226	main
ARREST_raw	SABG-PCS	755	6300	E	0.9725599867517736	main
ARREST_raw	SABG-PCS	755	6400	E	0.974729949217533	main
ARREST_raw	SABG-PCS	755	6500	E	0.976739040338307	main
ARREST_raw	SABG-PCS	755	6600	E	0.9785981003251945	main
ARREST_raw	SABG-PCS	755	6700	E	0.9803173499004446	main
ARREST_raw	SABG-PCS	755	6800	E	0.981906413964966	main
ARREST_raw	SABG-PCS	755	6900	E	0.9833743457366049	main
ARREST_raw	SABG-PCS	755	7000	E	0.9847296511382327	main
ARREST_raw	SABG-PCS	755	7100	E	0.9859803132429826	main
ARREST_raw	SABG-PCS	755	7200	E	0.9871338166098452	main
ARREST_raw	SABG-PCS	755	7300	E	0.9881971713664198	main
ARREST_raw	SABG-PCS	755	7400	E	0.9891769369170161	main
ARREST_raw	SABG-PCS	755	7500	E	0.9900792451736539	main
ARREST_raw	SABG-PCS	755	7600	E	0.9909098232249416	main
ARREST_raw	SABG-PCS	755	7700	E	0.9916740153734537	main
ARREST_raw	SABG-PCS	755	7800	E	0.9923768044861931	main
ARREST_raw	SABG-PCS	755	7900	E	0.9930228326151523	main
ARREST_raw	SABG-PCS	755	8000	E	0.9936164208559863	main
ARREST_raw	SABG-PCS	755	8100	E	0.9941615884224955	main
ARREST_raw	SABG-PCS	755	8200	E	0.9946620709231037	main
ARREST_raw	SABG-PCS	755	8300	E	0.9951213378329037	main
ARREST_raw	SABG-PCS	755	8400	E	0.9955426091612319	main
ARREST_raw	SABG-PCS	755	8500	E	0.9959288713202178	main
ARREST_raw	SABG-PCS	755	8600	E	0.996282892204416	main
ARREST_raw	SABG-PCS	755	8700	E	0.9966072354955592	main
ARREST_raw	SABG-PCS	755	8800	E	0.9969042742097317	main
ARREST_raw	SABG-PCS	755	8900	E	0.9971762035069439	main
ARREST_raw	SABG-PCS	755	9000	E	0.9974250527852273	main
ARREST_raw	SABG-PCS	755	9100	E	0.9976526970830606	main
ARREST_raw	SABG-PCS	755	9200	E	0.9978608678152003	main
ARREST_raw	SABG-PCS	755	9300	E	0.9980511628679004	main
ARREST_raw	SABG-PCS	755	9400	E	0.998225056080096	main
ARREST_raw	SABG-PCS	755	9500	E	0.9983839061374474	main
ARREST_raw	SABG-PCS	755	9600	E	0.9985289649062155	main
ARREST_raw	SABG-PCS	755	9700	E	0.998661385233826	main
ARREST_raw	SABG-PCS	755	9800	E	0.9987822282426785	main
ARREST_raw	SABG-PCS	755	9900	E	0.9988924701433235	main
ARREST_raw	SABG-PCS	755	10000	E	0.9989930085925683	main
ARREST_raw	SABG-PCS	755	10100	E	0.9990846686214171	main
ARREST_raw	SABG-PCS	755	10200	E	0.9991682081570151	main
ARREST_raw	SABG-PCS	755	10300	E	0.9992443231619661	main
ARREST_raw	SABG-PCS	755	10400	E	0.9993136524135495	main
ARREST_raw	SABG-PCS	755	10500	E	0.999376781944486	main
ARREST_raw	SABG-PCS	755	10600	E	0.9994342491659941	main
ARREST_raw	SABG-PCS	755	10700	E	0.9994865466929742	main
ARREST_raw	SABG-PCS	755	10800	E	0.999534125890233	main
ARREST_raw	SABG-PCS	755	10900	E	0.9995774001577518	main
ARREST_raw	SABG-PCS	755	11000	E	0.9996167479720947	main
ARREST_raw	SABG-PCS	755	11100	E	0.9996525157001669	main
ARREST_raw	SABG-PCS	755	11200	E	0.99968502020066	main
ARREST_raw	SABG-PCS	755	11300	E	0.9997145512276739	main
ARREST_raw	SABG-PCS	755	11400	E	0.9997413736501857	main
ARREST_raw	SABG-PCS	755	11500	E	0.9997657295002347	main
ARREST_raw	SABG-PCS	755	11600	E	0.9997878398619348	main
ARREST_raw	SABG-PCS	755	11700	E	0.9998079066126819	main
ARREST_raw	SABG-PCS	755	11800	E	0.9998261140272264	main
ARREST_raw	SABG-PCS	755	11900	E	0.9998426302546033	main
ARREST_raw	SABG-PCS	755	12000	E	0.999857608677272	main
ARREST_raw	SABG-PCS	755	12100	E	0.999871189161212	main
ARREST_raw	SABG-PCS	755	12200	E	0.9998834992051332	main
ARREST_raw	SABG-PCS	755	12300	E	0.9998946549964213	main
ARREST_raw	SABG-PCS	755	12400	E	0.9999047623809121	main
ARREST_raw	SABG-PCS	755	12500	E	0.9999139177531045	main
ARREST_raw	SABG-PCS	755	12600	E	0.9999222088729571	main
ARREST_raw	SABG-PCS	755	12700	E	0.9999297156149831	main
ARREST_raw	SABG-PCS	755	12800	E	0.9999365106549452	main
ARREST_raw	SABG-PCS	755	12900	E	0.9999426600990761	main
ARREST_raw	SABG-PCS	755	13000	E	0.9999482240603846	main
ARREST_raw	SABG-PCS	755	13100	E	0.9999532571862768	main
ARREST_raw	SABG-PCS	755	13200	E	0.999957809141405	main
ARREST_raw	SABG-PCS	755	13300	E	0.9999619250493648	main
ARREST_raw	SABG-PCS	755	13400	E	0.9999656458965877	main
ARREST_raw	SABG-PCS	755	13500	E	0.9999690089015193	main
ARREST_raw	SABG-PCS	755	13600	E	0.9999720478519398	main
ARREST_raw	SABG-PCS	755	13700	E	0.9999747934130577	main
ARREST_raw	SABG-PCS	755	13800	E	0.9999772734088069	main
ARREST_raw	SABG-PCS	755	13900	E	0.9999795130785835	main
ARREST_raw	SABG-PCS	755	14000	E	0.9999815353114835	main
ARREST_raw	SABG-PCS	755	14100	E	0.999983360859939	main
ARREST_raw	SABG-PCS	755	14200	E	0.9999850085344958	main
ARREST_raw	SABG-PCS	755	14300	E	0.9999864953813383	main
ARREST_raw	SABG-PCS	755	14400	E	0.9999878368440361	main
ARREST_raw	SABG-PCS	755	14500	E	0.9999890469108655	main
ARREST_raw	SABG-PCS	755	14600	E	0.9999901382489492	main
ARREST_raw	SABG-PCS	755	14700	E	0.9999911223263551	main
ARREST_raw	SABG-PCS	755	14800	E	0.9999920095232007	main
ARREST_raw	SABG-PCS	755	14900	E	0.9999928092327209	main
ARREST_raw	SABG-PCS	755	15000	E	0.9999935299531787	main
ARREST_raw	SABG-PCS	755	15100	E	0.9999941793714235	main
ARREST_raw	SABG-PCS	755	15200	E	0.9999947644388336	main
ARREST_raw	SABG-PCS	755	15300	E	0.999995291440316	main
ARREST_raw	SABG-PCS	755	15400	E	0.9999957660569825	main
ARREST_raw	SABG-PCS	755	15500	E	0.9999961934230637	main
ARREST_raw	SABG-PCS	755	15600	E	0.9999965781775769	main
ARREST_raw	SABG-PCS	755	15700	E	0.9999969245112185	main
ARREST_raw	SABG-PCS	755	15800	E	0.9999972362089111	main
ARREST_raw	SABG-PCS	755	15900	E	0.9999975166883982	main
ARREST_raw	SABG-PCS	755	16000	E	0.9999977690352422	main
ARREST_raw	SABG-PCS	755	16100	E	0.9999979960345559	main
ARREST_raw	SABG-PCS	755	16200	E	0.9999982001997623	main
ARREST_raw	SABG-PCS	755	16300	E	0.9999983837986558	main
ARREST_raw	SABG-PCS	755	16400	E	0.9999985488770122	main
ARREST_raw	SABG-PCS	755	16500	E	0.9999986972799717	main
ARREST_raw	SABG-PCS	755	16600	E	0.9999988306714018	main
ARREST_raw	SABG-PCS	755	16700	E	0.9999989505514252	main
ARREST_raw	SABG-PCS	755	16800	E	0.9999990582722839	main
ARREST_raw	SABG-PCS	755	16900	E	0.9999991550526941	main
ARREST_raw	SABG-PCS	755	17000	E	0.9999992419908319	main
ARREST_raw	SABG-PCS	755	17100	E	0.9999993200760773	main
ARREST_raw	SABG-PCS	755	17200	E	0.9999993901996347	main
ARREST_raw	SABG-PCS	755	17300	E	0.9999994531641333	main
ARREST_raw	SABG-PCS	755	17400	E	0.9999995096923044	main
ARREST_raw	SABG-PCS	755	17500	E	0.9999995604348226	main
ARREST_raw	SABG-PCS	755	17600	E	0.9999996059773897	main
ARREST_raw	SABG-PCS	755	17700	E	0.999999646847133	main
ARREST_raw	SABG-PCS	755	17800	E	0.9999996835183841	main
ARREST_raw	SABG-PCS	755	17900	E	0.9999997164178954	main
ARREST_raw	SABG-PCS	755	18000	E	0.9999997459295499	main
ARREST_raw	SABG-PCS	755	18100	E	0.9999997723986109	main
ARREST_raw	SABG-PCS	755	18200	E	0.9999997961355576	main
ARREST_raw	SABG-PCS	755	18300	E	0.9999998174195442	main
ARREST_raw	SABG-PCS	755	18400	E	0.9999998365015214	main
ARREST_raw	SABG-PCS	755	18500	E	0.9999998536070491	main
ARREST_raw	SABG-PCS	755	18600	E	0.9999998689388355	main
ARREST_raw	SABG-PCS	755	18700	E	0.9999998826790225	main
ARREST_raw	SABG-PCS	755	18800	E	0.9999998949912485	main
ARREST_raw	SABG-PCS	755	18900	E	0.999999906022505	main
ARREST_raw	SABG-PCS	755	19000	E	0.999999915904811	main
ARREST_raw	SABG-PCS	755	19100	E	0.9999999247567196	main
ARREST_raw	SABG-PCS	755	19200	E	0.9999999326846767	main
ARREST_raw	SABG-PCS	755	19300	E	0.9999999397842426	main
ARREST_raw	SABG-PCS	755	19400	E	0.9999999461411934	main
ARREST_raw	SABG-PCS	755	19500	E	0.9999999518325114	main
ARREST_raw	SABG-PCS	755	19600	E	0.9999999569272768	main
ARREST_raw	SABG-PCS	755	19700	E	0.9999999614874703	main
ARREST_raw	SABG-PCS	755	19800	E	0.9999999655686945	main
ARREST_raw	SABG-PCS	755	19900	E	0.9999999692208237	main
ARREST_raw	SABG-PCS	755	20000	E	0.9999999724885875	main
